Row_Number,keyword,poi_name,Twitter_username,Twitter_url,source_folder,Twitter_status,Wikipedia_Link
1,Iran actor,Michael Shahrestani,2015,https://x.com/2015,iranian_actors,suspended,https://en.wikipedia.org/wiki/Michael_Shahrestani
2,Iran actor,Arian Moayed,2023,https://x.com/2023,iranian_actors,suspended,https://en.wikipedia.org/wiki/Arian_Moayed
3,Iran actor,Sahel Rosa,21Sahel,https://x.com/21Sahel,iranian_actors,active,https://en.wikipedia.org/wiki/Sahel_Rosa
4,Iran candidate,25Band,25BandMusic,https://x.com/25BandMusic,Candidates,active,https://en.wikipedia.org/wiki/25band
5,Iran candidate,Mohammad Mosaed,2mohammadmosaed,https://x.com/2mohammadmosaed,iranian_journalists,active,https://en.wikipedia.org/wiki/Mohammad_Mosaed
6,Iran actor,Omid Abtahi,AbtahiOmid,https://x.com/AbtahiOmid,iranian_actors,active,https://en.wikipedia.org/wiki/Omid_Abtahi
7,Iran actor,Mahnaz Afshar,AfsharMahnaz,https://x.com/AfsharMahnaz,iranian_actors,active,https://en.wikipedia.org/wiki/Mahnaz_Afshar
8,Iran candidate,Afshin Molavi,AfshinMolavi,https://x.com/AfshinMolavi,iranian_journalists,active,https://en.wikipedia.org/wiki/Afshin_Molavi
9,Iran candidate,Mahmoud Ahmadinejad,Ahmadinejad1956,https://x.com/Ahmadinejad1956,iranian_politicians,active,https://en.wikipedia.org/wiki/Mahmoud_Ahmadinejad
10,Iran candidate,Ali Azimi,AliAzimiMusic,https://x.com/AliAzimiMusic,Candidates,active,https://en.wikipedia.org/wiki/Ali_Azimi
11,Iran candidate,Yerlan Alimbayev,AlimbayevYerlan,https://x.com/AlimbayevYerlan,Candidates,active,https://en.wikipedia.org/wiki/Yerlan_Alimbayev
12,Iran candidate,Alireza Talischi,Alirezatalischi,https://x.com/Alirezatalischi,iranian_singers,active,https://en.wikipedia.org/wiki/Alireza_Talischi
13,Iran candidate,Amir Taheri,AmirTaheri4,https://x.com/AmirTaheri4,iranian_journalists,active,https://en.wikipedia.org/wiki/Amir_Taheri
14,Iran candidate,Anousheh Ansari,AnoushehAnsari,https://x.com/AnoushehAnsari,Candidates,active,https://en.wikipedia.org/wiki/Anousheh_Ansari
15,Iran candidate,Arash Markazi,ArashMarkazi,https://x.com/ArashMarkazi,iranian_journalists,active,https://en.wikipedia.org/wiki/Arash_Markazi
16,Iran actor,Bahman Ghobadi,ArminGhobadi,https://x.com/ArminGhobadi,iranian_actors,active,https://en.wikipedia.org/wiki/Bahman_Ghobadi
17,Iran candidate,Fadaei,AshkanFadaei,https://x.com/AshkanFadaei,iranian_singers,active,https://en.wikipedia.org/wiki/Fadaei
18,Iran candidate,Azadeh Ensha,AzadehEnsha,https://x.com/AzadehEnsha,iranian_journalists,active,https://en.wikipedia.org/wiki/Azadeh_Ensha
19,Iran candidate,Kasra Naji,BBCKasraNaji,https://x.com/BBCKasraNaji,iranian_journalists,active,https://en.wikipedia.org/wiki/Kasra_Naji
20,Iran writer,Jafar Panahi,BLOGS,https://x.com/BLOGS,iranian_writers,active,https://en.wikipedia.org/wiki/Jafar_Panahi
21,Iran candidate,Bahram Radan,BahramRadan,https://x.com/BahramRadan,Candidates,active,https://en.wikipedia.org/wiki/Bahram_Radan
22,Iran candidate,Abolhassan Banisadr,Banisadr,https://x.com/Banisadr,iranian_journalists,active,https://en.wikipedia.org/wiki/Abolhassan_Banisadr
23,Iran candidate,Behrouz Boochani,BehrouzBoochani,https://x.com/BehrouzBoochani,iranian_journalists,active,https://en.wikipedia.org/wiki/Behrouz_Boochani
24,Iran actor,Bita Elahian,BitaAlahyan,https://x.com/BitaAlahyan,iranian_actors,active,https://en.wikipedia.org/wiki/Bita_Elahian
25,Iran candidate,Chahla Chafiq,ChahlaCHAFIQ,https://x.com/ChahlaCHAFIQ,iranian_writers,active,https://en.wikipedia.org/wiki/Chahla_Chafiq
26,Iran candidate,Dina Nayeri,DinaNayeri,https://x.com/DinaNayeri,Candidates,active,https://en.wikipedia.org/wiki/Dina_Nayeri
27,Iran candidate,Eddie Razaz,EddieRazaz,https://x.com/EddieRazaz,iranian_singers,active,https://en.wikipedia.org/wiki/Eddie_Razaz
28,Iran writer,Farnoosh Torabi,FARNOOSH,https://x.com/FARNOOSH,iranian_writers,active,https://en.wikipedia.org/wiki/Farnoosh_Torabi
29,Iran candidate,faranak miraftab,FMiraftab,https://x.com/FMiraftab,Candidates,active,https://en.wikipedia.org/wiki/Faranak_Miraftab
30,Iran candidate,Farzad Farzin,FarzadFarzin2,https://x.com/FarzadFarzin2,Candidates,active,https://en.wikipedia.org/wiki/Farzad_Farzin
31,Iran actor,Freema Agyeman,FreemaOfficial,https://x.com/FreemaOfficial,iranian_actors,active,https://en.wikipedia.org/wiki/Freema_Agyeman
32,Iran candidate,Golineh Atai,GolinehAtai,https://x.com/GolinehAtai,iranian_journalists,active,https://en.wikipedia.org/wiki/Golineh_Atai
33,Iran actor,Golshifteh Farahani,Golshifteh,https://x.com/Golshifteh,iranian_actors,active,https://en.wikipedia.org/wiki/Golshifteh_Farahani
34,Iran candidate,Shervin Hajipour,HajipourShervin,https://x.com/HajipourShervin,Candidates,active,https://en.wikipedia.org/wiki/Shervin_Hajipour
35,Iran candidate,Hamid Dabashi,HamidDabashi,https://x.com/HamidDabashi,Candidates,active,https://en.wikipedia.org/wiki/Hamid_Dabashi
36,Iran candidate,Hassan Rouhani,HassanRouhani,https://x.com/HassanRouhani,iranian_politicians,active,https://en.wikipedia.org/wiki/Hassan_Rouhani
37,Iran candidate,Helly Luv,HellyLuv,https://x.com/HellyLuv,Candidates,active,https://en.wikipedia.org/wiki/Helly_Luv
38,Iran candidate,Hichkas,HichkasOfficial,https://x.com/HichkasOfficial,iranian_singers,active,https://en.wikipedia.org/wiki/Hichkas
39,Iran candidate,Hossein Rajabian,HosseinRajabian,https://x.com/HosseinRajabian,Candidates,active,https://en.wikipedia.org/wiki/Hossein_Rajabian
40,Iran candidate,Hurie Moghadam,HurieMoghadam,https://x.com/HurieMoghadam,Candidates,active,https://en.wikipedia.org/wiki/Hurie_Moghadam
41,Iran actor,Tehran Von Ghasri,IAmTehran,https://x.com/IAmTehran,iranian_actors,active,https://en.wikipedia.org/wiki/Tehran_Von_Ghasri
42,Iran actor,Shohreh (singer),IndypersianLife,https://x.com/IndypersianLife,iranian_actors,active,https://en.wikipedia.org/wiki/Shohreh_%28singer%29
43,Iran ayatollah,Abbas Ka'bi,IranIntl_En,https://x.com/IranIntl_En,iranian_ayatollahs,active,https://en.wikipedia.org/wiki/Abbas_Ka%27bi
44,Iran writer,Ahmad ibn Muhammad Sajawandi,Islam,https://x.com/Islam,iranian_writers,active,https://en.wikipedia.org/wiki/Ahmad_ibn_Muhammad_Sajawandi
45,Iran candidate,Jamshid Barzegar,JamshidBarzegar,https://x.com/JamshidBarzegar,iranian_journalists,active,https://en.wikipedia.org/wiki/Jamshid_Barzegar
46,Iran candidate,Kameel Ahmady ⁄©ÿßŸÖ€åŸÑ ÿßÿ≠ŸÖÿØ€å,KameelAhmady,https://x.com/KameelAhmady,Candidates,active,https://en.wikipedia.org/wiki/Kameel_Ahmady
47,Iran candidate,Kavus Torabi,Knifeworld,https://x.com/Knifeworld,Candidates,active,https://en.wikipedia.org/wiki/Kavus_Torabi
48,Iran candidate,Mahdyar,MahdyarAghajani,https://x.com/MahdyarAghajani,iranian_writers,active,https://en.wikipedia.org/wiki/Mahdyar_Aghajani
49,Iran candidate,Mohammad Manzarpour,Manzarpour,https://x.com/Manzarpour,iranian_journalists,active,https://en.wikipedia.org/wiki/Mohammad_Manzarpour
50,Iran candidate,Marjan Farsad,MarjanFarsad,https://x.com/MarjanFarsad,Candidates,active,https://en.wikipedia.org/wiki/Marjan_Farsad
51,Iran candidate,Maryam Zakaria,MaryamZakaria,https://x.com/MaryamZakaria,Candidates,active,https://en.wikipedia.org/wiki/Maryam_Zakaria
52,Iran candidate,Masoud Taheri,MasoudTaheri4,https://x.com/MasoudTaheri4,Candidates,active,https://en.wikipedia.org/wiki/Masoud_Taheri
53,Iran candidate,Mehdi Rajabian,Mehdi_Rajabian,https://x.com/Mehdi_Rajabian,iranian_writers,active,https://en.wikipedia.org/wiki/Mehdi_Rajabian
54,Iran writer,Mehran Khaghani,MehranX,https://x.com/MehranX,iranian_writers,active,https://en.wikipedia.org/wiki/Mehran_Khaghani
55,Iran candidate,Mehrdad Asemani,Mehrdad_Asemani,https://x.com/Mehrdad_Asemani,iranian_singers,active,https://en.wikipedia.org/wiki/Mehrdad_Asemani
56,Iran candidate,Manouchehr Mottaki,MnMottaki,https://x.com/MnMottaki,iranian_politicians,active,https://en.wikipedia.org/wiki/Manouchehr_Mottaki
57,Iran candidate,Moe Bar-El,MoeBarEl1,https://x.com/MoeBarEl1,Candidates,active,https://en.wikipedia.org/wiki/Moe_Bar-El
58,Iran actor,Kheiron,MrKheiron,https://x.com/MrKheiron,iranian_actors,active,https://en.wikipedia.org/wiki/Kheiron
59,Iran candidate,Nahid Khodakarami,N_Khodakarami,https://x.com/N_Khodakarami,iranian_politicians,active,https://en.wikipedia.org/wiki/Nahid_Khodakarami
60,Iran actor,Navid Negahban,NavidNegahban,https://x.com/NavidNegahban,iranian_actors,active,https://en.wikipedia.org/wiki/Navid_Negahban
61,Iran actor,Nazanin Nour,NazaninNour,https://x.com/NazaninNour,iranian_actors,active,https://en.wikipedia.org/wiki/Nazanin_Nour
62,Iran actor,Nazli Tabatabai-Khatambakhsh,Nazli_Tabatabai,https://x.com/Nazli_Tabatabai,iranian_actors,active,https://en.wikipedia.org/wiki/Nazli_Tabatabai-Khatambakhsh
63,Iran candidate,Nouriel Roubini,Nouriel,https://x.com/Nouriel,iranian_economists,active,https://en.wikipedia.org/wiki/Nouriel_Roubini
64,Iran actor,Arad Winwin,OAradwinwin,https://x.com/OAradwinwin,iranian_actors,active,https://en.wikipedia.org/wiki/Arad_Winwin
65,Iran candidate,Ali Pahlavan,PahlavanAli,https://x.com/PahlavanAli,iranian_singers,active,https://en.wikipedia.org/wiki/Ali_Pahlavan
66,Iran candidate,Pardis Sabeti,PardisSabeti,https://x.com/PardisSabeti,iranian_physicians,active,https://en.wikipedia.org/wiki/Pardis_Sabeti
67,Iran writer,Persis Karim,PersisMK,https://x.com/PersisMK,iranian_writers,active,https://en.wikipedia.org/wiki/Persis_Karim
68,Iran actor,Pouria Poursorkh,PouriaPoursorkh,https://x.com/PouriaPoursorkh,iranian_actors,active,https://en.wikipedia.org/wiki/Pouria_Poursorkh
69,Iran candidate,Ramin Jahanbegloo,RJahanbegloo,https://x.com/RJahanbegloo,iranian_writers,active,https://en.wikipedia.org/wiki/Ramin_Jahanbegloo
70,Iran writer,Mahnaz Shirali,RTSinfrarouge,https://x.com/RTSinfrarouge,iranian_writers,active,https://en.wikipedia.org/wiki/Mahnaz_Shirali
71,Iran writer,Ramita Navai,RamitaNavai,https://x.com/RamitaNavai,iranian_writers,active,https://en.wikipedia.org/wiki/Ramita_Navai
72,Iran candidate,Reza Dormishian,RezaDormishian,https://x.com/RezaDormishian,iranian_writers,active,https://en.wikipedia.org/wiki/Reza_Dormishian
73,Iran candidate,Reza Sadeghi,Rezasadeghireal,https://x.com/Rezasadeghireal,Candidates,active,https://en.wikipedia.org/wiki/Reza_Sadeghi
74,Iran candidate,Roya Hakakian,RoyaTheWriter,https://x.com/RoyaTheWriter,iranian_journalists,active,https://en.wikipedia.org/wiki/Roya_Hakakian
75,Iran actor,Shohreh Aghdashloo,SAghdashloo,https://x.com/SAghdashloo,iranian_actors,active,https://en.wikipedia.org/wiki/Shohreh_Aghdashloo
76,Iran candidate,SEVDALIZA,SEVDALIZA,https://x.com/SEVDALIZA,Candidates,active,https://en.wikipedia.org/wiki/Sevdaliza
77,Iran actor,Sahar Valadbeigi,SaharValadbeygi,https://x.com/SaharValadbeygi,iranian_actors,active,https://en.wikipedia.org/wiki/Sahar_Valadbeigi
78,Iran candidate,Sahar Zand,SaharZand,https://x.com/SaharZand,iranian_journalists,active,https://en.wikipedia.org/wiki/Sahar_Zand
79,Iran candidate,Sami Beigi,SamiBeigi,https://x.com/SamiBeigi,iranian_singers,active,https://en.wikipedia.org/wiki/Sami_Beigi
80,Iran candidate,Sami Yusuf,SamiYusuf,https://x.com/SamiYusuf,iranian_activists,active,https://en.wikipedia.org/wiki/Sami_Yusuf
81,Iran ayatollah,Hossein Wahid Khorasani,SayedModarresi,https://x.com/SayedModarresi,iranian_ayatollahs,active,https://en.wikipedia.org/wiki/Hossein_Wahid_Khorasani
82,Iran actor,Sepideh Moafi,SepidehMoafi,https://x.com/SepidehMoafi,iranian_actors,active,https://en.wikipedia.org/wiki/Sepideh_Moafi
83,Iran writer,Mohammad Marandi,SharghDaily,https://x.com/SharghDaily,iranian_writers,active,https://en.wikipedia.org/wiki/Mohammad_Marandi
84,Iran actor,Shaun Toub,ShaunToub,https://x.com/ShaunToub,iranian_actors,active,https://en.wikipedia.org/wiki/Shaun_Toub
85,Iran candidate,Lila Azam Zanganeh,ShazamAzam,https://x.com/ShazamAzam,iranian_writers,active,https://en.wikipedia.org/wiki/Lila_Azam_Zanganeh
86,Iran candidate,Shiva Boloorian,ShivaBoloorian,https://x.com/ShivaBoloorian,Candidates,active,https://en.wikipedia.org/wiki/Shiva_Boloorian
87,Iran candidate,Siavash Shams,Siavashshams,https://x.com/Siavashshams,Candidates,active,https://en.wikipedia.org/wiki/Siavash_Shams
88,Iran candidate,Sohrab Ahmari,SohrabAhmari,https://x.com/SohrabAhmari,iranian_journalists,active,https://en.wikipedia.org/wiki/Sohrab_Ahmari
89,Iran candidate,Taha Yasseri,TahaYasseri,https://x.com/TahaYasseri,Candidates,active,https://en.wikipedia.org/wiki/Taha_Yasseri
90,Iran candidate,Tooji,Tooji_,https://x.com/Tooji_,iranian_singers,active,https://en.wikipedia.org/wiki/Tooji
91,Iran candidate,Vahid Online,Vahid,https://x.com/Vahid,Candidates,active,https://en.wikipedia.org/wiki/Vahid_Online
92,Iran actor,Googoosh,WORLDMUSICAWARD,https://x.com/WORLDMUSICAWARD,iranian_actors,active,https://en.wikipedia.org/wiki/Googoosh
93,Iran actor,Marco Khan,Walklikeakhan,https://x.com/Walklikeakhan,iranian_actors,active,https://en.wikipedia.org/wiki/Marco_Khan
94,Iran actor,Yara Shahidi,YaraShahidi,https://x.com/YaraShahidi,iranian_actors,active,https://en.wikipedia.org/wiki/Yara_Shahidi
95,Iran candidate,Ziba Shirazi,ZanZibaShirazi,https://x.com/ZanZibaShirazi,Candidates,active,https://en.wikipedia.org/wiki/Ziba_Shirazi
96,Iran candidate,Zar Amir Ebrahimi,Zar_Amir,https://x.com/Zar_Amir,Candidates,active,https://en.wikipedia.org/wiki/Zar_Amir_Ebrahimi
97,Iran actor,Elnaaz Norouzi,_iamnaaz_,https://x.com/_iamnaaz_,iranian_actors,active,https://en.wikipedia.org/wiki/Elnaaz_Norouzi
98,Iran ayatollah,Abdollah Javadi Amoli,ajavadiamoli,https://x.com/ajavadiamoli,iranian_ayatollahs,active,https://en.wikipedia.org/wiki/Abdollah_Javadi_Amoli
99,Iran candidate,ali karimi,alikarimi_ak8,https://x.com/alikarimi_ak8,Candidates,active,https://en.wikipedia.org/wiki/Ali_Karimi
100,Iran ayatollah,Ali Motahari,alimotahari_ir,https://x.com/alimotahari_ir,iranian_ayatollahs,active,https://en.wikipedia.org/wiki/Ali_Motahari
101,Iran actor,Amir Jadidi,amir_jadidi,https://x.com/amir_jadidi,iranian_actors,active,https://en.wikipedia.org/wiki/Amir_Jadidi
102,Iran actor,Osamah Sami,apps,https://x.com/apps,iranian_actors,active,https://en.wikipedia.org/wiki/Osamah_Sami
103,Iran candidate,Ardeshir Pashang,ardeshirpashang,https://x.com/ardeshirpashang,iranian_politicians,active,https://en.wikipedia.org/wiki/Ardeshir_Pashang
104,Iran actor,Ayden Mayeri,aydenmayeri,https://x.com/aydenmayeri,iranian_actors,active,https://en.wikipedia.org/wiki/Ayden_Mayeri
105,Iran candidate,Azar Nafisi,azarnafisi,https://x.com/azarnafisi,iranian_journalists,active,https://en.wikipedia.org/wiki/Azar_Nafisi
106,Iran candidate,Babak Hodjat,babakatwork,https://x.com/babakatwork,iranian_scientists,active,https://en.wikipedia.org/wiki/Babak_Hodjat
107,Iran scientist,Babak Amin Tafreshi,babaktafreshi,https://x.com/babaktafreshi,iranian_scientists,active,https://en.wikipedia.org/wiki/Babak_Amin_Tafreshi
108,Iran candidate,Behdad Esfahbod,behdadesfahbod,https://x.com/behdadesfahbod,Candidates,active,https://en.wikipedia.org/wiki/Behdad_Esfahbod
109,Iran candidate,Borzou Daragahi,borzou,https://x.com/borzou,iranian_journalists,active,https://en.wikipedia.org/wiki/Borzou_Daragahi
110,Iran actor,Boshra Dastournezhad,dastournezhad,https://x.com/dastournezhad,iranian_actors,active,https://en.wikipedia.org/wiki/Boshra_Dastournezhad
111,Iran actor,Behrouz Vossoughi,davood_eldeniz,https://x.com/davood_eldeniz,iranian_actors,active,https://en.wikipedia.org/wiki/Behrouz_Vossoughi
112,Iran candidate,Masoud Pezeshkian,drpezeshkian,https://x.com/drpezeshkian,iranian_politicians,active,https://en.wikipedia.org/wiki/Masoud_Pezeshkian
113,Iran singer,Ebi,ebihamedi,https://x.com/ebihamedi,iranian_singers,active,https://en.wikipedia.org/wiki/Ebi
114,Iran candidate,Elham Youssefian,eyoussefian,https://x.com/eyoussefian,Candidates,active,https://en.wikipedia.org/wiki/Elham_Youssefian
115,Iran candidate,Farnaz Fassihi,farnazfassihi,https://x.com/farnazfassihi,iranian_politicians,active,https://en.wikipedia.org/wiki/Farnaz_Fassihi
116,Iran candidate,Farvartish Rezvaniyeh,farvartishr,https://x.com/farvartishr,iranian_journalists,active,https://en.wikipedia.org/wiki/Farvartish_Rezvaniyeh
117,Iran candidate,Fereshteh Molavi,fereshtehmol,https://x.com/fereshtehmol,iranian_writers,active,https://en.wikipedia.org/wiki/Fereshteh_Molavi
118,Iran candidate,Hossein Derakhshan,h0d3r,https://x.com/h0d3r,iranian_journalists,active,https://en.wikipedia.org/wiki/Hossein_Derakhshan
119,Iran economist,Abdolnaser Hemmati,hemmati_ir,https://x.com/hemmati_ir,iranian_economists,active,https://en.wikipedia.org/wiki/Abdolnaser_Hemmati
120,Iran candidate,Hossein Dehghan,hosdehghan,https://x.com/hosdehghan,iranian_politicians,active,https://en.wikipedia.org/wiki/Hossein_Dehghan
121,Iran candidate,Davar Ardalan,idavar,https://x.com/idavar,iranian_journalists,active,https://en.wikipedia.org/wiki/Davar_Ardalan
122,Iran writer,Vahid Asghari,iranrights_org,https://x.com/iranrights_org,iranian_writers,active,https://en.wikipedia.org/wiki/Vahid_Asghari
123,Iran actor,Javad Hashemi,javadhashemicom,https://x.com/javadhashemicom,iranian_actors,active,https://en.wikipedia.org/wiki/Javad_Hashemi
124,Iran candidate,Mohammad Jorjandi,jorjandii,https://x.com/jorjandii,Candidates,active,https://en.wikipedia.org/wiki/Mohammad_Jorjandi
125,Iran candidate,Khashayar Mostafavi,k_Mostafavi,https://x.com/k_Mostafavi,iranian_writers,active,https://en.wikipedia.org/wiki/Khashayar_Mostafavi
126,Iran candidate,Kayhan Barzegar,kbarzeg,https://x.com/kbarzeg,Candidates,active,https://en.wikipedia.org/wiki/Kayhan_Barzegar
127,Iran candidate,Ali Khademhosseini,khademh,https://x.com/khademh,iranian_scientists,active,https://en.wikipedia.org/wiki/Ali_Khademhosseini
128,Iran ayatollah,Akbar Hashemi Rafsanjani,khamenei_ir,https://x.com/khamenei_ir,iranian_ayatollahs,active,https://en.wikipedia.org/wiki/Akbar_Hashemi_Rafsanjani
129,Iran actor,Leila Forouhar,leilaforouhar,https://x.com/leilaforouhar,iranian_actors,active,https://en.wikipedia.org/wiki/Leila_Forouhar
130,Iran writer,Liana Aghajanian,lianaagh,https://x.com/lianaagh,iranian_writers,active,https://en.wikipedia.org/wiki/Liana_Aghajanian
131,Iran actor,Fathali Oveisi,livingintehran,https://x.com/livingintehran,iranian_actors,active,https://en.wikipedia.org/wiki/Fathali_Oveisi
132,Iran singer,Mahdi Rasouli,mahdirasuli_ir,https://x.com/mahdirasuli_ir,iranian_singers,active,https://en.wikipedia.org/wiki/Mahdi_Rasouli
133,Iran actor,Mahlagha Jaberi,mahlaghajaberi,https://x.com/mahlaghajaberi,iranian_actors,active,https://en.wikipedia.org/wiki/Mahlagha_Jaberi
134,Iran candidate,Mahsa Amrabadi,mahsamrabadi,https://x.com/mahsamrabadi,iranian_journalists,active,https://en.wikipedia.org/wiki/Mahsa_Amrabadi
135,Iran actor,Mandana Karimi,manizhe,https://x.com/manizhe,iranian_actors,active,https://en.wikipedia.org/wiki/Mandana_Karimi
136,Iran writer,Mostafa Faghihi,manotonews,https://x.com/manotonews,iranian_writers,active,https://en.wikipedia.org/wiki/Mostafa_Faghihi
137,Iran candidate,Manoush Zomorodi,manoushz,https://x.com/manoushz,iranian_journalists,active,https://en.wikipedia.org/wiki/Manoush_Zomorodi
138,Iran candidate,Masoud Molavi,masoud_molavi,https://x.com/masoud_molavi,iranian_journalists,active,https://en.wikipedia.org/wiki/Masoud_Molavi
139,Iran candidate,Masoud Kazemi,masoudkazemi81,https://x.com/masoudkazemi81,iranian_journalists,active,https://en.wikipedia.org/wiki/Masoud_Kazemi
140,Iran candidate,Mehdi Karampour,mehdikarampour,https://x.com/mehdikarampour,iranian_writers,active,https://en.wikipedia.org/wiki/Mehdi_Karampour
141,Iran actor,Mehrdad Raissi Ardali,mehrdadraissi,https://x.com/mehrdadraissi,iranian_actors,active,https://en.wikipedia.org/wiki/Mehrdad_Raissi_Ardali
142,Iran candidate,Abbas Milani,milaniabbas,https://x.com/milaniabbas,iranian_writers,active,https://en.wikipedia.org/wiki/Abbas_Milani
143,Iran candidate,Mona Borzouei,monaborzouei,https://x.com/monaborzouei,iranian_writers,active,https://en.wikipedia.org/wiki/Mona_Borzouei
144,Iran scientist,Morteza Mahmoudi,morimahmoudi,https://x.com/morimahmoudi,iranian_scientists,active,https://en.wikipedia.org/wiki/Morteza_Mahmoudi
145,Iran writer,Haloo,mr_halloo,https://x.com/mr_halloo,iranian_writers,active,https://en.wikipedia.org/wiki/Haloo
146,Iran candidate,Mohammad Saleh Zarepour,mszarepour,https://x.com/mszarepour,Candidates,active,https://en.wikipedia.org/wiki/Mohammad_Saleh_Zarepour
147,Iran singer,Delara (singer),music,https://x.com/music,iranian_singers,active,https://en.wikipedia.org/wiki/Delara_%28singer%29
148,Iran economist,Nader Habibi,naderhabibi2,https://x.com/naderhabibi2,iranian_economists,active,https://en.wikipedia.org/wiki/Nader_Habibi
149,Iran candidate,Hamid Naderi Yeganeh,naderi_yeganeh,https://x.com/naderi_yeganeh,Candidates,active,https://en.wikipedia.org/wiki/Hamid_Naderi_Yeganeh
150,Iran actor,Abbas Amiri Moghaddam,,https://x.com/nan,iranian_actors,missing,https://en.wikipedia.org/wiki/Abbas_Amiri_Moghaddam
151,Iran candidate,Negin Shiraghaei,neginsh,https://x.com/neginsh,iranian_journalists,active,https://en.wikipedia.org/wiki/Negin_Shiraghaei
152,Iran economist,Sadeq Khalilian,news,https://x.com/news,iranian_economists,active,https://en.wikipedia.org/wiki/Sadeq_Khalilian
153,Iran writer,Kasra Nouri,nouri_kasra,https://x.com/nouri_kasra,iranian_writers,active,https://en.wikipedia.org/wiki/Kasra_Nouri
154,Iran actor,Parsa Pirouzfar,parsapirouzfar,https://x.com/parsapirouzfar,iranian_actors,active,https://en.wikipedia.org/wiki/Parsa_Pirouzfar
155,Iran candidate,Nasser Paydar,paydar,https://x.com/paydar,Candidates,active,https://en.wikipedia.org/wiki/Nasser_Paydar
156,Iran actor,Payman Maadi,paymanmaadi,https://x.com/paymanmaadi,iranian_actors,active,https://en.wikipedia.org/wiki/Payman_Maadi
157,Iran actor,Pegah Ferydoni,pepepito1983,https://x.com/pepepito1983,iranian_actors,active,https://en.wikipedia.org/wiki/Pegah_Ferydoni
158,Iran actor,Shahab Hosseini,platform,https://x.com/platform,iranian_actors,active,https://en.wikipedia.org/wiki/Shahab_Hosseini
159,Iran actor,Pooneh Hajimohammadi,poonehhm,https://x.com/poonehhm,iranian_actors,active,https://en.wikipedia.org/wiki/Pooneh_Hajimohammadi
160,Iran candidate,Pouria Zeraati,pouriazeraati,https://x.com/pouriazeraati,iranian_journalists,active,https://en.wikipedia.org/wiki/Pouria_Zeraati
161,Iran football manager,Seyed Pendar Toufighi,ptofighi,https://x.com/ptofighi,iranian_football_managers,active,https://en.wikipedia.org/wiki/Seyed_Pendar_Toufighi
162,Iran ayatollah,Ebrahim Raisi,raisi_com,https://x.com/raisi_com,iranian_ayatollahs,active,https://en.wikipedia.org/wiki/Ebrahim_Raisi
163,Iran actor,Rambod Javan,rambodjavan1,https://x.com/rambodjavan1,iranian_actors,active,https://en.wikipedia.org/wiki/Rambod_Javan
164,Iran actor,Ramin Karimloo,raminkarimloo,https://x.com/raminkarimloo,iranian_actors,active,https://en.wikipedia.org/wiki/Ramin_Karimloo
165,Iran actor,Reyhaneh Parsa,reyparsa,https://x.com/reyparsa,iranian_actors,active,https://en.wikipedia.org/wiki/Reyhaneh_Parsa
166,Iran candidate,Roozbeh Azar,roozbeh_azar,https://x.com/roozbeh_azar,Candidates,active,https://en.wikipedia.org/wiki/Roozbeh_Azar
167,Iran candidate,Saghi Ghahraman,saghi_ghahraman,https://x.com/saghi_ghahraman,iranian_activists,active,https://en.wikipedia.org/wiki/Saghi_Ghahraman
168,Iran actor,Sahar Dolatshahi,sahardolatshahi,https://x.com/sahardolatshahi,iranian_actors,active,https://en.wikipedia.org/wiki/Sahar_Dolatshahi
169,Iran actor,Shahram Haghighat Doost,shahram_hds,https://x.com/shahram_hds,iranian_actors,active,https://en.wikipedia.org/wiki/Shahram_Haghighat_Doost
170,Iran candidate,SHAKILA,shakilamusic,https://x.com/shakilamusic,iranian_singers,active,https://en.wikipedia.org/wiki/Shakila
171,Iran candidate,Hassan Shamaizadeh,shamaizadeh,https://x.com/shamaizadeh,iranian_singers,active,https://en.wikipedia.org/wiki/Hassan_Shamaizadeh
172,Iran candidate,Shaya Goldoust,shayagoldoust,https://x.com/shayagoldoust,iranian_journalists,active,https://en.wikipedia.org/wiki/Shaya_Goldoust
173,Iran actor,Shiva Negar,shivanegar,https://x.com/shivanegar,iranian_actors,active,https://en.wikipedia.org/wiki/Shiva_Negar
174,Iran actor,Siamak Ansari,siamakansarii,https://x.com/siamakansarii,iranian_actors,active,https://en.wikipedia.org/wiki/Siamak_Ansari
175,Iran candidate,Sirvan Khosravi,sirvan_khosravi,https://x.com/sirvan_khosravi,iranian_actors,active,https://en.wikipedia.org/wiki/Sirvan_Khosravi
176,Iran singer,Sonita Alizadeh,sonitaalizadeh,https://x.com/sonitaalizadeh,iranian_singers,active,https://en.wikipedia.org/wiki/Sonita_Alizadeh
177,Iran candidate,Sepideh Raissadat,sraissadat,https://x.com/sraissadat,iranian_singers,active,https://en.wikipedia.org/wiki/Sepideh_Raissadat
178,Iran candidate,Dan Ahdoot,standupdan,https://x.com/standupdan,iranian_comedians,active,https://en.wikipedia.org/wiki/Dan_Ahdoot
179,Iran actor,Taraneh Alidoosti,t_alidoosti,https://x.com/t_alidoosti,iranian_actors,active,https://en.wikipedia.org/wiki/Taraneh_Alidoosti
180,Iran actor,Tala Ashe,talaashe,https://x.com/talaashe,iranian_actors,active,https://en.wikipedia.org/wiki/Tala_Ashe
181,Iran candidate,Tara Aghdashloo,taraaghdashloo,https://x.com/taraaghdashloo,iranian_journalists,active,https://en.wikipedia.org/wiki/Tara_Aghdashloo
182,Iran candidate,Amir Tataloo,tatalioo,https://x.com/tatalioo,iranian_singers,active,https://en.wikipedia.org/wiki/Amir_Tataloo
183,Iran candidate,The Iron Sheik,the_ironsheik,https://x.com/the_ironsheik,iranian_actors,active,https://en.wikipedia.org/wiki/The_Iron_Sheik
184,Iran actor,Nazanin Mandi,thirst,https://x.com/thirst,iranian_actors,active,https://en.wikipedia.org/wiki/Nazanin_Mandi
185,Iran actor,Phoenix Raei,title,https://x.com/title,iranian_actors,active,https://en.wikipedia.org/wiki/Phoenix_Raei
186,Iran actor,Ardalan Esmaili,tudum,https://x.com/tudum,iranian_actors,active,https://en.wikipedia.org/wiki/Ardalan_Esmaili
187,Iran actor,Baba Ali,ummahfilms,https://x.com/ummahfilms,iranian_actors,active,https://en.wikipedia.org/wiki/Baba_Ali
188,Iran candidate,Vali Nasr,vali_nasr,https://x.com/vali_nasr,iranian_scientists,active,https://en.wikipedia.org/wiki/Vali_Nasr
189,Iran writer,Ahoo Daryaei,world,https://x.com/world,iranian_writers,active,https://en.wikipedia.org/wiki/Ahoo_Daryaei
190,Iran candidate,Yashar Ali,yashar,https://x.com/yashar,iranian_journalists,active,https://en.wikipedia.org/wiki/Yashar_Ali
191,Iran candidate,Zhubin Parang,zhubinparang,https://x.com/zhubinparang,iranian_actors,active,https://en.wikipedia.org/wiki/Zhubin_Parang
192,Iran candidate,Ash Koosha,AshKoosha,https://x.com/AshKoosha,iranian_actors,active,https://en.wikipedia.org/wiki/Kamshad_Kooshan
193,Iran candidate,CameliaEntekhabifard,CameliaFard,https://x.com/CameliaFard,iranian_journalists,active,https://en.wikipedia.org/wiki/Camelia_Entekhabifard
194,Iran candidate,Firouz M. Naderi,Firouz_Naderi,https://x.com/Firouz_Naderi,Candidates,active,https://en.wikipedia.org/wiki/Firouz_Naderi
195,Iran candidate,Roxana Moslehi (ÿ±⁄©ÿ≥ÿßŸÜÿß ŸÖÿµŸÑÿ≠€å),Genomicien,https://x.com/Genomicien,Candidates,active,https://en.wikipedia.org/wiki/Roxana_Moslehi
196,Iran candidate,Seyed Mohammad Ali Hosseini,HossainiSma,https://x.com/HossainiSma,iranian_politicians,active,https://en.wikipedia.org/wiki/Mohammad_Ali_Hosseini
197,Iran candidate,Jason Reza Jorjani,Jason_Jorjani,https://x.com/Jason_Jorjani,iranian_journalists,active,https://en.wikipedia.org/wiki/Jason_Jorjani
198,Iran candidate,MehdiKhalaji,MehdiKhalaji,https://x.com/MehdiKhalaji,iranian_journalists,active,https://en.wikipedia.org/wiki/Mehdi_Khalaji
199,Iran candidate,Nazanin Afshin-Jam MacKay,NazaninAJ,https://x.com/NazaninAJ,iranian_singers,active,https://en.wikipedia.org/wiki/Nazanin_Afshin-Jam
200,Iran candidate,Reza Pahlavi,PahlaviReza,https://x.com/PahlaviReza,Candidates,active,https://en.wikipedia.org/wiki/Reza_Taghavi
201,Iran candidate,Ali Reza Panahian,PanahianEN,https://x.com/PanahianEN,iranian_writers,active,https://en.wikipedia.org/wiki/Alireza_Panahian
202,Iran candidate,Sabrina Ghayour-Lynn,SabrinaGhayour,https://x.com/SabrinaGhayour,Candidates,active,https://en.wikipedia.org/wiki/Sabrina_Ghayour
203,Iran candidate,Darya Safai MP,SafaiDarya,https://x.com/SafaiDarya,iranian_politicians,active,https://en.wikipedia.org/wiki/Darya_Safai
204,Iran candidate,Kianoosh Sanjari,Sanjaribaf,https://x.com/Sanjaribaf,iranian_journalists,active,https://en.wikipedia.org/wiki/Kianush_Sanjari
205,Iran candidate,behzadbolour,behzadbolour,https://x.com/behzadbolour,iranian_journalists,active,https://en.wikipedia.org/wiki/Behzad_Bolour
206,Iran candidate,Dr. David Samadi,drdavidsamadi,https://x.com/drdavidsamadi,Candidates,active,https://en.wikipedia.org/wiki/David_B._Samadi
207,Iran candidate,Massoumeh Ebtekar,ebtekarm,https://x.com/ebtekarm,iranian_journalists,active,https://en.wikipedia.org/wiki/Masoumeh_Ebtekar
208,Iran candidate,mohammadi ziarani,gmziarani,https://x.com/gmziarani,Candidates,active,https://en.wikipedia.org/wiki/Mohammad_Marandi
209,Iran candidate,jadi,jadi,https://x.com/jadi,iranian_activists,active,https://en.wikipedia.org/wiki/Asjadi
210,Iran candidate,Kris Esfandiari,kngwmn,https://x.com/kngwmn,iranian_singers,active,https://en.wikipedia.org/wiki/Kristina_Esfandiari
211,Iran candidate,masoud.aghaie,masoud,https://x.com/masoud,iranian_journalists,active,https://en.wikipedia.org/wiki/Masoud_Gholami
212,Iran candidate,MirHossein Mousavi,mousavi1388,https://x.com/mousavi1388,iranian_journalists,active,https://en.wikipedia.org/wiki/Mir-Hossein_Mousavi
213,Iran candidate,sepideqoliyan,sepideqoliyan,https://x.com/sepideqoliyan,iranian_journalists,active,https://en.wikipedia.org/wiki/Sepideh_Qolian
214,Iran candidate,Shahin Najafi ìÉ¨‚òº,shahinnajafi80,https://x.com/shahinnajafi80,iranian_singers,active,https://en.wikipedia.org/wiki/Shahin_Najafi
215,Iran candidate,shahrumkashani,shahrumkashani,https://x.com/shahrumkashani,iranian_singers,active,https://en.wikipedia.org/wiki/Shahrum_Kashani
216,Iran candidate,Alireza Soleimanpour,soleimanpour,https://x.com/soleimanpour,Candidates,active,https://en.wikipedia.org/wiki/Alireza_Soleimani
217,Iran candidate,SorayaSarhaddiNelson,sorayanelson,https://x.com/sorayanelson,iranian_journalists,active,https://en.wikipedia.org/wiki/Soraya_Sarhaddi_Nelson
218,Iran activist,Execution of Majid Kazemi,1500tasvir,https://x.com/1500tasvir,iranian_activists,,https://en.wikipedia.org/wiki/Execution_of_Majid_Kazemi
219,Iran activist,Iran hostage crisis,2016,https://x.com/2016,iranian_activists,,https://en.wikipedia.org/wiki/Iran_hostage_crisis
220,Iran activist,Azadeh Shafiq,2020,https://x.com/2020,iranian_activists,,https://en.wikipedia.org/wiki/Azadeh_Shafiq
221,Iran activist,Mahsa Amini protests,2022,https://x.com/2022,iranian_activists,,https://en.wikipedia.org/wiki/Mahsa_Amini_protests
222,Iran activist,Masoud Shojaei,AEK_FC_OFFICIAL,https://x.com/AEK_FC_OFFICIAL,iranian_activists,,https://en.wikipedia.org/wiki/Masoud_Shojaei
223,Iran footballer,Abdulaziz Nasari,ALDERBYSHOW,https://x.com/ALDERBYSHOW,iranian_footballers,,https://en.wikipedia.org/wiki/Abdulaziz_Nasari
224,Iran activist,Alireza Jafarzadeh,A_Jafarzadeh,https://x.com/A_Jafarzadeh,iranian_activists,,https://en.wikipedia.org/wiki/Alireza_Jafarzadeh
225,Iran activist,Abdolhamid Ismaeelzahi,AbdolhamidNet,https://x.com/AbdolhamidNet,iranian_activists,,https://en.wikipedia.org/wiki/Abdolhamid_Ismaeelzahi
226,Iran activist,Adil Abdul-Mahdi,AdilAbdAlMahdi,https://x.com/AdilAbdAlMahdi,iranian_activists,,https://en.wikipedia.org/wiki/Adil_Abdul-Mahdi
227,Iran footballer,Mehdi Ghayedi,AlBayanSports,https://x.com/AlBayanSports,iranian_footballers,,https://en.wikipedia.org/wiki/Mehdi_Ghayedi
228,Iran activist,Pouya Bakhtiari,AlinejadMasih,https://x.com/AlinejadMasih,iranian_activists,,https://en.wikipedia.org/wiki/Pouya_Bakhtiari
229,Iran wrestler,Ariya Daivari,AriyaDaivariWWE,https://x.com/AriyaDaivariWWE,iranian_wrestlers,,https://en.wikipedia.org/wiki/Ariya_Daivari
230,Iran activist,Arzhang Davoodi,ArzhangDavoodi,https://x.com/ArzhangDavoodi,iranian_activists,,https://en.wikipedia.org/wiki/Arzhang_Davoodi
231,Iran footballer,Reza Ghoochannejhad,CAFCofficial,https://x.com/CAFCofficial,iranian_footballers,,https://en.wikipedia.org/wiki/Reza_Ghoochannejhad
232,Iran footballer,Steven Beitashour,ColoradoRapids,https://x.com/ColoradoRapids,iranian_footballers,,https://en.wikipedia.org/wiki/Steven_Beitashour
233,Iran footballer,"Ali Karimi (footballer, born 1994)",CroSports_,https://x.com/CroSports_,iranian_footballers,,https://en.wikipedia.org/wiki/Ali_Karimi_%28footballer%2C_born_1994%29
234,Iran activist,Abu Muslim al-Turkmani,DanieleRaineri,https://x.com/DanieleRaineri,iranian_activists,,https://en.wikipedia.org/wiki/Abu_Muslim_al-Turkmani
235,Iran footballer,Amir Reza Nasr Azadani,FIFPRO,https://x.com/FIFPRO,iranian_footballers,,https://en.wikipedia.org/wiki/Amir_Reza_Nasr_Azadani
236,Iran taekwondo practitioner,Parisa Farshidi,FarshidiParisa,https://x.com/FarshidiParisa,iranian_taekwondo_practitioners,,https://en.wikipedia.org/wiki/Parisa_Farshidi
237,Iran activist,MAHSA Act,HRANA_English,https://x.com/HRANA_English,iranian_activists,,https://en.wikipedia.org/wiki/MAHSA_Act
238,Iran activist,Haider al-Abadi,HaiderAlAbadi,https://x.com/HaiderAlAbadi,iranian_activists,,https://en.wikipedia.org/wiki/Haider_al-Abadi
239,Iran activist,Iran‚ÄìPJAK conflict,Hengaw_English,https://x.com/Hengaw_English,iranian_activists,,https://en.wikipedia.org/wiki/Iran%E2%80%93PJAK_conflict
240,Iran activist,2022 University of Sharif protests crackdown,HeshmatAlavi,https://x.com/HeshmatAlavi,iranian_activists,,https://en.wikipedia.org/wiki/2022_University_of_Sharif_protests_crackdown
241,Iran activist,Hossein Mahini,HosseinMahini,https://x.com/HosseinMahini,iranian_activists,,https://en.wikipedia.org/wiki/Hossein_Mahini
242,Iran activist,Hossein Ronaghi,HosseinRonaghi,https://x.com/HosseinRonaghi,iranian_activists,,https://en.wikipedia.org/wiki/Hossein_Ronaghi
243,Iran footballer,Hossein Kanaanizadegan,Hossein_kanaani,https://x.com/Hossein_kanaani,iranian_footballers,,https://en.wikipedia.org/wiki/Hossein_Kanaanizadegan
244,Iran wrestler,Hassan Yazdani,Hyazdani_CH,https://x.com/Hyazdani_CH,iranian_wrestlers,,https://en.wikipedia.org/wiki/Hassan_Yazdani
245,Iran activist,Ana Diamond,IAmAnaDiamond,https://x.com/IAmAnaDiamond,iranian_activists,,https://en.wikipedia.org/wiki/Ana_Diamond
246,Iran activist,Ruhollah Zam,IBAHRI,https://x.com/IBAHRI,iranian_activists,,https://en.wikipedia.org/wiki/Ruhollah_Zam
247,Iran activist,Iran Human Rights,ICHRI,https://x.com/ICHRI,iranian_activists,,https://en.wikipedia.org/wiki/Iran_Human_Rights
248,Iran activist,Mandana Khazraei,IranIntl,https://x.com/IranIntl,iranian_activists,,https://en.wikipedia.org/wiki/Mandana_Khazraei
249,Iran activist,Sheema Kalbasi,IranianWoman,https://x.com/IranianWoman,iranian_activists,,https://en.wikipedia.org/wiki/Sheema_Kalbasi
250,Iran activist,Kaveh Madani,KavehMadani,https://x.com/KavehMadani,iranian_activists,,https://en.wikipedia.org/wiki/Kaveh_Madani
251,Iran activist,Peshmerga,KurdistanWatch,https://x.com/KurdistanWatch,iranian_activists,,https://en.wikipedia.org/wiki/Peshmerga
252,Iran footballer,Daniel Arzani,LommelSKOff,https://x.com/LommelSKOff,iranian_footballers,,https://en.wikipedia.org/wiki/Daniel_Arzani
253,Iran activist,Al-Asad Airbase,LucasFoxNews,https://x.com/LucasFoxNews,iranian_activists,,https://en.wikipedia.org/wiki/Al-Asad_Airbase
254,Iran activist,Mehdi Kouchakzadeh,Mahdikouchakof,https://x.com/Mahdikouchakof,iranian_activists,,https://en.wikipedia.org/wiki/Mehdi_Kouchakzadeh
255,Iran activist,Majid Tavakoli,MajidTavakolii,https://x.com/MajidTavakolii,iranian_activists,,https://en.wikipedia.org/wiki/Majid_Tavakoli
256,Iran footballer,Younes Masoudi,MasoudiYounes,https://x.com/MasoudiYounes,iranian_footballers,,https://en.wikipedia.org/wiki/Younes_Masoudi
257,Iran activist,Mohammad Fazeli,Mfazeli114,https://x.com/Mfazeli114,iranian_activists,,https://en.wikipedia.org/wiki/Mohammad_Fazeli
258,Iran footballer,Niloofar Ardalan,NArdallan,https://x.com/NArdallan,iranian_footballers,,https://en.wikipedia.org/wiki/Niloofar_Ardalan
259,Iran activist,Western Iran clashes (2016‚Äìpresent),PDKIRAN,https://x.com/PDKIRAN,iranian_activists,,https://en.wikipedia.org/wiki/Western_Iran_clashes_%282016%E2%80%93present%29
260,Iran footballer,Peyman Keshavarzi,Pey_keshavarzi,https://x.com/Pey_keshavarzi,iranian_footballers,,https://en.wikipedia.org/wiki/Peyman_Keshavarzi
261,Iran activist,Kurdistan Freedom Party,PollaGarmiany,https://x.com/PollaGarmiany,iranian_activists,,https://en.wikipedia.org/wiki/Kurdistan_Freedom_Party
262,Iran weightlifter,Hamed Solhipour,Powerlifting,https://x.com/Powerlifting,iranian_weightlifters,,https://en.wikipedia.org/wiki/Hamed_Solhipour
263,Iran activist,Izzat Ibrahim al-Douri,RghadSaddam,https://x.com/RghadSaddam,iranian_activists,,https://en.wikipedia.org/wiki/Izzat_Ibrahim_al-Douri
264,Iran footballer,Sardar Azmoun,SAzmoun,https://x.com/SAzmoun,iranian_footballers,,https://en.wikipedia.org/wiki/Sardar_Azmoun
265,Iran activist,Farah Pahlavi,ShahbanouFarah,https://x.com/ShahbanouFarah,iranian_activists,,https://en.wikipedia.org/wiki/Farah_Pahlavi
266,Iran footballer,Jahon Rad,SportingKC,https://x.com/SportingKC,iranian_footballers,,https://en.wikipedia.org/wiki/Jahon_Rad
267,Iran activist,Taraneh Javanbakht,T_Javanbakht,https://x.com/T_Javanbakht,iranian_activists,,https://en.wikipedia.org/wiki/Taraneh_Javanbakht
268,Iran footballer,Peyman Hosseini,TeamMelliIran,https://x.com/TeamMelliIran,iranian_footballers,,https://en.wikipedia.org/wiki/Peyman_Hosseini
269,Iran footballer,Alireza Beiranvand,TheAFCCL,https://x.com/TheAFCCL,iranian_footballers,,https://en.wikipedia.org/wiki/Alireza_Beiranvand
270,Iran activist,Ali Akbar al-Modarresi,TheSayed,https://x.com/TheSayed,iranian_activists,,https://en.wikipedia.org/wiki/Ali_Akbar_al-Modarresi
271,Iran footballer,Omid Nazari,UFLphilippines,https://x.com/UFLphilippines,iranian_footballers,,https://en.wikipedia.org/wiki/Omid_Nazari
272,Iran activist,United Nations Commission on the Status of Women,UN_CSW,https://x.com/UN_CSW,iranian_activists,,https://en.wikipedia.org/wiki/United_Nations_Commission_on_the_Status_of_Women
273,Iran activist,Neighbourhood Youth Alliance of Iran,UYI_fa,https://x.com/UYI_fa,iranian_activists,,https://en.wikipedia.org/wiki/Neighbourhood_Youth_Alliance_of_Iran
274,Iran footballer,Hamed Hajimehdi,WeArePFL,https://x.com/WeArePFL,iranian_footballers,,https://en.wikipedia.org/wiki/Hamed_Hajimehdi
275,Iran activist,Nasrin Sotoudeh,Wnicholasgomes,https://x.com/Wnicholasgomes,iranian_activists,,https://en.wikipedia.org/wiki/Nasrin_Sotoudeh
276,Iran activist,Ahmad Zeidabadi,Zeidabadi_Ahmad,https://x.com/Zeidabadi_Ahmad,iranian_activists,,https://en.wikipedia.org/wiki/Ahmad_Zeidabadi
277,Iran activist,Ali-Akbar Raefipour,_Mahdiyar313,https://x.com/_Mahdiyar313,iranian_activists,,https://en.wikipedia.org/wiki/Ali-Akbar_Raefipour
278,Iran activist,Abbas Abdi,abb_abdi,https://x.com/abb_abdi,iranian_activists,,https://en.wikipedia.org/wiki/Abbas_Abdi
279,Iran footballer,Alireza Jahanbakhsh,alirezajb7,https://x.com/alirezajb7,iranian_footballers,,https://en.wikipedia.org/wiki/Alireza_Jahanbakhsh
280,Iran footballer,Shojae Khalilzadeh,alkasschannel,https://x.com/alkasschannel,iranian_footballers,,https://en.wikipedia.org/wiki/Shojae_Khalilzadeh
281,Iran activist,Farhad Meysami,amnesty,https://x.com/amnesty,iranian_activists,,https://en.wikipedia.org/wiki/Farhad_Meysami
282,Iran activist,Azar Majedi,azarmajedi,https://x.com/azarmajedi,iranian_activists,,https://en.wikipedia.org/wiki/Azar_Majedi
283,Iran activist,Execution of Seyyed Mohammad Hosseini,borhanimohsen1,https://x.com/borhanimohsen1,iranian_activists,,https://en.wikipedia.org/wiki/Execution_of_Seyyed_Mohammad_Hosseini
284,Iran activist,Baloch Students Organization,bso__azad,https://x.com/bso__azad,iranian_activists,,https://en.wikipedia.org/wiki/Baloch_Students_Organization
285,Iran activist,Mahmudali Chehregani,cagricehreganli,https://x.com/cagricehreganli,iranian_activists,,https://en.wikipedia.org/wiki/Mahmudali_Chehregani
286,Iran activist,Islamic State,cards,https://x.com/cards,iranian_activists,,https://en.wikipedia.org/wiki/Islamic_State
287,Iran activist,Hamed Esmaeilion,esmaeilion,https://x.com/esmaeilion,iranian_activists,,https://en.wikipedia.org/wiki/Hamed_Esmaeilion
288,Iran footballer,Sajjad Shahbazzadeh,fcesteghlaliran,https://x.com/fcesteghlaliran,iranian_footballers,,https://en.wikipedia.org/wiki/Sajjad_Shahbazzadeh
289,Iran activist,Detainees of the Mahsa Amini protests,followupiran,https://x.com/followupiran,iranian_activists,,https://en.wikipedia.org/wiki/Detainees_of_the_Mahsa_Amini_protests
290,Iran footballer,Daniel Davari,gc_zuerich,https://x.com/gc_zuerich,iranian_footballers,,https://en.wikipedia.org/wiki/Daniel_Davari
291,Iran activist,Habib Chaab,habibalkaabi1,https://x.com/habibalkaabi1,iranian_activists,,https://en.wikipedia.org/wiki/Habib_Chaab
292,Iran activist,Hassan Abbasi,hasan_abbasi,https://x.com/hasan_abbasi,iranian_activists,,https://en.wikipedia.org/wiki/Hassan_Abbasi
293,Iran activist,Bashar Rashid,hassaninmubarak,https://x.com/hassaninmubarak,iranian_activists,,https://en.wikipedia.org/wiki/Bashar_Rashid
294,Iran activist,Death sentences during the Mahsa Amini protests,hosseinbastani,https://x.com/hosseinbastani,iranian_activists,,https://en.wikipedia.org/wiki/Death_sentences_during_the_Mahsa_Amini_protests
295,Iran activist,Mohammad Boroughani,iranintlbrk,https://x.com/iranintlbrk,iranian_activists,,https://en.wikipedia.org/wiki/Mohammad_Boroughani
296,Iran activist,Baraye,iranwire,https://x.com/iranwire,iranian_activists,,https://en.wikipedia.org/wiki/Baraye
297,Iran activist,Mohammed Mahdi al-Bayati,iraqliveupdate,https://x.com/iraqliveupdate,iranian_activists,,https://en.wikipedia.org/wiki/Mohammed_Mahdi_al-Bayati
298,Iran activist,Jila Baniyaghoob,jilabani,https://x.com/jilabani,iranian_activists,,https://en.wikipedia.org/wiki/Jila_Baniyaghoob
299,Iran activist,Juliana Taimoorazy,jtaimoorazy,https://x.com/jtaimoorazy,iranian_activists,,https://en.wikipedia.org/wiki/Juliana_Taimoorazy
300,Iran footballer,Khosro Heydari,khosroheydari62,https://x.com/khosroheydari62,iranian_footballers,,https://en.wikipedia.org/wiki/Khosro_Heydari
301,Iran wrestler,Execution of Navid Afkari,kingraam,https://x.com/kingraam,iranian_wrestlers,,https://en.wikipedia.org/wiki/Execution_of_Navid_Afkari
302,Iran activist,Lily Mazahery,lilymazahery,https://x.com/lilymazahery,iranian_activists,,https://en.wikipedia.org/wiki/Lily_Mazahery
303,Iran activist,Iranian Complainant Mothers,madarandadkhah,https://x.com/madarandadkhah,iranian_activists,,https://en.wikipedia.org/wiki/Iranian_Complainant_Mothers
304,Iran activist,Nazila Maroufian,maroofian,https://x.com/maroofian,iranian_activists,,https://en.wikipedia.org/wiki/Nazila_Maroufian
305,Iran activist,Masih Alinejad,masih_alinejad,https://x.com/masih_alinejad,iranian_activists,,https://en.wikipedia.org/wiki/Masih_Alinejad
306,Iran activist,Masoud Barzani,masoud_barzani,https://x.com/masoud_barzani,iranian_activists,,https://en.wikipedia.org/wiki/Masoud_Barzani
307,Iran activist,Mohammad Saleh Meftah,meftah,https://x.com/meftah,iranian_activists,,https://en.wikipedia.org/wiki/Mohammad_Saleh_Meftah
308,Iran rapper,Moltafet,moltaf,https://x.com/moltaf,iranian_rappers,,https://en.wikipedia.org/wiki/Moltafet
309,Iran wrestler,Mohammad Reza Geraei,mr_geraei,https://x.com/mr_geraei,iranian_wrestlers,,https://en.wikipedia.org/wiki/Mohammad_Reza_Geraei
310,Iran footballer,Amin Hazbavi,nahuelzn,https://x.com/nahuelzn,iranian_footballers,,https://en.wikipedia.org/wiki/Amin_Hazbavi
311,Iran activist,Nouri al-Maliki,nourialmalikiiq,https://x.com/nourialmalikiiq,iranian_activists,,https://en.wikipedia.org/wiki/Nouri_al-Maliki
312,Iran footballer,Shahab Zahedi,prznsport,https://x.com/prznsport,iranian_footballers,,https://en.wikipedia.org/wiki/Shahab_Zahedi
313,Iran taekwondo practitioner,Amir Mohammad Hosseini,refugees,https://x.com/refugees,iranian_taekwondo_practitioners,,https://en.wikipedia.org/wiki/Amir_Mohammad_Hosseini
314,Iran footballer,Reza Naseri,rezaserii1,https://x.com/rezaserii1,iranian_footballers,,https://en.wikipedia.org/wiki/Reza_Naseri
315,Iran wrestler,Sardar Pashaei,sardar_pashaei,https://x.com/sardar_pashaei,iranian_wrestlers,,https://en.wikipedia.org/wiki/Sardar_Pashaei
316,Iran activist,Aida Rostami,shahrak_ekbatan,https://x.com/shahrak_ekbatan,iranian_activists,,https://en.wikipedia.org/wiki/Aida_Rostami
317,Iran rapper,Ali Sorena,sorenaofficial,https://x.com/sorenaofficial,iranian_rappers,,https://en.wikipedia.org/wiki/Ali_Sorena
318,Iran activist,Morad Tahbaz,statedept,https://x.com/statedept,iranian_activists,,https://en.wikipedia.org/wiki/Morad_Tahbaz
319,Iran activist,Sussan Tahmasebi,sussantweets,https://x.com/sussantweets,iranian_activists,,https://en.wikipedia.org/wiki/Sussan_Tahmasebi
320,Iran activist,Operations Claw-Eagle and Tiger,tcsavunma,https://x.com/tcsavunma,iranian_activists,,https://en.wikipedia.org/wiki/Operations_Claw-Eagle_and_Tiger
321,Iran pop singer,Omid Nemati,virtual,https://x.com/virtual,iranian_pop_singers,,https://en.wikipedia.org/wiki/Omid_Nemati
322,Iran activist,Yasmine Motarjemi,yasminemotarjem,https://x.com/yasminemotarjem,iranian_activists,,https://en.wikipedia.org/wiki/Yasmine_Motarjemi
323,Iran wrestler,Amir Mohammad Yazdani,yazdanicherati,https://x.com/yazdanicherati,iranian_wrestlers,,https://en.wikipedia.org/wiki/Amir_Mohammad_Yazdani
324,Iran footballer,Younes Delfi,younesdelfi,https://x.com/younesdelfi,iranian_footballers,,https://en.wikipedia.org/wiki/Younes_Delfi
325,Iran candidate,Javad Zarif,JZarif,https://x.com/JZarif,Candidates,,https://en.wikipedia.org/wiki/Javad_Yasari
326,Iran candidate,asa,asa,https://x.com/asa,Candidates,,https://en.wikipedia.org/wiki/Sasan
327,Iran candidate,„Åæ„ÇÜ„Åø„Çì,2011,https://x.com/2011,Candidates,,https://en.wikipedia.org/wiki/Mayumi_Sada
328,Iran candidate,2012 ABC,2012,https://x.com/2012,iranian_actors,,https://en.wikipedia.org/wiki/ABC_Me
329,Iran candidate,Sam Beck,2017,https://x.com/2017,Candidates,,https://en.wikipedia.org/wiki/Avatar%3A_The_Last_Airbender_%28franchise%29
330,Iran candidate,Catherine Manso,CathyManso,https://x.com/CathyManso,iranian_journalists,,https://en.wikipedia.org/wiki/La_casa_de_las_sombras
331,Iran candidate,Iran News Wire,IranNW,https://x.com/IranNW,Candidates,,https://en.wikipedia.org/wiki/News_agency
332,Iran candidate,Janez Lenarƒçiƒç,JanezLenarcic,https://x.com/JanezLenarcic,Candidates,,https://en.wikipedia.org/wiki/Janez_Lenar%C4%8Di%C4%8D
333,Iran candidate,John Kerry,JohnKerry,https://x.com/JohnKerry,Candidates,,https://en.wikipedia.org/wiki/John_Kerry
334,Iran candidate,Kaveh Akbar _ AUTHOR,KavehAkbar,https://x.com/KavehAkbar,iranian_writers,,https://en.wikipedia.org/wiki/Kaveh_Akbar
335,Iran candidate,ŸÖÿ≠ŸÖÿØ ŸÜŸáÿßŸàŸÜÿØ€åÿßŸÜ,Nahavandian_ir,https://x.com/Nahavandian_ir,iranian_politicians,,https://en.wikipedia.org/wiki/Mohammad_Nahavandian
336,Iran candidate,Nisha Biswal,NishaBiswal,https://x.com/NishaBiswal,iranian_politicians,,https://en.wikipedia.org/wiki/Nisha_Desai_Biswal
337,Iran candidate,Mohsen Namjoo | ŸÖÿ≠ÿ≥ŸÜ ŸÜÿßŸÖÿ¨Ÿà,OfficialMNamjoo,https://x.com/OfficialMNamjoo,iranian_actors,,https://en.wikipedia.org/wiki/Mohsen_Namjoo
338,Iran candidate,ÿ™ŸàŸÖÿßÿ¨ ÿµÿßŸÑÿ≠€å,OfficialToomaj,https://x.com/OfficialToomaj,iranian_activists,,https://en.wikipedia.org/wiki/Toomaj_Salehi
339,Iran candidate,porochista khakpour she/her ŸæŸàÿ±Ÿà⁄Ü€åÿ≥ÿ™ÿß ÿÆÿß⁄©ŸæŸàÿ±,PKhakpour,https://x.com/PKhakpour,Candidates,,https://en.wikipedia.org/wiki/Porochista_Khakpour
340,Iran candidate,Penn History,PennHistory,https://x.com/PennHistory,Candidates,,https://en.wikipedia.org/wiki/University_of_Pennsylvania
341,Iran candidate,REZA,REZAphotography,https://x.com/REZAphotography,iranian_journalists,,https://en.wikipedia.org/wiki/Reza
342,Iran candidate,SAGES is in Tampa in 2026!,SAGES_Updates,https://x.com/SAGES_Updates,Candidates,,https://en.wikipedia.org/wiki/United_States
343,Iran candidate,Joseph S Blatter,SeppBlatter,https://x.com/SeppBlatter,Candidates,,https://en.wikipedia.org/wiki/Sepp_Blatter
344,Iran candidate,Shaparak Khorsandi ÿ¥ÿßŸæÿ±⁄© ÿÆÿ±ÿ≥ŸÜÿØ€å,ShappiKhorsandi,https://x.com/ShappiKhorsandi,iranian_actors,,https://en.wikipedia.org/wiki/Shaparak_Khorsandi
345,Iran candidate,ÿ™ŸàÿßŸÜÿß Tavaana,Tavaana,https://x.com/Tavaana,iranian_politicians,,https://en.wikipedia.org/wiki/Nematollah_Aghasi
346,Iran candidate,V&A,V_and_A,https://x.com/V_and_A,Candidates,,https://en.wikipedia.org/wiki/Victoria_and_Albert_Museum
347,Iran candidate,Ali Larijani | ÿπŸÑ€å ŸÑÿßÿ±€åÿ¨ÿßŸÜ€å,alilarijani_ir,https://x.com/alilarijani_ir,iranian_politicians,,https://en.wikipedia.org/wiki/Ali_Larijani
348,Iran candidate,”ò–ª–∏—è  –ù–∞–∑–∞—Ä–±–∞–µ–≤–∞,aliyanazarbaeva,https://x.com/aliyanazarbaeva,Candidates,,https://en.wikipedia.org/wiki/Aliya_Nazarbayeva
349,Iran candidate,Arash Sobhani ÿ¢ÿ±ÿ¥ ÿ≥ÿ®ÿ≠ÿßŸÜ€å,arash_sobhani,https://x.com/arash_sobhani,iranian_writers,,https://en.wikipedia.org/wiki/Arash_Sobhani
350,Iran candidate,Arthur Bullard,art,https://x.com/art,Candidates,,https://en.wikipedia.org/wiki/Arthur_Bullard_Newton
351,Iran candidate,ÿπÿµÿ± ŸÖÿ¨ŸÑÿ≥,asre_majles,https://x.com/asre_majles,Candidates,,https://en.wikipedia.org/wiki/Marand
352,Iran candidate,ÿ≠ÿ≥€åŸÜ ÿµŸÖÿµÿßŸÖ€å,dr_hsamsami,https://x.com/dr_hsamsami,iranian_politicians,,https://en.wikipedia.org/wiki/Hossein_Samsami
353,Iran candidate,Elina Valtonen,elinavaltonen,https://x.com/elinavaltonen,Candidates,,https://en.wikipedia.org/wiki/Elina_Valtonen
354,Iran candidate,en„Å°„ÇÉ„Çì,en,https://x.com/en,iranian_politicians,,https://en.wikipedia.org/wiki/CrystalDiskMark
355,Iran candidate,Fatemeh Ekhtesari ŸÅÿßÿ∑ŸÖŸá ÿßÿÆÿ™ÿµÿßÿ±€å,fatemeekhtesari,https://x.com/fatemeekhtesari,Candidates,,https://en.wikipedia.org/wiki/Fateme_Ekhtesari
356,Iran candidate,Tajikistan Football,fft_official,https://x.com/fft_official,Candidates,,https://en.wikipedia.org/wiki/Tajikistan_national_football_team
357,Iran candidate,ÿ≠ŸÖ€åÿØ ÿ±ÿ≥ÿß€å€å,hamidrasaee,https://x.com/hamidrasaee,iranian_journalists,,https://en.wikipedia.org/wiki/Hamid_Rasaee
358,Iran candidate,ÿπÿ®ÿØÿßŸÑÿ±ÿ∂ÿß ŸáŸÑÿßŸÑ€å,helalireza,https://x.com/helalireza,iranian_singers,,https://en.wikipedia.org/wiki/Abdolreza_Helali
359,Iran candidate,ŸÖÿ≠ŸÖÿØÿ±ÿ∂ÿß ÿπÿßÿ±ŸÅ,ir_aref,https://x.com/ir_aref,iranian_politicians,,https://en.wikipedia.org/wiki/Mohammad_Reza_Aref
360,Iran candidate,ISSUES,issues,https://x.com/issues,Candidates,,https://en.wikipedia.org/wiki/Issue
361,Iran candidate,La Biennale di Venezia,la_Biennale,https://x.com/la_Biennale,iranian_writers,,https://en.wikipedia.org/wiki/Venice_Biennale
362,Iran candidate,La Toya Jackson,latoyajackson,https://x.com/latoyajackson,Candidates,,https://en.wikipedia.org/wiki/La_Toya_Jackson
363,Iran candidate,ÿ™ŸÑŸà€åÿ≤€åŸàŸÜ ŸÖŸÜŸàÿ™Ÿà,manototv,https://x.com/manototv,iranian_politicians,,https://en.wikipedia.org/wiki/Manoto
364,Iran candidate,M.H. Ansari,mhhansari,https://x.com/mhhansari,Candidates,,https://en.wikipedia.org/wiki/Mohammad_Hamid_Ansari
365,Iran candidate,nazanin,nazaninarmanian,https://x.com/nazaninarmanian,iranian_scientists,,https://en.wikipedia.org/wiki/Nazanin_Zaghari-Ratcliffe
366,Iran candidate,n,nm,https://x.com/nm,Candidates,,https://en.wikipedia.org/wiki/N
367,Iran candidate,Ÿæ€åÿ±Ÿàÿ≤ ÿ≠ŸÜÿß⁄Ü€å,pirouzhanachi,https://x.com/pirouzhanachi,iranian_politicians,,https://en.wikipedia.org/wiki/Pirouz_Hanachi
368,Iran candidate,ÿ±ÿ∂ÿß ÿ≠ŸÇŸäŸÇÿ™‚ÄåŸÜ⁄òÿßÿØ,rezahn56,https://x.com/rezahn56,iranian_journalists,,https://en.wikipedia.org/wiki/Reza_Haghighatnejad
369,Iran candidate,Reza Rohani Official,rezjazz,https://x.com/rezjazz,iranian_writers,,https://en.wikipedia.org/wiki/Reza_Rohani
370,Iran candidate,ÿ±Ÿàÿ≠ ÿßŸÑŸÑŸá ÿ¨ŸÖÿπŸá ÿß€å,roohallahj,https://x.com/roohallahj,iranian_journalists,,https://en.wikipedia.org/wiki/Roohallah_Jomei
371,Iran candidate,„ÄéS„Äè,s,https://x.com/s,Candidates,,https://en.wikipedia.org/wiki/S
372,Iran candidate,ÿ≥ÿπ€åÿØ ŸÖÿ≠ŸÖÿØ,saeid_mohammad_,https://x.com/saeid_mohammad_,Candidates,,https://en.wikipedia.org/wiki/Saeed_Mohammad
373,Iran candidate,ÿ¥Ÿáÿßÿ®‚ÄåÿßŸÑÿØŸäŸÜ ÿ∑ÿ®ÿßÿ∑ÿ®ÿßŸäŸâ,shahabedin76,https://x.com/shahabedin76,iranian_journalists,,https://en.wikipedia.org/wiki/Shahabeddin_Tabatabaei
374,Iran candidate,Snoh,snohaalegra,https://x.com/snohaalegra,iranian_singers,,https://en.wikipedia.org/wiki/Snoh_Aalegra
375,Iran candidate,Stronger,stronger,https://x.com/stronger,iranian_journalists,,https://en.wikipedia.org/wiki/Stronger
376,Iran candidate,–¢–ì–ú–£ –∏–º–µ–Ω–∏ –ê–±—É–∞–ª–∏ –∏–±–Ω–∏ –°–∏–Ω–æ,tajmedun,https://x.com/tajmedun,Candidates,,https://en.wikipedia.org/wiki/Lolaniso_Ismailova
377,Iran candidate,thebest,thebest,https://x.com/thebest,Candidates,,https://en.wikipedia.org/wiki/Patras
378,Iran candidate,Zal,z_al,https://x.com/z_al,iranian_writers,,https://en.wikipedia.org/wiki/Z%C4%81l
