username,display_name,description,followers_count,following_count,statuses_count,verified,created_at,location,url,profile_image_url,profile_banner_url,description_en,display_name_en,predicted_class,prob_0,prob_1,confidence_level,uncertainty_score,manual_person_vs_organization
ahmadsamadi1974,Ahmad Samadi,"Senior Journalist  @IranInternational  TV  iranintl.com/en  @IranIntl_En  interested in EU, Germany, international&Iran affaires, Iaea, Iran nuclear",5188.0,973.0,1979.0,False,February 2020,,,https://pbs.twimg.com/profile_images/2001266107307716608/uR5QrmOd_normal.png,,"Senior Journalist  @IranInternational  TV  iranintl.com/en  @IranIntl_En  interested in EU, Germany, international&Iran affaires, Iaea, Iran nuclear",Ahmad Samadi,0,0.3341283499769374,0.334062906579032,0.3341283499769374,0.6658716500230626,1
ahammoudmi,Abdullah H. Hammoud,Fatima's Husband. Girl Dad. Son of Immigrants. Dearborn Mayor. Epidemiologist. Policy Nerd. #GoBlue. Personal Account. World Views.,,1197.0,4731.0,False,December 2015,"Dearborn, MI",,https://pbs.twimg.com/profile_images/2001266107307716608/uR5QrmOd_normal.png,,Fatima's Husband. Girl Dad. Son of Immigrants. Dearborn Mayor. Epidemiologist. Policy Nerd. #GoBlue. Personal Account. World Views.,Abdullah H. Hammoud,1,0.3314511792823327,0.3369026444950642,0.3369026444950642,0.6630973555049358,1
alhilal_fc,Ù†Ø§Ø¯ÙŠ Ø§Ù„Ù‡Ù„Ø§Ù„ Ø§Ù„Ø³Ø¹ÙˆØ¯ÙŠ,Ø§Ù„Ø­Ø³Ø§Ø¨ Ø§Ù„Ø±Ø³Ù…ÙŠ Ù„Ù†Ø§Ø¯ÙŠ Ø§Ù„Ù‡Ù„Ø§Ù„ Ø§Ù„Ø³Ø¹ÙˆØ¯ÙŠ | English account  @Alhilal_EN  | Ø£Ù„Ø¹Ø§Ø¨ Ø§Ù„Ù‡Ù„Ø§Ù„ Ø§Ù„Ù…Ø®ØªÙ„ÙØ©  @Alhilal_SG  | Ø§Ù„ÙØ¦Ø§Øª Ø§Ù„Ø³Ù†ÙŠØ©  @Alhilal_YT,,79.0,1384.0,False,April 2009,Ø§Ù„Ù…Ù…Ù„ÙƒØ© Ø§Ù„Ø¹Ø±Ø¨ÙŠØ© Ø§Ù„Ø³Ø¹ÙˆØ¯ÙŠØ©,,https://pbs.twimg.com/profile_images/2001266107307716608/uR5QrmOd_normal.png,,Ø§Ù„Ø­Ø³Ø§Ø¨ Ø§Ù„Ø±Ø³Ù…ÙŠ Ù„Ù†Ø§Ø¯ÙŠ Ø§Ù„Ù‡Ù„Ø§Ù„ Ø§Ù„Ø³Ø¹ÙˆØ¯ÙŠ | English account  @Alhilal_EN  | Ø£Ù„Ø¹Ø§Ø¨ Ø§Ù„Ù‡Ù„Ø§Ù„ Ø§Ù„Ù…Ø®ØªÙ„ÙØ©  @Alhilal_SG  | Ø§Ù„ÙØ¦Ø§Øª Ø§Ù„Ø³Ù†ÙŠØ©  @Alhilal_YT,Ù†Ø§Ø¯ÙŠ Ø§Ù„Ù‡Ù„Ø§Ù„ Ø§Ù„Ø³Ø¹ÙˆØ¯ÙŠ,1,0.3302060321967479,0.3375335451652524,0.3375335451652524,0.6624664548347476,0
abasaslani,Abas Aslani,Journalist; Senior research fellow at the Center for Middle East Strategic Studies (CMESS). DMs open | Persian account (ØµÙØ­Ù‡ ÙØ§Ø±Ø³ÛŒ):  @AbasInfo,,2482.0,6158.0,False,August 2010,Tehran,,https://pbs.twimg.com/profile_images/2001266107307716608/uR5QrmOd_normal.png,,Journalist; Senior research fellow at the Center for Middle East Strategic Studies (CMESS). DMs open | Persian account (ØµÙØ­Ù‡ ÙØ§Ø±Ø³ÛŒ):  @AbasInfo,Abas Aslani,1,0.3286521873541115,0.3383208863210004,0.3383208863210004,0.6616791136789996,1
90ndstoppage,90ndstoppage,Get the latest on #IndianFootball  here  | Business Queries / Contact (DM)  : stoppage90nd@gmail.com | FB & IG :  @90ndstoppage,,566.0,5593.0,False,September 2020,,,https://pbs.twimg.com/profile_images/2001266107307716608/uR5QrmOd_normal.png,,Get the latest on #IndianFootball  here  | Business Queries / Contact (DM)  : stoppage90nd@gmail.com | FB & IG :  @90ndstoppage,90ndstoppage,1,0.3265092199952089,0.3390797744508669,0.3390797744508669,0.6609202255491331,0
airdropcomet,Airdrop Comet | DeFi,Stay Up-To-Date About Crypto Airdrops With Airdrop Comet  Contact:  t.me/AirdropCometAd â€¦,,3.0,126.0,False,November 2021,DeFi,,https://pbs.twimg.com/profile_images/2001266107307716608/uR5QrmOd_normal.png,,Stay Up-To-Date About Crypto Airdrops With Airdrop Comet  Contact:  t.me/AirdropCometAd â€¦,Airdrop Comet | DeFi,1,0.3265092199952089,0.3390797744508669,0.3390797744508669,0.6609202255491331,0
alexeygorboot,Alexey Gorboot,"Cartoonist, comic book artist. Much love to the classical comics. Contact me for commissions.",,242.0,2237.0,False,April 2020,,,https://pbs.twimg.com/profile_images/2001266107307716608/uR5QrmOd_normal.png,,"Cartoonist, comic book artist. Much love to the classical comics. Contact me for commissions.",Alexey Gorboot,1,0.3265092199952089,0.3390797744508669,0.3390797744508669,0.6609202255491331,1
allysonjsmith,Allyson June Smith,"Comedian. Podcaster  @WTB_Podcast , and  @HorrorMotel  All opinions expressed here are truly my own..... because my Mom isn't on twitter.",2842.0,946.0,3890.0,False,August 2010,Toronto/Manchester,,https://pbs.twimg.com/profile_images/2001266107307716608/uR5QrmOd_normal.png,,"Comedian. Podcaster  @WTB_Podcast , and  @HorrorMotel  All opinions expressed here are truly my own..... because my Mom isn't on twitter.",Allyson June Smith,1,0.3350343894954902,0.3392016710556427,0.3392016710556427,0.6607983289443573,1
agnescallamard,Agnes Callamard,"Secretary General, Amnesty International. Ex UN Special Rapporteur and Columbia Univ. Tweets on human rights. Views my own.  @agnescallamard .bsky.socia",,2694.0,1307.0,False,July 2011,London,,https://pbs.twimg.com/profile_images/2001266107307716608/uR5QrmOd_normal.png,,"Secretary General, Amnesty International. Ex UN Special Rapporteur and Columbia Univ. Tweets on human rights. Views my own.  @agnescallamard .bsky.socia",Agnes Callamard,1,0.3220181501700469,0.3405361341380088,0.3405361341380088,0.6594638658619911,1
_uzbekfootball,Conor ğŸ´ó §ó ¢ó ³ó £ó ´ó ¿ğŸ‡ºğŸ‡¿,Follows Pakhtakor and all things Uzbek football related. Back up account  @Uzbek_football,2813.0,331.0,,False,April 2019,"Newcastle Upon Tyne, England",,https://pbs.twimg.com/profile_images/2001266107307716608/uR5QrmOd_normal.png,,Follows Pakhtakor and all things Uzbek football related. Back up account  @Uzbek_football,Conor ğŸ´ó §ó ¢ó ³ó £ó ´ó ¿ğŸ‡ºğŸ‡¿,0,0.3497658768442869,0.3276249797972561,0.3497658768442869,0.650234123155713,1
aishaabbass3176,Maryam shahab,Account auditor,117.0,1380.0,0.0,False,March 2025,"New York, USA",,https://pbs.twimg.com/profile_images/2001266107307716608/uR5QrmOd_normal.png,,Account auditor,Maryam shahab,0,0.3497658768442869,0.3276249797972561,0.3497658768442869,0.650234123155713,1
adamlawschool,Amsterdam Law School,"Welcome to the Amsterdam Law School!  We draw students worldwide, bringing a truly international atmosphere.  bsky.app/profile/uvalaw â€¦",4154.0,2252.0,4661.0,False,February 2014,Amsterdam,,https://pbs.twimg.com/profile_images/2001266107307716608/uR5QrmOd_normal.png,,"Welcome to the Amsterdam Law School!  We draw students worldwide, bringing a truly international atmosphere.  bsky.app/profile/uvalaw â€¦",Amsterdam Law School,0,0.3554724544498878,0.3227044976645536,0.3554724544498878,0.6445275455501123,0
_gpaolo,Giuseppe Paolo,Research scientist  @CognizantAILab  | PhD in AI and Robotics | Hobbist photographer |   Opinions are my own,321.0,506.0,1140.0,False,July 2012,"Parigi, Francia",,https://pbs.twimg.com/profile_images/2001266107307716608/uR5QrmOd_normal.png,,Research scientist  @CognizantAILab  | PhD in AI and Robotics | Hobbist photographer |   Opinions are my own,Giuseppe Paolo,0,0.3567841407861582,0.3296987161098297,0.3567841407861582,0.6432158592138417,1
__injaneb96,Ø«Ù†Ø§ Ø§Ø¨Ø±Ø§Ù‡ÛŒÙ…ÛŒ | Sana Ebrahimi,"A PhD candidate passionate about politics, fighting Islamists and terrorists. A retweet is not an endorsement. Opinions are mine.",,837.0,5593.0,False,March 2019,,,https://pbs.twimg.com/profile_images/2001266107307716608/uR5QrmOd_normal.png,,"A PhD candidate passionate about politics, fighting Islamists and terrorists. A retweet is not an endorsement. Opinions are mine.",Ø«Ù†Ø§ Ø§Ø¨Ø±Ø§Ù‡ÛŒÙ…ÛŒ | Sana Ebrahimi,0,0.3567841407861582,0.3296987161098297,0.3567841407861582,0.6432158592138417,1
"AliAlAhmed_en",Ali AlAhmed,"investigations, opinions, ideas, articles- EMAIL--  @alialahmedx  - @Gmail -",,1374.0,1332.0,False,March 2012,Washington DC,,https://pbs.twimg.com/profile_images/2001266107307716608/uR5QrmOd_normal.png,,"investigations, opinions, ideas, articles- EMAIL--  @alialahmedx  - @Gmail -",Ali AlAhmed,0,0.3567841407861582,0.3296987161098297,0.3567841407861582,0.6432158592138417,1
aardavann,Ardavan Jafarian,Vice-President of Executive Board of Intâ€™l Music Council | Music Producer | Musician,161.0,123.0,377.0,False,February 2012,Neverland,,https://pbs.twimg.com/profile_images/2001266107307716608/uR5QrmOd_normal.png,,Vice-President of Executive Board of Intâ€™l Music Council | Music Producer | Musician,Ardavan Jafarian,0,0.3575048684301831,0.3219734638772472,0.3575048684301831,0.6424951315698169,1
_ganeshp,GaneshğŸ’°Padmanabhan âš•ï¸ğŸ¦¾,"Founder & CEO  @AutonomizeAI . #Data, #AI, #metaverse. 2x startups pod  @StoriesinAI , super long on AI, open source, people, love and crypto",2080.0,1005.0,,False,April 2011,"Austin, TX",,https://pbs.twimg.com/profile_images/2001266107307716608/uR5QrmOd_normal.png,,"Founder & CEO  @AutonomizeAI . #Data, #AI, #metaverse. 2x startups pod  @StoriesinAI , super long on AI, open source, people, love and crypto",GaneshğŸ’°Padmanabhan âš•ï¸ğŸ¦¾,0,0.3588746323849931,0.3229802813430349,0.3588746323849931,0.6411253676150068,1
_atscale,ATscale,Global partnership aiming to reach 500 million people in LMICs with the life-changing AT they need by 2030. ATscale is hosted by  @UNOPS,2202.0,1211.0,2496.0,False,July 2018,Geneva,,https://pbs.twimg.com/profile_images/2001266107307716608/uR5QrmOd_normal.png,,Global partnership aiming to reach 500 million people in LMICs with the life-changing AT they need by 2030. ATscale is hosted by  @UNOPS,ATscale,0,0.3588746323849931,0.3229802813430349,0.3588746323849931,0.6411253676150068,0
abajournal,ABA Journal,"We're the flagship magazine of the ABA, covering the trends, people and finances of the legal profession from Wall Street to Main Street to Pennsylvania Avenue.",,1364.0,6157.0,False,April 2008,ABAJournal.com,,https://pbs.twimg.com/profile_images/2001266107307716608/uR5QrmOd_normal.png,,"We're the flagship magazine of the ABA, covering the trends, people and finances of the legal profession from Wall Street to Main Street to Pennsylvania Avenue.",ABA Journal,0,0.3588746323849931,0.3229802813430349,0.3588746323849931,0.6411253676150068,0
_advanceuk,Advance UK,"Striving for a proud, independent and prosperous United Kingdom. We stand for nation, freedom, democracy and equality under the law.  Led by  @benhabib6",1.0,362.0,1638.0,False,June 2025,http://www.advanceuk.org.uk,,https://pbs.twimg.com/profile_images/2001266107307716608/uR5QrmOd_normal.png,,"Striving for a proud, independent and prosperous United Kingdom. We stand for nation, freedom, democracy and equality under the law.  Led by  @benhabib6",Advance UK,1,0.2854193498913414,0.3602402117516394,0.3602402117516394,0.6397597882483606,0
alybor11,Aly Borromeo,Perseverance is what makes us.. KayaFC  @alybor11,,483.0,5034.0,False,January 2011,Philippines,,https://pbs.twimg.com/profile_images/2001266107307716608/uR5QrmOd_normal.png,,Perseverance is what makes us.. KayaFC  @alybor11,Aly Borromeo,1,0.2854193498913414,0.3602402117516394,0.3602402117516394,0.6397597882483606,1
031es,031esf,031,0.0,11.0,1.0,False,December 2025,,,https://pbs.twimg.com/profile_images/2001266107307716608/uR5QrmOd_normal.png,,031,031esf,1,0.2854193498913414,0.3602402117516394,0.3602402117516394,0.6397597882483606,1
_iweni,ğŸŒšğŸ¤,Ø¨ÙÚ¯Ø°Ø§Ø± Ú¯ÙÙ…â€Œ Ø´ÙÙˆÙÙ… Ø¯ÙØ± ØªÙˆ ...,80.0,370.0,96.0,False,May 2022,,,https://pbs.twimg.com/profile_images/2001266107307716608/uR5QrmOd_normal.png,,Ø¨ÙÚ¯Ø°Ø§Ø± Ú¯ÙÙ…â€Œ Ø´ÙÙˆÙÙ… Ø¯ÙØ± ØªÙˆ ...,ğŸŒšğŸ¤,1,0.2854193498913414,0.3602402117516394,0.3602402117516394,0.6397597882483606,1
_danielsantini,Daniel Santini,coordenador  @frosaluxemburgo  | doutorando/PhD Student em Planejamento Urbano e Regional  @usponline  | Mestre em CiÃªncias/M.Sc.  @FAUUSPoficial  | jornalista,1768.0,1888.0,3079.0,False,January 2017,"SÃ£o Paulo, Brasil",,https://pbs.twimg.com/profile_images/2001266107307716608/uR5QrmOd_normal.png,,coordenador  @frosaluxemburgo  | doutorando/PhD Student em Planejamento Urbano e Regional  @usponline  | Mestre em CiÃªncias/M.Sc.  @FAUUSPoficial  | jornalista,Daniel Santini,1,0.2854193498913414,0.3602402117516394,0.3602402117516394,0.6397597882483606,1
_ellrose,ell,,5833.0,225.0,,False,May 2013,"Manchester, England",,https://pbs.twimg.com/profile_images/2001266107307716608/uR5QrmOd_normal.png,,,ell,1,0.2854193498913414,0.3602402117516394,0.3602402117516394,0.6397597882483606,1
_alevgundogan_,Alev GÃ¼ndoÄŸan,,0.0,4.0,0.0,False,December 2025,,,https://pbs.twimg.com/profile_images/2001266107307716608/uR5QrmOd_normal.png,,,Alev GÃ¼ndoÄŸan,1,0.2854193498913414,0.3602402117516394,0.3602402117516394,0.6397597882483606,1
_ali_najjar_,Ø¹Ù„ÛŒ Ù†Ø¬Ø§Ø±,Ø§Ùˆ Ø§Ø² Ù¾ÛŒØ±ÙˆØ§Ù† Ù… Ø­ Ù… Ø¯ Ø¨Ù† Ø­Ø³Ù† Ø¨ÙˆØ¯,770.0,890.0,4161.0,False,December 2018,Ú©Ù‡Ú©Ø´Ø§Ù† Ø±Ø§Ù‡ Ø´ÛŒØ±ÛŒ ØŒ Ø¯Ø³Øª Ú†Ù¾,,https://pbs.twimg.com/profile_images/2001266107307716608/uR5QrmOd_normal.png,,Ø§Ùˆ Ø§Ø² Ù¾ÛŒØ±ÙˆØ§Ù† Ù… Ø­ Ù… Ø¯ Ø¨Ù† Ø­Ø³Ù† Ø¨ÙˆØ¯,Ø¹Ù„ÛŒ Ù†Ø¬Ø§Ø±,1,0.2854193498913414,0.3602402117516394,0.3602402117516394,0.6397597882483606,1
_aliemili_,Ali Emili,Ú©Ø¯ Ù…ÛŒâ€ŒÙ†ÙˆÛŒØ³Ù…ØŒ Ú¯ÛŒØªØ§Ø± Ø§Ù„Ú©ØªØ±ÛŒÚ© Ù…ÛŒØ²Ù†Ù…ØŒ Ø¯Ùˆ Ø®Ø· Ú©ØªØ§Ø¨ Ù…ÛŒâ€ŒØ®ÙˆÙ†Ù… Ùˆ ÙÛŒÙ„Ù… Ùˆ Ø³Ø±ÛŒØ§Ù„ Ù…ÛŒâ€ŒØ¨ÛŒÙ†Ù…ØŒ ÛŒÙ‡ ÙˆØ±Ø²Ø´ÛŒâ€ŒØ§Ù… Ù…ÛŒâ€ŒÚ©Ù†Ù… Ùˆ Ø§ÛŒÙ†Ø§ØŒ Ø§Ù†Ú¯Ù„ÛŒØ³ÛŒ Ùˆ Ø¢Ù„Ù…Ø§Ù†ÛŒ Ù…ÛŒâ€ŒØ®ÙˆÙ†Ù…ØŒ Ø§Ø³Ù… Ø§ÛŒÙ†Ø§Ø±Ùˆ ÙØ¹Ù„Ø§ Ú¯Ø°Ø§Ø´ØªÙ… Ù‡ÙˆÛŒØª.,9.0,132.0,87.0,False,December 2025,,,https://pbs.twimg.com/profile_images/2001266107307716608/uR5QrmOd_normal.png,,Ú©Ø¯ Ù…ÛŒâ€ŒÙ†ÙˆÛŒØ³Ù…ØŒ Ú¯ÛŒØªØ§Ø± Ø§Ù„Ú©ØªØ±ÛŒÚ© Ù…ÛŒØ²Ù†Ù…ØŒ Ø¯Ùˆ Ø®Ø· Ú©ØªØ§Ø¨ Ù…ÛŒâ€ŒØ®ÙˆÙ†Ù… Ùˆ ÙÛŒÙ„Ù… Ùˆ Ø³Ø±ÛŒØ§Ù„ Ù…ÛŒâ€ŒØ¨ÛŒÙ†Ù…ØŒ ÛŒÙ‡ ÙˆØ±Ø²Ø´ÛŒâ€ŒØ§Ù… Ù…ÛŒâ€ŒÚ©Ù†Ù… Ùˆ Ø§ÛŒÙ†Ø§ØŒ Ø§Ù†Ú¯Ù„ÛŒØ³ÛŒ Ùˆ Ø¢Ù„Ù…Ø§Ù†ÛŒ Ù…ÛŒâ€ŒØ®ÙˆÙ†Ù…ØŒ Ø§Ø³Ù… Ø§ÛŒÙ†Ø§Ø±Ùˆ ÙØ¹Ù„Ø§ Ú¯Ø°Ø§Ø´ØªÙ… Ù‡ÙˆÛŒØª.,Ali Emili,1,0.2854193498913414,0.3602402117516394,0.3602402117516394,0.6397597882483606,1
_alignments,Alignments,"@__Think_ ,",15.0,13.0,2.0,False,June 2025,,,https://pbs.twimg.com/profile_images/2001266107307716608/uR5QrmOd_normal.png,,"@__Think_ ,",Alignments,1,0.2854193498913414,0.3602402117516394,0.3602402117516394,0.6397597882483606,1
_alonso11,Alonso MartÃ­nez,Jugador de New York city,7990.0,102.0,77.0,False,August 2016,"Puntarenas, Costa Rica",,https://pbs.twimg.com/profile_images/2001266107307716608/uR5QrmOd_normal.png,,Jugador de New York city,Alonso MartÃ­nez,1,0.2854193498913414,0.3602402117516394,0.3602402117516394,0.6397597882483606,1
_____zhang____,Mr. Zhang Wei / credit manager SINOPAC BANK,= æ°¸è±éŠ€è¡Œ Bank SinoPac å£«æ±åˆ†è¡Œ bank.sinopac.com/sinopacBT/en/i â€¦  æ°¸ä¸°é‡‘æ§æœ‰é™å…¬å¸ æƒ èª‰è¯„çº§ä¸­çš„å®ä½“ã€‚å…¨çƒèµ„æœ¬å¸‚åœºçš„ä¿¡ç”¨è¯„çº§ã€ç ”ç©¶å’Œåˆ†æã€‚SinoPac FinancialHoldings Limited,5.0,208.0,2.0,False,May 2025,hong kong,,https://pbs.twimg.com/profile_images/2001266107307716608/uR5QrmOd_normal.png,,= æ°¸è±éŠ€è¡Œ Bank SinoPac å£«æ±åˆ†è¡Œ bank.sinopac.com/sinopacBT/en/i â€¦  æ°¸ä¸°é‡‘æ§æœ‰é™å…¬å¸ æƒ èª‰è¯„çº§ä¸­çš„å®ä½“ã€‚å…¨çƒèµ„æœ¬å¸‚åœºçš„ä¿¡ç”¨è¯„çº§ã€ç ”ç©¶å’Œåˆ†æã€‚SinoPac FinancialHoldings Limited,Mr. Zhang Wei / credit manager SINOPAC BANK,1,0.2854193498913414,0.3602402117516394,0.3602402117516394,0.6397597882483606,1
_h_o_o_r_,sina,Intl Law UT  | Ø¹Ø´Ù‚ Ø§ÛŒØ±Ø§Ù† Ø¯Ø± Ø³Ø±Ø´ØŒ Ù‡Ù…Ú†Ùˆ Ù…Ù†.,113.0,41.0,116.0,False,August 2018,IRAN,,https://pbs.twimg.com/profile_images/2001266107307716608/uR5QrmOd_normal.png,,Intl Law UT  | Ø¹Ø´Ù‚ Ø§ÛŒØ±Ø§Ù† Ø¯Ø± Ø³Ø±Ø´ØŒ Ù‡Ù…Ú†Ùˆ Ù…Ù†.,sina,1,0.2854193498913414,0.3602402117516394,0.3602402117516394,0.6397597882483606,1
_hasanbro,Hasan Bro,Muslim,94.0,249.0,173.0,False,October 2025,,,https://pbs.twimg.com/profile_images/2001266107307716608/uR5QrmOd_normal.png,,Muslim,Hasan Bro,1,0.2854193498913414,0.3602402117516394,0.3602402117516394,0.6397597882483606,1
_angry_n___,i N !,ØªØ§ Ø§Ø·Ù„Ø§Ø¹ Ø«Ø§Ù†ÙˆÛŒ ÙÙ‚Ø· #Ø²Ù†_Ø²Ù†Ø¯Ú¯ÛŒ_Ø¢Ø²Ø§Ø¯ÛŒ,149.0,160.0,4797.0,False,October 2015,!,,https://pbs.twimg.com/profile_images/2001266107307716608/uR5QrmOd_normal.png,,ØªØ§ Ø§Ø·Ù„Ø§Ø¹ Ø«Ø§Ù†ÙˆÛŒ ÙÙ‚Ø· #Ø²Ù†_Ø²Ù†Ø¯Ú¯ÛŒ_Ø¢Ø²Ø§Ø¯ÛŒ,i N !,1,0.2854193498913414,0.3602402117516394,0.3602402117516394,0.6397597882483606,1
_atefehshams_,Ø¹Ø§Ø·ÙÙ‡ Ø´Ù…Ø³,Ø±ÙˆØ²Ù†Ø§Ù…Ù‡â€ŒÙ†Ú¯Ø§Ø±,4.0,50.0,0.0,False,August 2025,,,https://pbs.twimg.com/profile_images/2001266107307716608/uR5QrmOd_normal.png,,Ø±ÙˆØ²Ù†Ø§Ù…Ù‡â€ŒÙ†Ú¯Ø§Ø±,Ø¹Ø§Ø·ÙÙ‡ Ø´Ù…Ø³,1,0.2854193498913414,0.3602402117516394,0.3602402117516394,0.6397597882483606,1
_bonos_,ğŸŒŸ,,40.0,7500.0,,False,November 2022,,,https://pbs.twimg.com/profile_images/2001266107307716608/uR5QrmOd_normal.png,,,ğŸŒŸ,1,0.2854193498913414,0.3602402117516394,0.3602402117516394,0.6397597882483606,1
_carneosso,â™¡ *à³ƒÂ°à¼„ ğ“¢ğ“ªğ“«ğ“»ğ“²ğ“·ğ“ª ğ“¢ğ“¾ğ“»ğ“½ğ“¸ Â¸.â€¢Â°*Â°â‹†.à³ƒà¿”*,"/ perto do osso a carne Ã© mais gostosa / Ëš à¼˜âœ¶ videomaker, mama snake na  @MAMBANEGRAHHHH  y kweeng em  @TETOPRETOOO",1806.0,425.0,2277.0,False,April 2009,"SÃ£o Paulo, Brasil",,https://pbs.twimg.com/profile_images/2001266107307716608/uR5QrmOd_normal.png,,"/ perto do osso a carne Ã© mais gostosa / Ëš à¼˜âœ¶ videomaker, mama snake na  @MAMBANEGRAHHHH  y kweeng em  @TETOPRETOOO",â™¡ *à³ƒÂ°à¼„ ğ“¢ğ“ªğ“«ğ“»ğ“²ğ“·ğ“ª ğ“¢ğ“¾ğ“»ğ“½ğ“¸ Â¸.â€¢Â°*Â°â‹†.à³ƒà¿”*,1,0.2854193498913414,0.3602402117516394,0.3602402117516394,0.6397597882483606,1
_celestraa,Gem - Komaeda Brain rot âœŒğŸ»ï¸,Just a weenus,98.0,667.0,1998.0,False,December 2012,Melbourne,,https://pbs.twimg.com/profile_images/2001266107307716608/uR5QrmOd_normal.png,,Just a weenus,Gem - Komaeda Brain rot âœŒğŸ»ï¸,1,0.2854193498913414,0.3602402117516394,0.3602402117516394,0.6397597882483606,0
_iwftw,ğ°¯ğ±ƒğ°¢ğ°š|ÙØ¢Ø·ÙÙ…ÙğŸ‹,Ø§ÛŒØ³ØªÙ‡â€ŒØ³Ù† ÛŒØ§Ù†Ø¯ÛŒØ± ÛŒØ§Ù†Ù…Ø§ØºØ§ Ø¢Ù„ÛŒØ´Ø§Ø±ÛŒÙ‚ Ú©ÙˆÙ„ Ø§ÙˆÙ„ÙˆØ¨ ÛŒØ¦Ù†ÛŒØ¯Ù† Ø¯ÙˆØºÙˆÙ„Ø§Ø±ÛŒÙ‚ Ø³ÙˆÙ†Ø±Ø§..,1216.0,819.0,4248.0,False,March 2023,TÉ™brizli-,,https://pbs.twimg.com/profile_images/2001266107307716608/uR5QrmOd_normal.png,,Ø§ÛŒØ³ØªÙ‡â€ŒØ³Ù† ÛŒØ§Ù†Ø¯ÛŒØ± ÛŒØ§Ù†Ù…Ø§ØºØ§ Ø¢Ù„ÛŒØ´Ø§Ø±ÛŒÙ‚ Ú©ÙˆÙ„ Ø§ÙˆÙ„ÙˆØ¨ ÛŒØ¦Ù†ÛŒØ¯Ù† Ø¯ÙˆØºÙˆÙ„Ø§Ø±ÛŒÙ‚ Ø³ÙˆÙ†Ø±Ø§..,ğ°¯ğ±ƒğ°¢ğ°š|ÙØ¢Ø·ÙÙ…ÙğŸ‹,1,0.2854193498913414,0.3602402117516394,0.3602402117516394,0.6397597882483606,1
_iwtiina,Tina,,0.0,4.0,0.0,False,November 2025,,,https://pbs.twimg.com/profile_images/2001266107307716608/uR5QrmOd_normal.png,,,Tina,1,0.2854193498913414,0.3602402117516394,0.3602402117516394,0.6397597882483606,1
_fatemeramezani,ÙØ§Ø·Ù…â€ŒÙ‡,,9.0,24.0,540.0,False,March 2021,,,https://pbs.twimg.com/profile_images/2001266107307716608/uR5QrmOd_normal.png,,,ÙØ§Ø·Ù…â€ŒÙ‡,1,0.2854193498913414,0.3602402117516394,0.3602402117516394,0.6397597882483606,1
_freeeagle_,Free eagle,Ø³Ø¬Ù„ Ø§Ù†Ø§ Ø¹Ø±Ø¨ÙŠ,138.0,213.0,2333.0,False,August 2014,,,https://pbs.twimg.com/profile_images/2001266107307716608/uR5QrmOd_normal.png,,Ø³Ø¬Ù„ Ø§Ù†Ø§ Ø¹Ø±Ø¨ÙŠ,Free eagle,1,0.2854193498913414,0.3602402117516394,0.3602402117516394,0.6397597882483606,0
_garrulus,Garrulus,,112.0,475.0,654.0,False,July 2025,,,https://pbs.twimg.com/profile_images/2001266107307716608/uR5QrmOd_normal.png,,,Garrulus,1,0.2854193498913414,0.3602402117516394,0.3602402117516394,0.6397597882483606,1
_ghazaltaleb,Ghazal,,13.0,47.0,3115.0,False,February 2020,,,https://pbs.twimg.com/profile_images/2001266107307716608/uR5QrmOd_normal.png,,,Ghazal,1,0.2854193498913414,0.3602402117516394,0.3602402117516394,0.6397597882483606,1
alparsai,Ali Parsai,"Soyez rÃ©alistes, demandez l'impossible.",377.0,958.0,5809.0,False,November 2016,Planet Earth,,https://pbs.twimg.com/profile_images/2001266107307716608/uR5QrmOd_normal.png,,"Soyez rÃ©alistes, demandez l'impossible.",Ali Parsai,1,0.2854193498913414,0.3602402117516394,0.3602402117516394,0.6397597882483606,1
alpeeoqiw49588,Kelly Poe,,27.0,1048.0,0.0,False,October 2025,,,https://pbs.twimg.com/profile_images/2001266107307716608/uR5QrmOd_normal.png,,,Kelly Poe,1,0.2854193498913414,0.3602402117516394,0.3602402117516394,0.6397597882483606,1
_hqaddomi,Hisham Qaddoumi,,33.0,359.0,247.0,False,August 2022,,,https://pbs.twimg.com/profile_images/2001266107307716608/uR5QrmOd_normal.png,,,Hisham Qaddoumi,1,0.2854193498913414,0.3602402117516394,0.3602402117516394,0.6397597882483606,1
_husseinth3,Ø­Ø³ÙŠÙ† Ø§Ù„Ø¹Ù†Ø²ÙŠâšœï¸,,2.0,6.0,0.0,False,December 2025,Iraq,,https://pbs.twimg.com/profile_images/2001266107307716608/uR5QrmOd_normal.png,,,Ø­Ø³ÙŠÙ† Ø§Ù„Ø¹Ù†Ø²ÙŠâšœï¸,1,0.2854193498913414,0.3602402117516394,0.3602402117516394,0.6397597882483606,1
_iamnaaz_,Elnaaz Norouzi,Let me act and I'll be happy,,232.0,3225.0,False,February 2013,India,,https://pbs.twimg.com/profile_images/2001266107307716608/uR5QrmOd_normal.png,,Let me act and I'll be happy,Elnaaz Norouzi,1,0.2854193498913414,0.3602402117516394,0.3602402117516394,0.6397597882483606,1
_ipesarekhob,Ù¾ÙØ³ÙØ±Ù Ø®ÙˆØ¨Ù’,,899.0,1056.0,3112.0,False,August 2022,,,https://pbs.twimg.com/profile_images/2001266107307716608/uR5QrmOd_normal.png,,,Ù¾ÙØ³ÙØ±Ù Ø®ÙˆØ¨Ù’,1,0.2854193498913414,0.3602402117516394,0.3602402117516394,0.6397597882483606,1
_irani_mohammad,MhmmdShajarian,,8.0,1774.0,58.0,False,December 2020,,,https://pbs.twimg.com/profile_images/2001266107307716608/uR5QrmOd_normal.png,,,MhmmdShajarian,1,0.2854193498913414,0.3602402117516394,0.3602402117516394,0.6397597882483606,1
almww10,almomo,,19.0,776.0,9.0,False,October 2025,,,https://pbs.twimg.com/profile_images/2001266107307716608/uR5QrmOd_normal.png,,,almomo,1,0.2854193498913414,0.3602402117516394,0.3602402117516394,0.6397597882483606,1
_mehrabooon,Ù…Ù‡Ø±Ø¨ÙˆÙˆÙ†,Ù…ØªØ¹Ù‡Ø¯ Ø¨Ù‡ Ø¹Ø´Ù‚ Ø¬Ø§Ù†,2336.0,2501.0,1681.0,False,January 2021,Ø¢Ù†Ø¬Ø§ Ú©Ù‡ Ø¯Ù„ Ø®ÙˆØ´ Ø§Ø³Øª,,https://pbs.twimg.com/profile_images/2001266107307716608/uR5QrmOd_normal.png,,Ù…ØªØ¹Ù‡Ø¯ Ø¨Ù‡ Ø¹Ø´Ù‚ Ø¬Ø§Ù†,Ù…Ù‡Ø±Ø¨ÙˆÙˆÙ†,1,0.2854193498913414,0.3602402117516394,0.3602402117516394,0.6397597882483606,1
_mohammad_1987_,Mohammad Mohammadi,Ø¬Ø§ÙˆÛŒØ¯ Ø§ÛŒØ±Ø§Ù† Ø²Ù…ÛŒÙ† Ø› Ø²Ù†Ø¯Ù‡ Ø¨Ø§Ø¯ Ø¢Ø²Ø§Ø¯ÛŒ,0.0,5.0,1.0,False,March 2024,"Tehran, iran",,https://pbs.twimg.com/profile_images/2001266107307716608/uR5QrmOd_normal.png,,Ø¬Ø§ÙˆÛŒØ¯ Ø§ÛŒØ±Ø§Ù† Ø²Ù…ÛŒÙ† Ø› Ø²Ù†Ø¯Ù‡ Ø¨Ø§Ø¯ Ø¢Ø²Ø§Ø¯ÛŒ,Mohammad Mohammadi,1,0.2854193498913414,0.3602402117516394,0.3602402117516394,0.6397597882483606,1
_mriyim_,Ù…Ø±ÛŒÙ…Ù…ğŸ¦‹,:)))),131.0,114.0,1.0,False,April 2023,,,https://pbs.twimg.com/profile_images/2001266107307716608/uR5QrmOd_normal.png,,:)))),Ù…Ø±ÛŒÙ…Ù…ğŸ¦‹,1,0.2854193498913414,0.3602402117516394,0.3602402117516394,0.6397597882483606,1
2_ncqr,Cotton Headed Ninny Muggins,,102.0,1586.0,287.0,False,March 2016,,,https://pbs.twimg.com/profile_images/2001266107307716608/uR5QrmOd_normal.png,,,Cotton Headed Ninny Muggins,1,0.2854193498913414,0.3602402117516394,0.3602402117516394,0.6397597882483606,0
2_rebelgirl,Rebel girl,Â« Ù†Ù‡ Ø³Ù„Ø·Ù†ØªØŒ Ù†Ù‡ Ø±Ù‡Ø¨Ø±ÛŒØŒ Ù†Ù‡ Ø§Ø±ØªØ¬Ø§Ø¹ Ø±Ø¬ÙˆÛŒ Â»        Ù„ÛŒØ¨Ø±Ø§Ù„,1399.0,1004.0,9779.0,False,February 2025,,,https://pbs.twimg.com/profile_images/2001266107307716608/uR5QrmOd_normal.png,,Â« Ù†Ù‡ Ø³Ù„Ø·Ù†ØªØŒ Ù†Ù‡ Ø±Ù‡Ø¨Ø±ÛŒØŒ Ù†Ù‡ Ø§Ø±ØªØ¬Ø§Ø¹ Ø±Ø¬ÙˆÛŒ Â»        Ù„ÛŒØ¨Ø±Ø§Ù„,Rebel girl,1,0.2854193498913414,0.3602402117516394,0.3602402117516394,0.6397597882483606,1
2000mhac,Ù…Ø­Ù…Ø¯Ø­Ø³ÛŒÙ† Ø§Ù…ÛŒÙ†Ø§ÛŒÛŒ,,1.0,20.0,0.0,False,November 2025,,,https://pbs.twimg.com/profile_images/2001266107307716608/uR5QrmOd_normal.png,,,Ù…Ø­Ù…Ø¯Ø­Ø³ÛŒÙ† Ø§Ù…ÛŒÙ†Ø§ÛŒÛŒ,1,0.2854193498913414,0.3602402117516394,0.3602402117516394,0.6397597882483606,1
2017siyasi,Dr siyasi,,206.0,306.0,6949.0,False,March 2017,,,https://pbs.twimg.com/profile_images/2001266107307716608/uR5QrmOd_normal.png,,,Dr siyasi,1,0.2854193498913414,0.3602402117516394,0.3602402117516394,0.6397597882483606,1
2025_samuel,Dr . Samuel 2025 Samuel arockiasamy (Sam),,50.0,786.0,19.0,False,November 2025,,,https://pbs.twimg.com/profile_images/2001266107307716608/uR5QrmOd_normal.png,,,Dr . Samuel 2025 Samuel arockiasamy (Sam),1,0.2854193498913414,0.3602402117516394,0.3602402117516394,0.6397597882483606,1
_rezinski,Ø±Ø¶ÛŒÙ†Ø³Ú©ÛŒ,ÙˆØ§Ø³Ù‡ Ú†Ø´Ù… Ø¢ÙØªÙ‡ Ùˆ ÙˆØ§Ø³Ù‡ Ú¯Ù„ Ø²ÛŒÙ†ØªÙ‡ Ø®Ø§Ø±,231.0,106.0,5925.0,False,November 2021,,,https://pbs.twimg.com/profile_images/2001266107307716608/uR5QrmOd_normal.png,,ÙˆØ§Ø³Ù‡ Ú†Ø´Ù… Ø¢ÙØªÙ‡ Ùˆ ÙˆØ§Ø³Ù‡ Ú¯Ù„ Ø²ÛŒÙ†ØªÙ‡ Ø®Ø§Ø±,Ø±Ø¶ÛŒÙ†Ø³Ú©ÛŒ,1,0.2854193498913414,0.3602402117516394,0.3602402117516394,0.6397597882483606,1
_sarahdavies,Sarah Davies,"Just a council estate kid. Mostly tired, fat & sweary",6039.0,2489.0,,False,February 2009,"Essex, UK",,https://pbs.twimg.com/profile_images/2001266107307716608/uR5QrmOd_normal.png,,"Just a council estate kid. Mostly tired, fat & sweary",Sarah Davies,1,0.2854193498913414,0.3602402117516394,0.3602402117516394,0.6397597882483606,1
_scandalou_,SCANDALOU,,43.0,299.0,541.0,False,August 2022,France,,https://pbs.twimg.com/profile_images/2001266107307716608/uR5QrmOd_normal.png,,,SCANDALOU,1,0.2854193498913414,0.3602402117516394,0.3602402117516394,0.6397597882483606,0
_sethnall,Seth Nall,"Christian, Husband, Father",31.0,1166.0,378.0,False,July 2021,,,https://pbs.twimg.com/profile_images/2001266107307716608/uR5QrmOd_normal.png,,"Christian, Husband, Father",Seth Nall,1,0.2854193498913414,0.3602402117516394,0.3602402117516394,0.6397597882483606,1
_shahaf_,Shahaf,"âœ¡ï¸ â€¢ mentally in the 22nd century â€¢ data scientist in finance â€¢  @bualumni  â€¢ talking about tech, consumer apps, quantum computing, culture, and shit like that",257.0,1970.0,786.0,False,December 2024,nyc,,https://pbs.twimg.com/profile_images/2001266107307716608/uR5QrmOd_normal.png,,"âœ¡ï¸ â€¢ mentally in the 22nd century â€¢ data scientist in finance â€¢  @bualumni  â€¢ talking about tech, consumer apps, quantum computing, culture, and shit like that",Shahaf,1,0.2854193498913414,0.3602402117516394,0.3602402117516394,0.6397597882483606,1
_joy_net,jÃ¸y,ZERO JOY UNTO DEATH  :::: any pronounç„¡æ€§ :  horror rpg solo game dev  @HEAVY_AS_STONE  |  industrial music as Thegn  thegn.bandcamp.com | eng/jp â†’,3285.0,734.0,5899.0,False,December 2013,Amagasakiã€€å°¼å´å¸‚,,https://pbs.twimg.com/profile_images/2001266107307716608/uR5QrmOd_normal.png,,ZERO JOY UNTO DEATH  :::: any pronounç„¡æ€§ :  horror rpg solo game dev  @HEAVY_AS_STONE  |  industrial music as Thegn  thegn.bandcamp.com | eng/jp â†’,jÃ¸y,1,0.2854193498913414,0.3602402117516394,0.3602402117516394,0.6397597882483606,0
_kuramakyubi_,Kurama KyÅ«bi,,1.0,24.0,0.0,False,December 2025,,,https://pbs.twimg.com/profile_images/2001266107307716608/uR5QrmOd_normal.png,,,Kurama KyÅ«bi,1,0.2854193498913414,0.3602402117516394,0.3602402117516394,0.6397597882483606,1
_mahdiyar313,Ø¹Ù„ÛŒ Ø§Ú©Ø¨Ø± Ø±Ø§Ø¦ÙÛŒ Ù¾ÙˆØ±,ÛŒÚ© Ø§Ù†Ù‚Ù„Ø§Ø¨ÛŒ Ø¨ÛŒâ€ŒØ²Ø§Ø± Ø§Ø² Ú†Ù¾ Ùˆ Ø±Ø§Ø³Øª /Ø¬Ø¨Ù‡Ù‡ ØµØ¨Ø­ Ø§ÛŒØ±Ø§Ù†/ Ø±ÛŒØªÙˆÛŒÛŒØª Ø¨Ù‡ Ù…Ø¹Ù†Ø§ÛŒ ØªØ§ÛŒÛŒØ¯ Ù†ÛŒØ³Øª,,1054.0,6124.0,False,November 2022,Û±:Û²Û°,,https://pbs.twimg.com/profile_images/2001266107307716608/uR5QrmOd_normal.png,,ÛŒÚ© Ø§Ù†Ù‚Ù„Ø§Ø¨ÛŒ Ø¨ÛŒâ€ŒØ²Ø§Ø± Ø§Ø² Ú†Ù¾ Ùˆ Ø±Ø§Ø³Øª /Ø¬Ø¨Ù‡Ù‡ ØµØ¨Ø­ Ø§ÛŒØ±Ø§Ù†/ Ø±ÛŒØªÙˆÛŒÛŒØª Ø¨Ù‡ Ù…Ø¹Ù†Ø§ÛŒ ØªØ§ÛŒÛŒØ¯ Ù†ÛŒØ³Øª,Ø¹Ù„ÛŒ Ø§Ú©Ø¨Ø± Ø±Ø§Ø¦ÙÛŒ Ù¾ÙˆØ±,1,0.2854193498913414,0.3602402117516394,0.3602402117516394,0.6397597882483606,1
_thebemagugu_,Thebe Magugu,"Afro-encycopaedic Fashion 52 Bompas Road, Dunkeld, Johannesburg  Tuesday - Friday: 09:00 to 17:00 Saturdays: 09:00 to 15:00",,314.0,821.0,False,May 2009,,,https://pbs.twimg.com/profile_images/2001266107307716608/uR5QrmOd_normal.png,,"Afro-encycopaedic Fashion 52 Bompas Road, Dunkeld, Johannesburg  Tuesday - Friday: 09:00 to 17:00 Saturdays: 09:00 to 15:00",Thebe Magugu,1,0.2854193498913414,0.3602402117516394,0.3602402117516394,0.6397597882483606,0
_thejimbo_,Jimbo! ğŸŒˆğŸ••ğŸŒ,Â«Ø³ØªØ§Ø¯Ù Ú©ÛŒÙˆØªâ€ŒØ³Ø§Ø²ÛŒÙ ØªÙˆØ¦ÛŒØªØ±Â»      Ù…Ù…Ú©Ù†Ù‡ Ø¯ÛŒØ± Ø¬ÙˆØ§Ø¨ Ø¨Ø¯Ù…ØŒ Ù…Ø¹Ø°Ø±Øª Ù…ÛŒâ€ŒØ®ÙˆØ§Ù… â¦,757.0,237.0,,False,October 2012,Ø³Ø±Ø²Ù…ÛŒÙ† ØºÛŒØ±Ù…Ø§Ø¯Ø±ÛŒ,,https://pbs.twimg.com/profile_images/2001266107307716608/uR5QrmOd_normal.png,,Â«Ø³ØªØ§Ø¯Ù Ú©ÛŒÙˆØªâ€ŒØ³Ø§Ø²ÛŒÙ ØªÙˆØ¦ÛŒØªØ±Â»      Ù…Ù…Ú©Ù†Ù‡ Ø¯ÛŒØ± Ø¬ÙˆØ§Ø¨ Ø¨Ø¯Ù…ØŒ Ù…Ø¹Ø°Ø±Øª Ù…ÛŒâ€ŒØ®ÙˆØ§Ù… â¦,Jimbo! ğŸŒˆğŸ••ğŸŒ,1,0.2854193498913414,0.3602402117516394,0.3602402117516394,0.6397597882483606,1
_theleftover,LEFTOVER,Ø¨Ø§Ø²Ù…Ø§Ù†Ø¯Ù‡ Û±Û´ Ø§Ú©ØªØ¨Ø± | Ù‡Ù…Ù‡â€ŒÚ©Ø§Ø±Ù‡/Ù‡ÛŒÚ†â€ŒÚ©Ø§Ø±Ù‡,462.0,563.0,8309.0,False,June 2018,Ø®Ø§Ø±Ø¬,,https://pbs.twimg.com/profile_images/2001266107307716608/uR5QrmOd_normal.png,,Ø¨Ø§Ø²Ù…Ø§Ù†Ø¯Ù‡ Û±Û´ Ø§Ú©ØªØ¨Ø± | Ù‡Ù…Ù‡â€ŒÚ©Ø§Ø±Ù‡/Ù‡ÛŒÚ†â€ŒÚ©Ø§Ø±Ù‡,LEFTOVER,1,0.2854193498913414,0.3602402117516394,0.3602402117516394,0.6397597882483606,0
_x_wolverine,Logan,"I may be wicked, but still I gave an onion. (Real name is Rhys)",810.0,2000.0,4889.0,False,November 2012,,,https://pbs.twimg.com/profile_images/2001266107307716608/uR5QrmOd_normal.png,,"I may be wicked, but still I gave an onion. (Real name is Rhys)",Logan,1,0.2854193498913414,0.3602402117516394,0.3602402117516394,0.6397597882483606,1
_ya_karim_,sÉ™s siz,â€ŒÛŒØ§Ø²ÛŒØ±Ø§Ù…ØŒ Ø¯Û†Ø²Ø¯Û† Ù‚Ø§ØªÛŒÙ„_ Ù‚Ø§ØªÛŒÙ„Ù…ÛŒÛŒØ±Ø³Ø§Ù† Ø¢ØªÛŒÙ„_ÛŒØ§Ù†Ù„ÛŒØ´ Ø¯ÛŒ Ø¯Û†Ø²Û†Ù† ÛŒØ§Ø² | Ø¨ÛŒØ±Ø¨Ø¦Ù„Ù‡Ø±ÙˆØ§Ù†Ù¾Ø±ÛŒØ´,532.0,436.0,,False,December 2023,GÃ¼ney AzÉ™rbaycan,,https://pbs.twimg.com/profile_images/2001266107307716608/uR5QrmOd_normal.png,,â€ŒÛŒØ§Ø²ÛŒØ±Ø§Ù…ØŒ Ø¯Û†Ø²Ø¯Û† Ù‚Ø§ØªÛŒÙ„_ Ù‚Ø§ØªÛŒÙ„Ù…ÛŒÛŒØ±Ø³Ø§Ù† Ø¢ØªÛŒÙ„_ÛŒØ§Ù†Ù„ÛŒØ´ Ø¯ÛŒ Ø¯Û†Ø²Û†Ù† ÛŒØ§Ø² | Ø¨ÛŒØ±Ø¨Ø¦Ù„Ù‡Ø±ÙˆØ§Ù†Ù¾Ø±ÛŒØ´,sÉ™s siz,1,0.2854193498913414,0.3602402117516394,0.3602402117516394,0.6397597882483606,1
_nafyn_,Nafyn ğŸ€,bip boup,544.0,427.0,1942.0,False,February 2020,they/elle,,https://pbs.twimg.com/profile_images/2001266107307716608/uR5QrmOd_normal.png,,bip boup,Nafyn ğŸ€,1,0.2854193498913414,0.3602402117516394,0.3602402117516394,0.6397597882483606,1
_raven_reborn_,ğŸª½,,5622.0,2129.0,,False,December 2020,,,https://pbs.twimg.com/profile_images/2001266107307716608/uR5QrmOd_normal.png,,,ğŸª½,1,0.2854193498913414,0.3602402117516394,0.3602402117516394,0.6397597882483606,1
06numerosix,komagome,â–¶ï¸  ï½¸ï½·ï½°ï½¯ï¼ï½¾ï¾šã¡ã‚ƒã‚“,1980.0,200.0,,False,February 2014,ã®ã°,,https://pbs.twimg.com/profile_images/2001266107307716608/uR5QrmOd_normal.png,,â–¶ï¸  ï½¸ï½·ï½°ï½¯ï¼ï½¾ï¾šã¡ã‚ƒã‚“,komagome,1,0.2854193498913414,0.3602402117516394,0.3602402117516394,0.6397597882483606,1
09escargot1012,ã‚¯ãƒ©ã‚¦ã‚¹32,æ¥½å¤©ã‚¤ãƒ¼ã‚°ãƒ«ã‚¹ã€AS Romaã€Galatasaray ã€åœ‹å­¸é™¢å¤§å­¸ã¨äº¬éƒ½ç”£æ¥­å¤§å­¦(é§…ä¼)ã‚’å¿œæ´ã—ã¦ã„ã¾ã™ã€‚ã‚¢ãƒã‚¬ãƒŸç­‰ãƒ©ãƒ–ã‚³ãƒ¡ã«ã¤ã„ã¦è©±ã™ã“ã¨ã‚‚å¤šã„ã§ã™ã€‚ã‚ˆã‚ã—ããŠé¡˜ã„ã—ã¾ã™(ã‚¹ãƒ‘ãƒ å¢ã¯å…¨ã¦24ï¼†ãƒ–ãƒ­ãƒƒã‚¯ã—ã¾ã™),1646.0,5841.0,,False,October 2019,,,https://pbs.twimg.com/profile_images/2001266107307716608/uR5QrmOd_normal.png,,æ¥½å¤©ã‚¤ãƒ¼ã‚°ãƒ«ã‚¹ã€AS Romaã€Galatasaray ã€åœ‹å­¸é™¢å¤§å­¸ã¨äº¬éƒ½ç”£æ¥­å¤§å­¦(é§…ä¼)ã‚’å¿œæ´ã—ã¦ã„ã¾ã™ã€‚ã‚¢ãƒã‚¬ãƒŸç­‰ãƒ©ãƒ–ã‚³ãƒ¡ã«ã¤ã„ã¦è©±ã™ã“ã¨ã‚‚å¤šã„ã§ã™ã€‚ã‚ˆã‚ã—ããŠé¡˜ã„ã—ã¾ã™(ã‚¹ãƒ‘ãƒ å¢ã¯å…¨ã¦24ï¼†ãƒ–ãƒ­ãƒƒã‚¯ã—ã¾ã™),ã‚¯ãƒ©ã‚¦ã‚¹32,1,0.2854193498913414,0.3602402117516394,0.3602402117516394,0.6397597882483606,2
0alwaysdreamer0,khe_alef,Ø¨Ø§ Ø³Ú¯â€ŒÙ‡Ø§ Ø¯ÙˆÙ†Ø¯Ù‡ØŒ Ø¨Ø§ Ù¾Ø±Ù†Ø¯Ù‡â€ŒÙ‡Ø§ Ù¾Ø±Ù†Ø¯Ù‡ØŒ Ø¨Ø§ Ú¯Ø±Ø¨Ù‡â€ŒÙ‡Ø§ ØªÙ…Ø§Ø´Ø§Ú¯Ø±,1853.0,923.0,,False,July 2009,,,https://pbs.twimg.com/profile_images/2001266107307716608/uR5QrmOd_normal.png,,Ø¨Ø§ Ø³Ú¯â€ŒÙ‡Ø§ Ø¯ÙˆÙ†Ø¯Ù‡ØŒ Ø¨Ø§ Ù¾Ø±Ù†Ø¯Ù‡â€ŒÙ‡Ø§ Ù¾Ø±Ù†Ø¯Ù‡ØŒ Ø¨Ø§ Ú¯Ø±Ø¨Ù‡â€ŒÙ‡Ø§ ØªÙ…Ø§Ø´Ø§Ú¯Ø±,khe_alef,1,0.2854193498913414,0.3602402117516394,0.3602402117516394,0.6397597882483606,1
0dybbxx0o1b5xa,CathyBryce,,112.0,4623.0,0.0,False,September 2023,,,https://pbs.twimg.com/profile_images/2001266107307716608/uR5QrmOd_normal.png,,,CathyBryce,1,0.2854193498913414,0.3602402117516394,0.3602402117516394,0.6397597882483606,1
0mfahzf4tebztdl,Ú©Ù„ÙˆÙ„,Ø²Ù†Ø¯Ú¯ÛŒ Ù†Ú©Ø±Ø¯Ù… ÙˆÙ„ÛŒ ÙØ¹Ù„Ø§ Ø²Ù†Ø¯Ù‡ Ø§Ù…,81.0,53.0,150.0,False,April 2021,,,https://pbs.twimg.com/profile_images/2001266107307716608/uR5QrmOd_normal.png,,Ø²Ù†Ø¯Ú¯ÛŒ Ù†Ú©Ø±Ø¯Ù… ÙˆÙ„ÛŒ ÙØ¹Ù„Ø§ Ø²Ù†Ø¯Ù‡ Ø§Ù…,Ú©Ù„ÙˆÙ„,1,0.2854193498913414,0.3602402117516394,0.3602402117516394,0.6397597882483606,1
0qcgdh3bdamfozf,Ù‡ÙŠØ«Ù… Ø¹Ø¨Ø¯Ù‡ Ù†Ø¹Ù…Ø§Ù† Ø§Ù„Ø­Ø¬Ø±ÙŠ,,80.0,218.0,3761.0,False,September 2021,,,https://pbs.twimg.com/profile_images/2001266107307716608/uR5QrmOd_normal.png,,,Ù‡ÙŠØ«Ù… Ø¹Ø¨Ø¯Ù‡ Ù†Ø¹Ù…Ø§Ù† Ø§Ù„Ø­Ø¬Ø±ÙŠ,1,0.2854193498913414,0.3602402117516394,0.3602402117516394,0.6397597882483606,1
_sihelvi,Ä°bn Kusay el Kerhani,sex felsefesi etik iyi sikiÅŸ felsefesi oncul anal kusay aÅŸÄ±ÄŸÄ±,16.0,73.0,119.0,False,August 2025,,,https://pbs.twimg.com/profile_images/2001266107307716608/uR5QrmOd_normal.png,,sex felsefesi etik iyi sikiÅŸ felsefesi oncul anal kusay aÅŸÄ±ÄŸÄ±,Ä°bn Kusay el Kerhani,1,0.2854193498913414,0.3602402117516394,0.3602402117516394,0.6397597882483606,2
_soommiii_,soosoo~,,27.0,85.0,79.0,False,November 2021,,,https://pbs.twimg.com/profile_images/2001266107307716608/uR5QrmOd_normal.png,,,soosoo~,1,0.2854193498913414,0.3602402117516394,0.3602402117516394,0.6397597882483606,1
4bteen,Abtinn,,17.0,391.0,12.0,False,May 2022,,,https://pbs.twimg.com/profile_images/2001266107307716608/uR5QrmOd_normal.png,,,Abtinn,1,0.2854193498913414,0.3602402117516394,0.3602402117516394,0.6397597882483606,1
4freedom4iran,Freedom,,18.0,214.0,682.0,False,September 2022,,,https://pbs.twimg.com/profile_images/2001266107307716608/uR5QrmOd_normal.png,,,Freedom,1,0.2854193498913414,0.3602402117516394,0.3602402117516394,0.6397597882483606,0
4ltgmlpx61671,Payton Brown 4LtgmLpx,,3.0,195.0,0.0,False,November 2025,,,https://pbs.twimg.com/profile_images/2001266107307716608/uR5QrmOd_normal.png,,,Payton Brown 4LtgmLpx,1,0.2854193498913414,0.3602402117516394,0.3602402117516394,0.6397597882483606,1
4m2dvxbg7uptwhz,.,,104.0,383.0,8.0,False,September 2021,,,https://pbs.twimg.com/profile_images/2001266107307716608/uR5QrmOd_normal.png,,,.,1,0.2854193498913414,0.3602402117516394,0.3602402117516394,0.6397597882483606,2
35anj,Ù†Ø´Ø±ÙŠÙ‡ Ø³Ù‡â€ŒÙ¾Ù†Ø¬,Ø§Ø² Ø±ÙˆÛŒ Ù†Ø¹Ø´ Ø¬Ù…Ù‡ÙˆØ±ÛŒ Ø§Ø³Ù„Ø§Ù…ÛŒ Ø±Ø¯ Ù…ÛŒâ€ŒØ´ÙˆÛŒÙ… #Ù‡Ù…Ú©Ø§Ø±ÛŒ_Ù…Ù„ÛŒ,,0.0,2021.0,False,February 2013,35anj,,https://pbs.twimg.com/profile_images/2001266107307716608/uR5QrmOd_normal.png,,Ø§Ø² Ø±ÙˆÛŒ Ù†Ø¹Ø´ Ø¬Ù…Ù‡ÙˆØ±ÛŒ Ø§Ø³Ù„Ø§Ù…ÛŒ Ø±Ø¯ Ù…ÛŒâ€ŒØ´ÙˆÛŒÙ… #Ù‡Ù…Ú©Ø§Ø±ÛŒ_Ù…Ù„ÛŒ,Ù†Ø´Ø±ÙŠÙ‡ Ø³Ù‡â€ŒÙ¾Ù†Ø¬,1,0.2854193498913414,0.3602402117516394,0.3602402117516394,0.6397597882483606,2
35pmrc4xezu0tvd,ĞœĞ°ĞºÑĞ°Ñ‚,,0.0,4.0,6.0,False,July 2019,,,https://pbs.twimg.com/profile_images/2001266107307716608/uR5QrmOd_normal.png,,,ĞœĞ°ĞºÑĞ°Ñ‚,1,0.2854193498913414,0.3602402117516394,0.3602402117516394,0.6397597882483606,1
3ccmke,Third Coast Cinema,,1.0,154.0,0.0,False,September 2025,"Milwaukee, WI",,https://pbs.twimg.com/profile_images/2001266107307716608/uR5QrmOd_normal.png,,,Third Coast Cinema,1,0.2854193498913414,0.3602402117516394,0.3602402117516394,0.6397597882483606,2
3eyedamir,SeyedAmir Sayyah,Ø¯ØºØ¯ØºÙ‡ Ù…Ø­ÛŒØ·â€ŒÚ©Ø³Ø¨â€ŒÙˆÚ©Ø§Ø±ØŒ Ú©Ø§Ø±Ø¢ÙØ±ÛŒÙ†ÛŒØŒ Ø´ÙØ§ÙÛŒØªØŒ Ø¹Ø¯Ø§Ù„Øª Ø±Ù‚Ø§Ø¨ØªØŒ Ø­Ù‚ÙˆÙ‚â€ŒÙ…Ø§Ù„Ú©ÛŒØªØŒ Ø­Ø§Ú©Ù…ÛŒØªâ€ŒÙ‚Ø§Ù†ÙˆÙ† Ùˆ ØªÙ†Ø¸ÛŒÙ…Ú¯Ø±ÛŒ ÙØ¬Ø§Ø²ÛŒ Ø¯Ø± Ø§ÛŒØ±Ø§Ù†. ØªÙˆØ¦ÛŒØªÙ‡Ø§Ù… Ø¨Ù‡ Ù‡ÛŒÚ† Ø´ÙˆØ±Ø§ Ùˆ Ù…Ø±Ú©Ø²ÛŒ Ø±Ø¨Ø·ÛŒ Ù†Ù  Ø¯Ø§  Ø±ÙØ¯,,438.0,5587.0,False,January 2020,,,https://pbs.twimg.com/profile_images/2001266107307716608/uR5QrmOd_normal.png,,Ø¯ØºØ¯ØºÙ‡ Ù…Ø­ÛŒØ·â€ŒÚ©Ø³Ø¨â€ŒÙˆÚ©Ø§Ø±ØŒ Ú©Ø§Ø±Ø¢ÙØ±ÛŒÙ†ÛŒØŒ Ø´ÙØ§ÙÛŒØªØŒ Ø¹Ø¯Ø§Ù„Øª Ø±Ù‚Ø§Ø¨ØªØŒ Ø­Ù‚ÙˆÙ‚â€ŒÙ…Ø§Ù„Ú©ÛŒØªØŒ Ø­Ø§Ú©Ù…ÛŒØªâ€ŒÙ‚Ø§Ù†ÙˆÙ† Ùˆ ØªÙ†Ø¸ÛŒÙ…Ú¯Ø±ÛŒ ÙØ¬Ø§Ø²ÛŒ Ø¯Ø± Ø§ÛŒØ±Ø§Ù†. ØªÙˆØ¦ÛŒØªÙ‡Ø§Ù… Ø¨Ù‡ Ù‡ÛŒÚ† Ø´ÙˆØ±Ø§ Ùˆ Ù…Ø±Ú©Ø²ÛŒ Ø±Ø¨Ø·ÛŒ Ù†Ù  Ø¯Ø§  Ø±ÙØ¯,SeyedAmir Sayyah,1,0.2854193498913414,0.3602402117516394,0.3602402117516394,0.6397597882483606,1
7833753,Parth,Thanks Crypto and Bitcoin,110.0,4666.0,8607.0,False,June 2016,Howrah,,https://pbs.twimg.com/profile_images/2001266107307716608/uR5QrmOd_normal.png,,Thanks Crypto and Bitcoin,Parth,1,0.2854193498913414,0.3602402117516394,0.3602402117516394,0.6397597882483606,2
10190celine,CÃ©line,,96.0,3455.0,2320.0,False,June 2012,,,https://pbs.twimg.com/profile_images/2001266107307716608/uR5QrmOd_normal.png,,,CÃ©line,1,0.2854193498913414,0.3602402117516394,0.3602402117516394,0.6397597882483606,1
105_sakariyou,Sakariyou_105,Ø¨Ø§ØºÛŒØ±ØªØ§Ù† Ø§ÛŒØ±Ø§Ù† Ù‡Ù…Ø±Ø§Ù‡ Ø¨Ø§ Ù‚ÛŒØ§Ù…â€ŒØ³Ù¾ÛŒØ¯ Ø¨ Ø±Ù‡Ø¨Ø±ÛŒ Ø¯Ú©ØªØ±Ø³Ø§ÛŒØ§Ù† Ø¨Ø±Ø§ÛŒ Ù¾Ø§ÛŒØ§Ù† Ø¯Ø§Ø¯Ù† Ø¨Ù‡ Ø­Ú©ÙˆÙ…Øª Ø®Ø§Ù…Ù†Ù‡â€ŒØ§ÛŒ Ù†Ø§Ù…Ø±Ø¯   Ù¾ÛŒØ§Ù… Ø¯Ù‡ÛŒØ¯ Ø¨Ù‡,100.0,428.0,271.0,False,October 2021,,,https://pbs.twimg.com/profile_images/2001266107307716608/uR5QrmOd_normal.png,,Ø¨Ø§ØºÛŒØ±ØªØ§Ù† Ø§ÛŒØ±Ø§Ù† Ù‡Ù…Ø±Ø§Ù‡ Ø¨Ø§ Ù‚ÛŒØ§Ù…â€ŒØ³Ù¾ÛŒØ¯ Ø¨ Ø±Ù‡Ø¨Ø±ÛŒ Ø¯Ú©ØªØ±Ø³Ø§ÛŒØ§Ù† Ø¨Ø±Ø§ÛŒ Ù¾Ø§ÛŒØ§Ù† Ø¯Ø§Ø¯Ù† Ø¨Ù‡ Ø­Ú©ÙˆÙ…Øª Ø®Ø§Ù…Ù†Ù‡â€ŒØ§ÛŒ Ù†Ø§Ù…Ø±Ø¯   Ù¾ÛŒØ§Ù… Ø¯Ù‡ÛŒØ¯ Ø¨Ù‡,Sakariyou_105,1,0.2854193498913414,0.3602402117516394,0.3602402117516394,0.6397597882483606,2
10am,â˜†â™© â™ª â™« â™¬â™¡,,69.0,358.0,2320.0,False,September 2008,ç”µè„‘å‰,,https://pbs.twimg.com/profile_images/2001266107307716608/uR5QrmOd_normal.png,,,â˜†â™© â™ª â™« â™¬â™¡,1,0.2854193498913414,0.3602402117516394,0.3602402117516394,0.6397597882483606,2
12_adin10571,Adin 12,,0.0,6.0,0.0,False,December 2025,,,https://pbs.twimg.com/profile_images/2001266107307716608/uR5QrmOd_normal.png,,,Adin 12,1,0.2854193498913414,0.3602402117516394,0.3602402117516394,0.6397597882483606,1
1364ghazal62816,somaih1363,Ú¯Ù„ ÛŒØ®,3.0,17.0,1.0,False,April 2023,ØªÙ‡Ø±Ø§Ù†,,https://pbs.twimg.com/profile_images/2001266107307716608/uR5QrmOd_normal.png,,Ú¯Ù„ ÛŒØ®,somaih1363,1,0.2854193498913414,0.3602402117516394,0.3602402117516394,0.6397597882483606,1
42potatoesss,Ishita Dasgupta,,1.0,77.0,0.0,False,October 2023,,,https://pbs.twimg.com/profile_images/2001266107307716608/uR5QrmOd_normal.png,,,Ishita Dasgupta,1,0.2854193498913414,0.3602402117516394,0.3602402117516394,0.6397597882483606,1
433_uae2,Ø¹Ù…ÙŠØ¯ Ø§Ù„Ø±ÙŠØ§Ø¶Ø©,Ù…Ù†ØµØ© Ø±ÙŠØ§Ø¶ÙŠØ© Ø¥Ù…Ø§Ø±Ø§ØªÙŠØ©  ØªØºØ·ÙŠ Ø§Ù„Ø­Ø¯Ø« Ù…Ø­Ù„ÙŠØ§Ù‹ ÙˆØ¹Ø§Ù„Ù…ÙŠØ§Ù‹,,178.0,5587.0,False,November 2020,Ø§Ù„Ø§Ù…Ø§Ø±Ø§Øª Ø§Ù„Ø¹Ø±Ø¨ÙŠØ© Ø§Ù„Ù…ØªØ­Ø¯Ø©,,https://pbs.twimg.com/profile_images/2001266107307716608/uR5QrmOd_normal.png,,Ù…Ù†ØµØ© Ø±ÙŠØ§Ø¶ÙŠØ© Ø¥Ù…Ø§Ø±Ø§ØªÙŠØ©  ØªØºØ·ÙŠ Ø§Ù„Ø­Ø¯Ø« Ù…Ø­Ù„ÙŠØ§Ù‹ ÙˆØ¹Ø§Ù„Ù…ÙŠØ§Ù‹,Ø¹Ù…ÙŠØ¯ Ø§Ù„Ø±ÙŠØ§Ø¶Ø©,1,0.2854193498913414,0.3602402117516394,0.3602402117516394,0.6397597882483606,0
1366_t,zahra tork zadeh,Ø²Ù‡Ø±Ø§ ØªØ±Ú© Ø²Ø§Ø¯Ù‡ ÙˆÚ©ÛŒÙ„ Ø¯Ø§Ø¯Ú¯Ø³ØªØ±ÛŒ,154.0,908.0,660.0,False,November 2022,,,https://pbs.twimg.com/profile_images/2001266107307716608/uR5QrmOd_normal.png,,Ø²Ù‡Ø±Ø§ ØªØ±Ú© Ø²Ø§Ø¯Ù‡ ÙˆÚ©ÛŒÙ„ Ø¯Ø§Ø¯Ú¯Ø³ØªØ±ÛŒ,zahra tork zadeh,1,0.2854193498913414,0.3602402117516394,0.3602402117516394,0.6397597882483606,1
