username,display_name,description,followers_count,following_count,statuses_count,verified,created_at,location,url,profile_image_url,profile_banner_url,description_en,display_name_en,ratio,prob_0_organization,prob_1_person,predicted_class_person_vs_organization,confidence_level_person_vs_organization,uncertainty_score_person_vs_organization,manual_person_vs_organization
afcmediatv,AFC Media and Broadcast Operations,The AFC Media and Broadcast Operations Department is based out of the AFC house in KL. It handles all Media & TV related operational matters for all AFC events.,8476.0,14.0,2594.0,False,June 2020,Kuala Lumpur,,https://pbs.twimg.com/profile_images/2001266107307716608/uR5QrmOd_normal.png,,The AFC Media and Broadcast Operations Department is based out of the AFC house in KL. It handles all Media & TV related operational matters for all AFC events.,AFC Media and Broadcast Operations,605.4285714285714,0.5,0.5,1,0.5,0.5,0
adidas,adidas,Through sport we have the power to change lives.,,255.0,1315.0,False,May 2011,"Herzogenaurach, Deutschland",,https://pbs.twimg.com/profile_images/2001266107307716608/uR5QrmOd_normal.png,,Through sport we have the power to change lives.,adidas,0.0,0.4966666666666666,0.5033333333333333,1,0.5033333333333333,0.4966666666666667,0
academyjp6,JP6 Football Academy,Official Football Academy of Charlton Athletic Captain Jason Pearce.,367.0,10.0,210.0,False,July 2020,,,https://pbs.twimg.com/profile_images/2001266107307716608/uR5QrmOd_normal.png,,Official Football Academy of Charlton Athletic Captain Jason Pearce.,JP6 Football Academy,36.7,0.5033333333333333,0.4966666666666666,0,0.5033333333333333,0.4966666666666667,0
alikarimi_ak8,ali karimi,,,30.0,631.0,False,December 2017,ØªÙ‡Ø±Ø§Ù†ØŒØ§ÛŒØ±Ø§Ù†,,https://pbs.twimg.com/profile_images/2001266107307716608/uR5QrmOd_normal.png,,,Ali Karimi,0.0,0.5033333333333333,0.4966666666666666,0,0.5033333333333333,0.4966666666666667,0
abdolhamidnet,Ø´ÛŒØ® Ø§Ù„Ø§Ø³Ù„Ø§Ù… Ù…ÙˆÙ„Ø§Ù†Ø§ Ø¹Ø¨Ø¯Ø§Ù„Ø­Ù…ÛŒØ¯,Ù…Ø¯ÛŒØ± Ø¯Ø§Ø±Ø§Ù„Ø¹Ù„ÙˆÙ… Ùˆ Ø§Ù…Ø§Ù… Ø¬Ù…Ø¹Ù‡ Ø§Ù‡Ù„ Ø³Ù†Øª Ø²Ø§Ù‡Ø¯Ø§Ù† Ùˆ Ø±Ø¦ÛŒØ³ Ø´ÙˆØ±Ø§ÛŒ Ù‡Ù…Ø§Ù‡Ù†Ú¯ÛŒ Ù…Ø¯Ø§Ø±Ø³ Ø¹Ù„ÙˆÙ… Ø¯ÛŒÙ†ÛŒ Ø§Ù‡Ù„ Ø³Ù†Øª Ø³ÛŒØ³ØªØ§Ù† Ùˆ Ø¨Ù„ÙˆÚ†Ø³ØªØ§Ù†,,2.0,3668.0,False,January 2012,iran,,https://pbs.twimg.com/profile_images/2001266107307716608/uR5QrmOd_normal.png,,"The director of Darul Uloom and the imam of Ahl al-Sunnah Zahedan, and the head of the coordinating council of Ahl al-Sunnah religious schools in Sistan and Baluchistan",Shaykh-ul-Islam Maulana Abdul Hameed,0.0,0.5033333333333333,0.4966666666666666,0,0.5033333333333333,0.4966666666666667,1
alexanderdecroo,Alexander De Croo ğŸ‡ºğŸ‡³,@UNDP  Administrator &  @UN  Under-Secretary-General  | Former Prime Minister of Belgium  | Former Minister of Finance and Development,,335.0,1376.0,False,May 2009,"New York, USA",,https://pbs.twimg.com/profile_images/2001266107307716608/uR5QrmOd_normal.png,,@UNDP  Administrator &  @UN  Under-Secretary-General  | Former Prime Minister of Belgium  | Former Minister of Finance and Development,Alexander De Croo ğŸ‡ºğŸ‡³,0.0,0.5066666666666667,0.4933333333333333,0,0.5066666666666667,0.4933333333333333,0
ali_al_najafy,Ø§Ù„Ø´ÙŠØ® Ø¹Ù„ÙŠ Ø§Ù„Ù†Ø¬ÙÙŠ,t.me/alsheikh_alnaj â€¦,,26.0,4821.0,False,February 2011,,,https://pbs.twimg.com/profile_images/2001266107307716608/uR5QrmOd_normal.png,,t.me/alsheikh_alnaj â€¦,Sheikh Ali Al-Najafi,0.0,0.51,0.49,0,0.51,0.49,0
ahangevafa,Ù‡Ø§ØªÙ Ù‚Ø§Ø¶ÛŒâ€ŒØ²Ø§Ø¯Ù‡,(.-: Ù…Ù† Ø¯Ø± Ú©Ù…Ø§Ù„ ØµØ­Øª Ø¹Ù‚Ù„ ÙˆØµÛŒØª Ù…ÛŒÚ©Ù†Ù…: Ø¨Ø¹Ø¯ Ù…Ø±Ú¯Ù… Ù‡Ø±Ú†ÛŒ Ú©Ù‡ Ù…ÛŒØ´Ù‡ Ø§Ø² Ø§Ø¹Ø¶Ø§ÛŒ Ø¨Ø¯Ù†Ù… Ø±Ùˆ Ø§Ù‡Ø¯Ø§ Ú©Ù†ÛŒÙ†ØŒ Ù‡Ø±Ú†ÛŒ Ù‡Ù… Ù…ÛŒØ´Ù‡ Ø¨Ø¯ÛŒÙ† Ø¨Ù‡ Ø¯Ø§Ù†Ø´Ú©Ø¯Ù‡â€ŒÙ‡Ø§ÛŒ Ù¾Ø²Ø´Ú©ÛŒ :-.),6738.0,396.0,1312.0,False,January 2013,,,https://pbs.twimg.com/profile_images/2001266107307716608/uR5QrmOd_normal.png,,"(.-: I bequeath in full sanity: after my death, donate whatever parts of my body you can, give whatever you can to medical schools:-.)",Hatef Ghazizadeh,17.015151515151516,0.49,0.51,1,0.51,0.49,1
4genderjustice,Women's Initiatives for Gender Justice,"We advance gender justice and advocate for accountability. Womenâ€™s Initiatives for Gender Justice has left X. Stay updated via LinkedIn, Bluesky + Mailing List.",5771.0,1516.0,8749.0,False,December 2011,"The Hague, The Netherlands",,https://pbs.twimg.com/profile_images/2001266107307716608/uR5QrmOd_normal.png,,"We advance gender justice and advocate for accountability. Womenâ€™s Initiatives for Gender Justice has left X. Stay updated via LinkedIn, Bluesky + Mailing List.",Women's Initiatives for Gender Justice,3.8067282321899736,0.5133333333333333,0.4866666666666667,0,0.5133333333333333,0.4866666666666667,0
alandersh,Alan Dershowitz,"Professor at Harvard Law School for 50 years, now emeritus. Active in litigation, writing, and defense of civil liberties and human rights.",,154.0,5041.0,False,September 2011,"Cambridge, MA",,https://pbs.twimg.com/profile_images/2001266107307716608/uR5QrmOd_normal.png,,"Professor at Harvard Law School for 50 years, now emeritus. Active in litigation, writing, and defense of civil liberties and human rights.",Alan Dershowitz,0.0,0.4866666666666667,0.5133333333333333,1,0.5133333333333333,0.4866666666666667,1
ahejlsberg,Anders Hejlsberg,Technical Fellow at Microsoft,,75.0,256.0,False,September 2012,Seattle,,https://pbs.twimg.com/profile_images/2001266107307716608/uR5QrmOd_normal.png,,Technical Fellow at Microsoft,Anders Hejlsberg,0.0,0.5166666666666667,0.4833333333333333,0,0.5166666666666667,0.4833333333333333,1
actingandvoice,Acting & Voice Studios,Presenting  @actorssum  Founders  @iamkatmoran  &  @kentmoran   Acting & Voice-Over |  Top Agents & Casting Directors |  Online |NYC & LA,2285.0,951.0,310.0,False,October 2017,"New York, New York",,https://pbs.twimg.com/profile_images/2001266107307716608/uR5QrmOd_normal.png,,Presenting  @actorssum  Founders  @iamkatmoran  &  @kentmoran   Acting & Voice-Over |  Top Agents & Casting Directors |  Online |NYC & LA,Acting & Voice Studios,2.40273396424816,0.48,0.52,1,0.52,0.48,0
al_thawaq,Ø§Ø­Ù…Ø¯ Ø§Ù„Ø°ÙˆØ§Ù‚,Ù…Ù‡ØªÙ… Ø¨Ø§Ù„Ø£Ø®Ø¨Ø§Ø± Ø§Ù„Ø³ÙŠØ§Ø³ÙŠØ© ÙˆØ§Ù„ØªØ·ÙˆØ±Ø§Øª Ø§Ù„Ø¹Ø³ÙƒØ±ÙŠØ© ÙÙŠ Ø§Ù„Ø¹Ø±Ø§Ù‚ . Journalist and writer,,455.0,1400.0,False,December 2012,Iraq,,https://pbs.twimg.com/profile_images/2001266107307716608/uR5QrmOd_normal.png,,Interested in political news and military developments in Iraq. Journalist and writer,Ahmed Al-Zawaq,0.0,0.5233333333333333,0.4766666666666667,0,0.5233333333333333,0.4766666666666667,1
alilarijani_ir,Ali Larijani | Ø¹Ù„ÛŒ Ù„Ø§Ø±ÛŒØ¬Ø§Ù†ÛŒ,Ø¨Ù†Ø¯Ù‡â€ŒÛŒ Ø®Ø¯Ø§,,2.0,355.0,False,May 2021,Islamic Republic of Iran,,https://pbs.twimg.com/profile_images/2001266107307716608/uR5QrmOd_normal.png,,God's servant,Ali Larijani Ali Larijani,0.0,0.5266666666666666,0.4733333333333333,0,0.5266666666666666,0.4733333333333334,0
ahmadinejad1956,Mahmoud Ahmadinejad,"Husband, Dad, Grandfather, University Professor, President, Mayor, Governor, Soccer Player, Proud Iranian  t.me/fpahmadinejad",,49.0,349.0,False,January 2017,Tehran,,https://pbs.twimg.com/profile_images/2001266107307716608/uR5QrmOd_normal.png,,"Husband, Dad, Grandfather, University Professor, President, Mayor, Governor, Soccer Player, Proud Iranian  t.me/fpahmadinejad",Mahmoud Ahmadinejad,0.0,0.47,0.53,1,0.53,0.47,1
ahoramazda39384,Ahora Mazda,,28.0,308.0,526.0,False,March 2024,,,https://pbs.twimg.com/profile_images/2001266107307716608/uR5QrmOd_normal.png,,,Now Mazda,0.0909090909090909,0.53,0.47,0,0.53,0.47,1
afcasiancup_ar,ÙƒØ£Ø³ Ø¢Ø³ÙŠØ§,Ø§Ù„ØµÙØ­Ø© Ø§Ù„Ø±Ø³Ù…ÙŠØ© Ù„ÙƒØ£Ø³ Ø¢Ø³ÙŠØ§ Ø¨Ø§Ù„Ù„ØºØ© Ø§Ù„Ø¹Ø±Ø¨ÙŠØ©,,33.0,1315.0,False,April 2014,,,https://pbs.twimg.com/profile_images/2001266107307716608/uR5QrmOd_normal.png,,The official page of the Asian Cup in Arabic,Asia Cup,0.0,0.5333333333333333,0.4666666666666667,0,0.5333333333333333,0.4666666666666667,0
afintlarabic,Ø£ÙØºØ§Ù†Ø³ØªØ§Ù† Ø¥Ù†ØªØ±Ù†Ø§Ø´ÙŠÙˆÙ†Ø§Ù„ - Ø¹Ø±Ø¨ÙŠ,Ù„Ù…ØªØ§Ø¨Ø¹Ø© Ø¢Ø®Ø± Ø§Ù„Ø£Ø®Ø¨Ø§Ø± ÙˆØ§Ù„ØªØ­Ù„ÙŠÙ„Ø§Øª Ø§Ù„Ø³ÙŠØ§Ø³ÙŠØ© Ø­ÙˆÙ„ Ø£ÙØºØ§Ù†Ø³ØªØ§Ù† Ù„Ø­Ø¸Ø© Ø¨Ù„Ø­Ø¸Ø©,3268.0,8.0,2083.0,False,June 2021,"London, UK",,https://pbs.twimg.com/profile_images/2001266107307716608/uR5QrmOd_normal.png,,"To follow the latest news and political analysis about Afghanistan, moment by moment",Afghanistan International - Arabic,408.5,0.5333333333333333,0.4666666666666667,0,0.5333333333333333,0.4666666666666667,
alotlikebirds,A Lot Like Birds,A Lot Like Birds and Nothing Like Fish,,222.0,1777.0,False,January 2010,Sacramento,,https://pbs.twimg.com/profile_images/2001266107307716608/uR5QrmOd_normal.png,,A Lot Like Birds and Nothing Like Fish,A Lot Like Birds,0.0,0.4666666666666667,0.5333333333333333,1,0.5333333333333333,0.4666666666666667,0
alirezasayeh,Ø¹Ù„ÛŒØ±Ø¶Ø§ Ø³Ø§ÛŒÙ‡,Ø§Ø¯ÛŒØªÙˆØ± Ø¯ÛŒÙˆØ§Ù†Ù‡Ø¹Ø¶Ùˆ Ù…Ø¬Ù…Ø¹ Ø­Ù‚ÛŒÙ‚ØªÛŒØ§Ø¨ÛŒâ€Œ ØªÙˆÛŒÛŒØªØ± â€                              Ø§Ø²Ù…Ù†Ø´Ù†Ù… Ù†Ø§Ø±Ø§Ø­Øª Ø´Ø¯ÛŒ Ø¨Ú¯ÙˆÙ¾Ø§Ú© Ú©Ù†Ù…                           Ø§Ú¯Ù‡â€ŒØ¨Ú©â€ŒÙ†Ø¯Ø§Ø¯Ù…Û¹Û¹Ùªâ€ŒÙ‡Ù†ÙˆØ² Ù†Ø¯ÛŒØ¯Ù…,,21.0,1155.0,False,February 2019,"Ä°zmir, TÃ¼rkiye",,https://pbs.twimg.com/profile_images/2001266107307716608/uR5QrmOd_normal.png,,"Crazy editor, a member of the truth-finding forum of Twitter, you are upset with my mention, tell me to delete it, if I don't back it, 99% I haven't seen it yet.",Alireza Sayeh,0.0,0.4633333333333333,0.5366666666666666,1,0.5366666666666666,0.4633333333333334,1
abbasmowzoon,Abbas_Mowzoon,Researcher Author Director Producer,,0.0,390.0,False,April 2021,,,https://pbs.twimg.com/profile_images/2001266107307716608/uR5QrmOd_normal.png,,Researcher Author Director Producer,Abbas_Mowzoon,0.0,0.5433333333333333,0.4566666666666666,0,0.5433333333333333,0.4566666666666666,1
alirabiei_iran,Ali Rabiei,Ø¹Ù„ÛŒ Ø±Ø¨ÛŒØ¹ÛŒ /  Ø§Ø³ØªØ§Ø¯ Ø¯Ø§Ù†Ø´Ú¯Ø§Ù‡ Ùˆ ÙØ¹Ø§Ù„ Ø³ÛŒØ§Ø³ÛŒ _Ø§Ø¬ØªÙ…Ø§Ø¹ÛŒ,7806.0,0.0,548.0,False,March 2021,IRAN,,https://pbs.twimg.com/profile_images/2001266107307716608/uR5QrmOd_normal.png,,Ali Rabiei / university professor and political-social activist,Ali Rabiei,7806.0,0.4566666666666666,0.5433333333333333,1,0.5433333333333333,0.4566666666666666,1
adfiranofficial,Alliance for Democracy and Freedom in Iran,Ù…Ø§ Ø¨Ù‡ Ù…Ù†Ø´ÙˆØ± Ù…Ù‡Ø³Ø§ Ø¨Ù‡ Ø¹Ù†ÙˆØ§Ù† Ù…Ø¨Ù†Ø§ÛŒÛŒ Ø¨Ø±Ø§ÛŒ Ù‡Ù…Ú©Ø§Ø±ÛŒ Ø¨Ø§ÙˆØ± Ø¯Ø§Ø±ÛŒÙ…. Ù‡Ø¯Ù Ø³Ø±Ù†Ú¯ÙˆÙ†ÛŒ Ø±Ú˜ÛŒÙ… Ø¬Ù…Ù‡ÙˆØ±ÛŒ Ø§Ø³Ù„Ø§Ù…ÛŒ Ø¯Ø± ÙØ±Ø¢ÛŒÙ†Ø¯ÛŒ Ø®Ø´ÙˆÙ†Øªâ€ŒÙ¾Ø±Ù‡ÛŒØ² Ùˆ Ø±Ø³ÛŒØ¯Ù† Ø¨Ù‡ Ø­Ú©ÙˆÙ…ØªÛŒ Ø³Ú©ÙˆÙ„Ø§Ø± Ø¯Ù…ÙˆÚ©Ø±Ø§ØªÛŒÚ© Ø§Ø³Øª.,7667.0,0.0,13.0,False,February 2023,,,https://pbs.twimg.com/profile_images/2001266107307716608/uR5QrmOd_normal.png,,We believe in the Mahsa Charter as a basis for cooperation. The goal is to overthrow the regime of the Islamic Republic in a non-violent process and achieve a secular democratic government.,Alliance for Democracy and Freedom in Iran,7667.0,0.4566666666666666,0.5433333333333333,1,0.5433333333333333,0.4566666666666666,2
adameaval,adameaval,Ù†ÙˆØ´ØªÙ† Ú©Ø³Ø¨â€ŒÙˆÚ©Ø§Ø± Ù…Ù† Ø§Ø³Øª - Ù‡Ù†Ø±Ø¬ÙˆÛŒ Ù†Ù‚Ø§Ø´ÛŒ,6194.0,2306.0,4983.0,False,June 2015,tehran,,https://pbs.twimg.com/profile_images/2001266107307716608/uR5QrmOd_normal.png,,Writing is my business - student of painting,adameaval,2.686036426712923,0.4533333333333333,0.5466666666666666,1,0.5466666666666666,0.4533333333333333,2
aesmailnazhad,agiri esmailnazhad,"Ú•Û†Ú˜Ù†Ø§Ù…Û•Ù†ÙˆÙˆØ³ Ùˆ Ú†Ø§Ù„Ø§Ú©ÛŒ Ø³ÛŒØ§Ø³ÛŒ"" Ù¾Ø±Û†Ø³Û•ÛŒ Ø¯Û•ÙˆÚµÛ•ØªÛŒ Ú©ÙˆØ±Ø¯ÛŒ Ø¨Ø±ÛŒØ§Ø± Ù†ÛŒÛŒÛ•ØŒ Ø¨Û•ÚµÚ©ÙˆÙˆ ÙØ±Ø§Ú˜Û†Ø¨ÙˆÙˆÙ†Ù‡! Ú˜Ù†ØŒÚ˜ÛŒØ§Ù†ØŒØ¦Ø§Ø²Ø§Ø¯ÛŒ",9213.0,1609.0,6939.0,False,February 2017,,,https://pbs.twimg.com/profile_images/2001266107307716608/uR5QrmOd_normal.png,,"Journalist and political activist ""the process of the Kurdish state is not a decision, but the expansion!",agiri esmailnazhad,5.72591671845867,0.4533333333333333,0.5466666666666666,1,0.5466666666666666,0.4533333333333333,1
alialkhalede,Ø¹Ù„ÙŠ Ø§Ù„Ø®Ø§Ù„Ø¯ÙŠ - Ali al-Khalidi,"Iraqi Journalist, TV host/presenter and media personality  instagram.com/alialkalede/",,136.0,3705.0,False,August 2019,Iraq,,https://pbs.twimg.com/profile_images/2001266107307716608/uR5QrmOd_normal.png,,"Iraqi Journalist, TV host/presenter and media personality  instagram.com/alialkalede/",Ali Al-Khalidi - Ali al-Khalidi,0.0,0.4533333333333333,0.5466666666666666,1,0.5466666666666666,0.4533333333333333,1
ajibzade,Ø¹Ø¬ÛŒØ¨ Ø²Ø§Ø¯Ù‡,Ø§Ø² Ø®ÙˆØ¯Ù… Ú©Ù‡ Ù…ÛŒ Ú¯Ø°Ø´ØªÙ… Ø¨Ø§Ù„Øº Ø¨ÙˆØ¯Ù…. Ø§Ø² Ø¢Ù† Ù¾Ø³ Ø±Ø§ Ø¨Ù‡ Ø®Ø§Ø·Ø± Ù†Ø¯Ø§Ø±Ù…,,575.0,1356.0,False,April 2016,Ø¯Ø§Ø± Ø§Ù„Ø¹Ø¬Ø§Ø¦Ø¨,,https://pbs.twimg.com/profile_images/2001266107307716608/uR5QrmOd_normal.png,,I was an adult when I passed. I don't remember after that,odd born,0.0,0.4533333333333333,0.5466666666666666,1,0.5466666666666666,0.4533333333333333,2
aframalhameli,Afra Al Hameli,Director of Strategic Communications  @MOFAUAE,,301.0,1939.0,False,October 2020,Abu Dhabi,,https://pbs.twimg.com/profile_images/2001266107307716608/uR5QrmOd_normal.png,,Director of Strategic Communications  @MOFAUAE,Afra Al Hameli,0.0,0.4466666666666666,0.5533333333333333,1,0.5533333333333333,0.4466666666666666,0
aa51_ansari,Ali Ansari,Academic but not irrelevant,7637.0,931.0,3221.0,False,November 2017,,,https://pbs.twimg.com/profile_images/2001266107307716608/uR5QrmOd_normal.png,,Academic but not irrelevant,Ali Ansari,8.203007518796992,0.4466666666666666,0.5533333333333333,1,0.5533333333333333,0.4466666666666666,1
alavi2183,Ø¹Ù„ÛŒ Ø¹Ù„ÙˆÛŒ,Ø§Ú¯Ø± Ø§Ø±Ø§Ø¯Ù‡ Ø§ÛŒ Ù†Ø¨Ø§Ø´Ø¯ Ø¹Ø´Ù‚ÛŒ Ø¯Ø± Ú©Ø§Ø± Ù†ÛŒØ³Øª:  Ø§Ù†ØªØ®Ø§Ø¨ Ø§ÛŒØ³ØªØ§Ø¯Ú¯ÛŒ Ø¯Ø± Ù…Ù‚Ø§Ø¨Ù„ Ø¸Ù„Ù… ÙˆØ¨ÛŒØ¯Ø§Ø¯ Ø­Ù‚ÛŒ Ø§Ø³Øª Ú©Ù‡ Ù‡ÛŒÚ† Ú©Ø³ Ù†Ù…ÛŒ ØªÙˆØ§Ù†Ø¯ Ø§Ø² Ú©Ø³ÛŒ Ø¨Ú¯ÛŒØ±Ø¯.Ù‡ÙˆØ§Ø¯Ø§Ø± Ù…Ø¬Ø§Ù‡Ø¯ÛŒÙ† Ø®Ù„Ù‚ Ø§ÛŒØ±Ø§Ù†,5910.0,3195.0,1356.0,False,April 2017,Ø²ÛŒØ± Ú¯Ù†Ø¨Ø¯ Ú©Ø¨ÙˆØ¯,,https://pbs.twimg.com/profile_images/2001266107307716608/uR5QrmOd_normal.png,,"If there is no will, there is no love: choosing to stand against oppression and violence is a right that no one can take from anyone. Supporter of the People's Mujahideen of Iran",Ali Alavi,1.8497652582159625,0.4433333333333333,0.5566666666666666,1,0.5566666666666666,0.4433333333333333,0
akhoundiabbas,Abbas Akhoundi | Ø¹Ø¨Ø§Ø³ Ø¢Ø®ÙˆÙ†Ø¯ÛŒ,Ù…Ø¹Ù„Ù… Ø¯Ø± Ø¯Ø§Ù†Ø´Ú¯Ø§Ù‡ ØªÙ‡Ø±Ø§Ù† Ø¯Ø± Ù¾ÛŒ Ø§ÛŒØ¯Ù‡â€ŒÛŒ Ø§ÛŒØ±Ø§Ù† Ù‡Ø³ØªÙ….Ø§ÛŒØ¯Ù‡â€ŒØ§ÛŒ Ù…ØªØ¶Ù…Ù† ØªÙˆØ³Ø¹Ù‡ØŒ Ø¨Ø§Ù„Ù†Ø¯Ú¯ÛŒ Ùˆ Ø§Ù…Ù†ÛŒØª Ø¨Ø±Ø§ÛŒ Ù‡Ù…Ù‡ Ø§ÛŒØ±Ø§Ù†ÛŒØ§Ù†ØŒ ØªØ­Ú©ÛŒÙ… Ù¾ÛŒÙˆÙ†Ø¯ Ù…Ù„Øªâ€ŒÙ‡Ø§ÛŒ Ø­ÙˆØ²Ù‡ ØªÙ…Ø¯Ù†ÛŒ Ø§ÛŒØ±Ø§Ù† Ùˆ ØµÙ„Ø­ Ù¾Ø§ÛŒØ¯Ø§Ø±,,565.0,1457.0,False,November 2020,"Tehran, Iran",,https://pbs.twimg.com/profile_images/2001266107307716608/uR5QrmOd_normal.png,,"I am a teacher at the University of Tehran in pursuit of the idea of â€‹â€‹Iran. An idea that includes development, growth and security for all Iranians, strengthening the ties between the nations of Iran's civilizational sphere and sustainable peace.",Abbas Akhoundi Abbas Akhundi,0.0,0.4433333333333333,0.5566666666666666,1,0.5566666666666666,0.4433333333333333,1
a_baronca,Andrea Baronchelli,I study decentralized networks of humans and machines,5437.0,603.0,4578.0,False,September 2009,"London, UK",,https://pbs.twimg.com/profile_images/2001266107307716608/uR5QrmOd_normal.png,,I study decentralized networks of humans and machines,Andrea Baronchelli,9.016583747927031,0.5566666666666666,0.4433333333333333,0,0.5566666666666666,0.4433333333333333,1
_zelenska_,Zelenska,a linguist,21.0,309.0,746.0,False,March 2020,United Kingdom,,https://pbs.twimg.com/profile_images/2001266107307716608/uR5QrmOd_normal.png,,a linguist,Zelenska,0.0679611650485436,0.5566666666666666,0.4433333333333333,0,0.5566666666666666,0.4433333333333333,1
aiatmeta,AI at Meta,"Together with the AI community, we are pushing the boundaries of whatâ€™s possible through open science to create a more connected world.",,290.0,2565.0,False,August 2018,,,https://pbs.twimg.com/profile_images/2001266107307716608/uR5QrmOd_normal.png,,"Together with the AI community, we are pushing the boundaries of whatâ€™s possible through open science to create a more connected world.",AI at Meta,0.0,0.56,0.44,0,0.56,0.4399999999999999,0
albionroar,Albion Roar BHAFC,Est 2007. The original Brighton & Hove Albion fans' radio show/podcast. Join Ady & Al every Wed @ 8pm on  @radioreverb  or subscribe to the podcast on AudioBoom.,9733.0,1030.0,,False,May 2010,Brighton,,https://pbs.twimg.com/profile_images/2001266107307716608/uR5QrmOd_normal.png,,Est 2007. The original Brighton & Hove Albion fans' radio show/podcast. Join Ady & Al every Wed @ 8pm on  @radioreverb  or subscribe to the podcast on AudioBoom.,Albion Roar BHAFC,9.449514563106796,0.44,0.56,1,0.56,0.4399999999999999,0
adeeb_alomari,Ø§Ø¯ÙŠØ¨ Ø§Ù„Ø¹ÙÙ…Ø±ÙŠ,Ù…Ø®Ø·Ø· Ù…Ø§Ù„ÙŠ Ù…Ø¹ØªÙ…Ø¯. Ù†Ø§Ø¦Ø¨ Ø±Ø¦ÙŠØ³ Ø§Ù„Ø§ØªØ­Ø§Ø¯ Ø§Ù„Ø³Ø¹ÙˆØ¯ÙŠ Ù„Ù„Ø¨Ù„ÙŠØ§Ø±Ø¯Ùˆ ÙˆØ§Ù„Ø³Ù†ÙˆÙƒØ± Ø³Ø§Ø¨Ù‚Ø§ Ø±Ø¦ÙŠØ³ Ø§Ù„Ø®Ø¯Ù…Ø§Øª Ø§Ù„Ø®Ø§ØµÙ‡ Ø§Ù„Ù…ÙƒÙ„Ù Ø¨Ø³Ø§Ø¨ Ø³Ø§Ø¨Ù‚Ø§ ØªÙˆÙŠØªØ± Ø¹Ø§Ù„Ù… Ù…Ù† Ø§Ù„Ø§Ø®ØªÙ„Ø§Ù Ø®Ø§Ø·Ø¨ Ø§Ù„Ù…ÙØ±Ø¯Ø§Øª ÙˆÙ„ÙŠØ³ Ø§Ù„Ø´Ø®Øµ. Ø¹Ø§Ù„Ù…ÙŠ,,1870.0,5047.0,False,September 2011,Riyadh,,https://pbs.twimg.com/profile_images/2001266107307716608/uR5QrmOd_normal.png,,"Certified financial planner. Vice President of the Saudi Billiards and Snooker Federation, formerly Head of Special Services in charge of SABB, Twitter, A World of Difference, addressed the vocabulary, not the person. worldwide",Adeeb Al-Omari,0.0,0.44,0.56,1,0.56,0.4399999999999999,1
ali_geraei,Mohammad Ali Geraei,"Greco-Roman Wrestler. 77 KG. Fighter Challenger. 2017 World Bronze Medalist. ""To Have Face is to Have Wings"" #Falcon on his way to 2020 Olympics",221.0,18.0,28.0,False,March 2018,"Iran, Shiraz",,https://pbs.twimg.com/profile_images/2001266107307716608/uR5QrmOd_normal.png,,"Greco-Roman Wrestler. 77 KG. Fighter Challenger. 2017 World Bronze Medalist. ""To Have Face is to Have Wings"" #Falcon on his way to 2020 Olympics",Mohammad Ali Geraei,12.27777777777778,0.44,0.56,1,0.56,0.4399999999999999,1
alikalhamadi,Ali Al-Hamadi,,,27.0,249.0,False,May 2018,,,https://pbs.twimg.com/profile_images/2001266107307716608/uR5QrmOd_normal.png,,,Ali Al-Hamadi,0.0,0.4366666666666666,0.5633333333333334,1,0.5633333333333334,0.4366666666666666,0
acegid_igh,ACEGID,"#PathogenHunters  We are using genomics to help Africa and the world beat infectious diseases. @IGHupdates ,  @RedeemersUni .",6649.0,249.0,3537.0,False,December 2018,"Ede, Nigeria",,https://pbs.twimg.com/profile_images/2001266107307716608/uR5QrmOd_normal.png,,"#PathogenHunters  We are using genomics to help Africa and the world beat infectious diseases. @IGHupdates ,  @RedeemersUni .",Accent,26.70281124497992,0.4333333333333333,0.5666666666666667,1,0.5666666666666667,0.4333333333333333,0
alexphillips8,Alex Phillips,"Formerly: FIFA advisor, World Football Remission Fund, UEFA/AFC/Deloitte, MESGO/FIMBA, trailing spouse  @lost_food , legacy fan, etc. Personal views, etc.",518.0,2215.0,515.0,False,May 2011,"London, Nyon, KL, Amsterdam",,https://pbs.twimg.com/profile_images/2001266107307716608/uR5QrmOd_normal.png,,"Formerly: FIFA advisor, World Football Remission Fund, UEFA/AFC/Deloitte, MESGO/FIMBA, trailing spouse  @lost_food , legacy fan, etc. Personal views, etc.",Alex Phillips,0.2338600451467268,0.4333333333333333,0.5666666666666667,1,0.5666666666666667,0.4333333333333333,1
20rapcom,20RAP.com,Ø±Ø³Ø§Ù†Ù‡â€ŒÛŒ Ù…Ø³ØªÙ‚Ù„ Ù‡ÛŒÙ¾â€ŒÙ‡Ø§Ù¾/Ø±Ù¾ ÙØ§Ø±Ø³ÛŒØŒ ØªØ§Ø³ÛŒØ³ Û±Û³Û¸Û¸,,13.0,5214.0,False,March 2011,Iran,,https://pbs.twimg.com/profile_images/2001266107307716608/uR5QrmOd_normal.png,,"Independent Persian hip-hop/rap media, established in 2008",20RAP.com,0.0,0.5666666666666667,0.4333333333333333,0,0.5666666666666667,0.4333333333333333,0
abearfromsea,Bear,"Football is dead? Nah mate, is been dead since 2007.",2576.0,1243.0,3881.0,False,November 2009,,,https://pbs.twimg.com/profile_images/2001266107307716608/uR5QrmOd_normal.png,,"Football is dead? Nah mate, is been dead since 2007.",Bear,2.0724054706355592,0.4266666666666667,0.5733333333333334,1,0.5733333333333334,0.4266666666666666,1
amalsaad_lb,Amal Saad,"Lecturer in Politics  @cardiffuni . Scholar of Hizbullah and politics of Resistance Axis | Previously,  @LebaneseUni",,1581.0,6163.0,False,October 2017,Cardiff and Beirut,,https://pbs.twimg.com/profile_images/2001266107307716608/uR5QrmOd_normal.png,,"Lecturer in Politics  @cardiffuni . Scholar of Hizbullah and politics of Resistance Axis | Previously,  @LebaneseUni",Amal Saad,0.0,0.4266666666666667,0.5733333333333334,1,0.5733333333333334,0.4266666666666666,1
afterdinnercon,After Dinner Conversation,"Philosophy | Ethics Short Story Literary Fiction Publisher. Rated ""Most Popular Fiction LitMag 2024"" (#Chillsubs). $ subscriptions (& Patreon) pay writers.",,36.0,7778.0,False,August 2019,"Tempe, Arizona",,https://pbs.twimg.com/profile_images/2001266107307716608/uR5QrmOd_normal.png,,"Philosophy | Ethics Short Story Literary Fiction Publisher. Rated ""Most Popular Fiction LitMag 2024"" (#Chillsubs). $ subscriptions (& Patreon) pay writers.",After Dinner Conversation,0.0,0.5733333333333334,0.4266666666666667,0,0.5733333333333334,0.4266666666666666,0
adamant_85,AdamAnt,Up yours!,32.0,304.0,1028.0,False,October 2025,United States,,https://pbs.twimg.com/profile_images/2001266107307716608/uR5QrmOd_normal.png,,Up yours!,AdamAnt,0.1052631578947368,0.4266666666666667,0.5733333333333334,1,0.5733333333333334,0.4266666666666666,0
alfrewoodard,Alfre Woodard,Good triumphs,,318.0,1119.0,False,August 2012,Present,,https://pbs.twimg.com/profile_images/2001266107307716608/uR5QrmOd_normal.png,,Good triumphs,Alfre Woodard,0.0,0.5766666666666667,0.4233333333333333,0,0.5766666666666667,0.4233333333333333,0
ali_khezrian,Ø¹Ù„ÛŒ Ø®Ø¶Ø±ÛŒØ§Ù† | Ali Khezrian ğŸ‡®ğŸ‡·,ÙØ¹Ø§Ù„ Ø³ÛŒØ§Ø³ÛŒ Ùˆ Ø±Ø³Ø§Ù†Ù‡â€ŒØ§ÛŒ/ Ù†Ù…Ø§ÛŒÙ†Ø¯Ù‡ Ù…Ø±Ø¯Ù… Ø¹Ø²ÛŒØ² Ø§ÛŒØ±Ø§Ù† Ø§Ø² Ø­ÙˆØ²Ù‡ Ø§Ù†ØªØ®Ø§Ø¨ÛŒÙ‡ ØªÙ‡Ø±Ø§Ù†ØŒ Ø±ÛŒØŒ Ø´Ù…ÛŒØ±Ø§Ù†Ø§ØªØŒ Ø§Ø³Ù„Ø§Ù…Ø´Ù‡Ø± Ùˆ Ù¾Ø±Ø¯ÛŒØ³ Ø¯Ø± Ø¯ÙˆØ±Ù‡â€ŒÙ‡Ø§ÛŒ ÛŒØ§Ø²Ø¯Ù‡Ù… Ùˆ Ø¯ÙˆØ§Ø²Ø¯Ù‡Ù… Ù…Ø¬Ù„Ø³ Ø´ÙˆØ±Ø§ÛŒ Ø§Ø³Ù„Ø§Ù…ÛŒ,,527.0,5747.0,False,June 2018,Islamic Republic of Iran,,https://pbs.twimg.com/profile_images/2001266107307716608/uR5QrmOd_normal.png,,"Political and media activist/representative of the dear people of Iran from Tehran, Ray, Shemiranat, Islamshahr and Pardis constituencies in the 11th and 12th terms of the Islamic Council.",Ali Khazarian | Ali Khezrian ğŸ‡®ğŸ‡·,0.0,0.4233333333333333,0.5766666666666667,1,0.5766666666666667,0.4233333333333333,1
a_z_im,Az_im,Ø§Ù…Ù†ÛŒØªÛŒ Ù†ÙˆÛŒØ³. Ø§Ù…ÛŒØ¯ÙˆØ§Ø± ÙˆØ·Ù†Ù…. Ø§ÛŒØ±Ø§Ù†.,,1213.0,6145.0,False,March 2015,,,https://pbs.twimg.com/profile_images/2001266107307716608/uR5QrmOd_normal.png,,security writer I hope for my homeland. Iran.,Az_im,0.0,0.4233333333333333,0.5766666666666667,1,0.5766666666666667,0.4233333333333333,1
aliaalei,Ø¹Ù„ÛŒ Ø¹Ø§Ù„ÛŒğŸ‡®ğŸ‡·,Ù†Ø§Ø³Ø²Ø§ Ø´Ù†ÙŠØ¯Ù† ÙƒØ³Ø¨ Ùˆ ÙƒØ§Ø± Ø±ÙˆØ²Ø§Ù†Ù‡ Ù…Ø§Ø³Øª/Ù…Ø³Ø¦ÙˆÙ„ÙŠØªÛŒ Ø¨Ù‡â€ŒØ®Ø§Ø·Ø± Ù†Ø¸Ø±Ø§Øª Ø¯ÙŠÚ¯Ø±Ø§Ù† Ø²ÙŠØ± ØªÙˆØ¦ÙŠØªâ€ŒÙ‡Ø§ÙŠÙ… Ù†Ø¯Ø§Ø±Ù…/ ØªÙˆÙ‡ÛŒÙ†= Ø¨Ù„Ø§Ú©,,182.0,4670.0,False,February 2017,Islamic Republic of Iran,,https://pbs.twimg.com/profile_images/2001266107307716608/uR5QrmOd_normal.png,,Hearing insults is our daily business/I am not responsible for other people's comments under my tweets/Insult = block,Ali Aali ğŸ‡®ğŸ‡·,0.0,0.5766666666666667,0.4233333333333333,0,0.5766666666666667,0.4233333333333333,0
abdusalamsalah,Ù…Ø­Ù…Ø¯ Ø¹Ø¨Ø¯Ø§Ù„Ø³Ù„Ø§Ù…,Ø§Ù„Ù†Ø§Ø·Ù‚ Ø§Ù„Ø±Ø³Ù…ÙŠ Ù„Ø£Ù†ØµØ§Ø± Ø§Ù„Ù„Ù‡ ÙˆØ±Ø¦ÙŠØ³ Ù…Ø¬Ù„Ø³ Ø§Ù„Ø¥Ø¯Ø§Ø±Ø© Ù„Ø´Ø¨ÙƒØ© Ø§Ù„Ù…Ø³ÙŠØ±Ø© Ø§Ù„Ø¥Ø¹Ù„Ø§Ù…ÙŠØ© ÙˆØ±Ø¦ÙŠØ³ Ø§Ù„ÙˆÙØ¯ Ø§Ù„ÙˆØ·Ù†ÙŠ .  t.me/abdulsalamsalah,,201.0,4298.0,False,September 2015,,,https://pbs.twimg.com/profile_images/2001266107307716608/uR5QrmOd_normal.png,,"The official spokesman for Ansar Allah, Chairman of the Board of Directors of the Al Masirah Media Network, and head of the national delegation.  t.me/abdulsalamsalah",Muhammad Abdel Salam,0.0,0.5766666666666667,0.4233333333333333,0,0.5766666666666667,0.4233333333333333,0
ainajkhan,Aina J. Khan,Currently:  @ajplus . Freelance foreign correspondent.  . RT do not = endorsement.,,34.0,1349.0,False,March 2011,,,https://pbs.twimg.com/profile_images/2001266107307716608/uR5QrmOd_normal.png,,Currently:  @ajplus . Freelance foreign correspondent.  . RT do not = endorsement.,Always J. Khan,0.0,0.58,0.42,0,0.58,0.42,1
abb_abdi,Ø¹Ø¨Ø§Ø³ Ø¹Ø¨Ø¯ÛŒ,"journalist, social researcher, civil activist",,475.0,5780.0,False,August 2017,Islamic Republic of Iran,,https://pbs.twimg.com/profile_images/2001266107307716608/uR5QrmOd_normal.png,,"journalist, social researcher, civil activist",Abbas Abdi,0.0,0.42,0.58,1,0.58,0.42,1
alimojtahedzad3,ali mojtahedzadeh,Ø³ÙŠØ¯ Ø¹Ù„ÙŠ Ù…Ø¬ØªÙ‡Ø¯Ø²Ø§Ø¯Ù‡ ÙˆÙƒÙŠÙ„ Ø¯Ø§Ø¯Ú¯Ø³ØªØ±ÛŒ| Ø¢Ø¯Ø±Ø³ Ú©Ø§Ù†Ø§Ù„ ØªÙ„Ú¯Ø±Ø§Ù…  t.me/alimojtahedzade:,,288.0,8483.0,False,July 2019,,,https://pbs.twimg.com/profile_images/2001266107307716608/uR5QrmOd_normal.png,,"Seyed Ali Mojtahedzadeh, attorney of justice Telegram channel address t.me/alimojtahedzade:",ali mojtahedzadeh,0.0,0.58,0.42,0,0.58,0.42,1
7continentnewss,Ú©Ù…ÙˆÙ†ÛŒØ³Øª Ú©ÙØ´ğŸ‘º,The fastest and most accurate news of the day in the worldØ®Ø¯Ø§ Ø¢Ø²Ø§Ø¯ÛŒ Ø®ÙˆØ§Ù†ÙˆØ§Ø¯Ù‡ Ù…ÛŒÙ‡Ù† -Ø­Ù‚ Ù…Ø§Ù„Ú©ÛŒØª ÙØ±Ø¯ÛŒ,74.0,778.0,1654.0,False,June 2022,United States,,https://pbs.twimg.com/profile_images/2001266107307716608/uR5QrmOd_normal.png,,"The fastest and most accurate news of the day in the world, God's freedom, the family, the homeland - the right to individual property",Kush Communist,0.0951156812339331,0.5833333333333334,0.4166666666666667,0,0.5833333333333334,0.4166666666666666,1
altitudesr,92.5 FM - Denver's Altitude Sports Radio,"Denver's EXCLUSIVE HOME of  @Nuggets ,  @Avalanche ,  @ColoradoRapids  & Primetime NFL Football Games | Twitch:  twitch.tv/altitudesr |  bit.ly/ASR925app",,978.0,92.0,False,March 2016,"Denver, CO",,https://pbs.twimg.com/profile_images/2001266107307716608/uR5QrmOd_normal.png,,"Denver's EXCLUSIVE HOME of  @Nuggets ,  @Avalanche ,  @ColoradoRapids  & Primetime NFL Football Games | Twitch:  twitch.tv/altitudesr |  bit.ly/ASR925app",92.5 FM - Denver's Altitude Sports Radio,0.0,0.4133333333333333,0.5866666666666667,1,0.5866666666666667,0.4133333333333333,2
alinazarij,Ali Nazari Jouybari,Ø¹Ù„ÛŒ Ù†Ø¸Ø±ÛŒ Ø¬ÙˆÛŒØ¨Ø§Ø±ÛŒ  Ø·Ø±ÙØ¯Ø§Ø± Ùˆ Ù…Ø¯ÛŒØ±Ø¹Ø§Ù…Ù„ Ø¨Ø§Ø´Ú¯Ø§Ù‡ Ø§Ø³ØªÙ‚Ù„Ø§Ù„ Ø§ÛŒØ±Ø§Ù†,517.0,4.0,7.0,False,May 2025,,,https://pbs.twimg.com/profile_images/2001266107307716608/uR5QrmOd_normal.png,,"Ali Nazari Joybari, fan and CEO of Esteghlal Club of Iran",Ali Nazari Jouybari,129.25,0.4133333333333333,0.5866666666666667,1,0.5866666666666667,0.4133333333333333,1
advanceuk_wales,Advance UK Wales ğŸ´ó §ó ¢ó ·ó ¬ó ³ó ¿,"Official X account for Advance UK Wales. We stand for nation, freedom, democracy and equality under the law. Account run by Admin.",3939.0,103.0,659.0,False,July 2025,"Wales, United Kingdom",,https://pbs.twimg.com/profile_images/2001266107307716608/uR5QrmOd_normal.png,,"Official X account for Advance UK Wales. We stand for nation, freedom, democracy and equality under the law. Account run by Admin.",Advance UK Wales ğŸ´ó §ó ¢ó ·ó ¬ó ³ó ¿,38.24271844660194,0.5866666666666667,0.4133333333333333,0,0.5866666666666667,0.4133333333333333,0
alirezakiani2,Alireza Kiani,Ø¹Ù„ÛŒØ±Ø¶Ø§ Ú©ÛŒØ§Ù†ÛŒ,,480.0,7356.0,False,March 2012,,,https://pbs.twimg.com/profile_images/2001266107307716608/uR5QrmOd_normal.png,,Alireza Kayani,Alireza Kiani,0.0,0.4133333333333333,0.5866666666666667,1,0.5866666666666667,0.4133333333333333,1
aliziyak,Ali Ziya,Ø¹Ù„ÛŒ Ø¶ÛŒØ§,,90.0,6185.0,False,November 2018,,,https://pbs.twimg.com/profile_images/2001266107307716608/uR5QrmOd_normal.png,,Ali Zia,Ali Ziya,0.0,0.5866666666666667,0.4133333333333333,0,0.5866666666666667,0.4133333333333333,0
a_rnazari,Amirreza Nazari,ÛŒÚ© Ù†ÙØ± Ø§Ø² Ù…Ø±Ø¯Ù… Ø§ÛŒØ±Ø§Ù†ØŒØ§Ù…ÛŒØ¯ÙˆØ§Ø± Ø¨Ù‡ Ø¢ÛŒÙ†Ø¯Ù‡ Ø§ÛŒØ±Ø§Ù†ØŒØ±ÙˆØ²Ù†Ø§Ù…Ù‡ Ù†Ú¯Ø§Ø± Ø¯Ø± Ø§ÛŒØ±Ø§Ù†ØŒØ¯Ø§Ù†Ø´Ø¬ÙˆÛŒ Ø¯Ú©ØªØ±ÛŒ Ù…Ø³Ø§Ø¦Ù„ Ø§ÛŒØ±Ø§Ù†ØŒÙ…Ø³Ø¦ÙˆÙ„ÛŒØªÛŒ Ø¯Ø± Ø¨Ø±Ø§Ø¨Ø± Ù†Ø¸Ø±Ø§Øª Ùˆ Ú©Ø§Ù…Ù†Øª Ù‡Ø§ Ù†Ø¯Ø§Ø±Ù…. ØªÙˆÛŒÛŒØª Ù‡Ø§ Ø¯ÛŒØ¯Ú¯Ø§Ù‡ Ø´Ø®ØµÛŒ Ø§Ø³Øª.,,3028.0,6145.0,False,December 2017,,,https://pbs.twimg.com/profile_images/2001266107307716608/uR5QrmOd_normal.png,,"A person of Iranian people, hopeful for the future of Iran, a journalist in Iran, a doctoral student of Iranian issues, I am not responsible for opinions and comments. Tweets are personal opinion.",Amirreza Nazari,0.0,0.41,0.59,1,0.59,0.41,1
1pezeshk_plus,Â«ÛŒÚ© Ù¾Ø²Ø´Ú©Â» Ù¾Ù„Ø§Ø³,Ø§Ú©Ø§Ù†Øª ØªÙˆÛŒÛŒØªØ± ÙˆØ§Ø¨Ø³ØªÙ‡ Ø¨Ù‡ Ø³Ø§ÛŒØª Â«ÛŒÚ© Ù¾Ø²Ø´Ú©Â»ØŒ Ø¨Ø±Ø§ÛŒ Ø¨Ø§Ø²ØªØ§Ø¨ ØªØ§Ø²Ù‡â€ŒØªØ±ÛŒÙ† Ø§Ø®Ø¨Ø§Ø± Ø¯Ø± Ø²Ù…ÛŒÙ†Ù‡ Ø¯Ø§Ù†Ø´ØŒ ÙØ±Ù‡Ù†Ú¯ØŒ Ù¾Ø²Ø´Ú©ÛŒ Ùˆ ÙˆØ±Ø²Ø´.,233.0,740.0,4.0,False,July 2016,Islamic Republic of Iran,,https://pbs.twimg.com/profile_images/2001266107307716608/uR5QrmOd_normal.png,,"A Twitter account affiliated with the site ""Yek Mesikt"", to reflect the latest news in the field of knowledge, culture, medicine and sports.","""A doctor"" Plus",0.3148648648648648,0.41,0.59,1,0.59,0.41,1
alsreaei,Mohammed Alsreaei,Athlete I love football. linkjar.com/Alsreaei,61.0,702.0,2200.0,False,August 2016,Saudi Arabia,,https://pbs.twimg.com/profile_images/2001266107307716608/uR5QrmOd_normal.png,,Athlete I love football. linkjar.com/Alsreaei,Mohammed Alsreaei,0.0868945868945869,0.41,0.59,1,0.59,0.41,2
aalbahrayn5356,Ø²Ø¹ÙŠÙ… Ø§Ø³ÙŠØ§ Ø¹Ø´Ù‚ Ø³Ù†ÙŠÙ† Ø§Ù„Ø·ÙÙˆÙ„Ø©,Ù‡Ù„Ø§Ù„ÙŠ Ù‡Ù„Ø§Ù„ Ø§Ù„Ø³Ø¹Ø§Ø¯Ø©  Ù†Ø§Ø¯ÙŠ Ø§Ù„Ø³Ø¹Ø§Ø¯Ø©,134.0,1392.0,444.0,False,April 2023,,,https://pbs.twimg.com/profile_images/2001266107307716608/uR5QrmOd_normal.png,,"Hilal Al-Saada, Al-Saada Club",The leader of Asia loved his childhood years,0.0962643678160919,0.59,0.41,0,0.59,0.41,2
_3pehr__,Joker,Not everyone likes us.But not everyone matters Nothing is permanent!,,31.0,5587.0,False,December 2020,,,https://pbs.twimg.com/profile_images/2001266107307716608/uR5QrmOd_normal.png,,Not everyone likes us.But not everyone matters Nothing is permanent!,Joker,0.0,0.59,0.41,0,0.59,0.41,1
a_bindoff,A Bindoff,(The Dark Blue Bird by Edward Lear),236.0,598.0,7723.0,False,September 2015,,,https://pbs.twimg.com/profile_images/2001266107307716608/uR5QrmOd_normal.png,,(The Dark Blue Bird by Edward Lear),A Bindoff,0.3946488294314381,0.4066666666666667,0.5933333333333334,1,0.5933333333333334,0.4066666666666666,1
aleborghi_,Alessandro Borghi,Ridete.,,208.0,1525.0,False,February 2012,,,https://pbs.twimg.com/profile_images/2001266107307716608/uR5QrmOd_normal.png,,Laugh.,Alessandro Borghi,0.0,0.5933333333333334,0.4066666666666667,0,0.5933333333333334,0.4066666666666666,0
alimoujani,Ø¹Ù„ÛŒ Ù…ÙˆØ¬Ø§Ù†ÛŒ Ali MOUJANI,Ù…ÙˆØ±Ø®ØŒ Ù…Ø´Ø§ÙˆØ± ÙˆØ²ÛŒØ± Ø®Ø§Ø±Ø¬Ù‡ØŒ Ù…Ø´Ø§ÙˆØ± Ø¨Ù†ÛŒØ§Ø¯ Ø§ÛŒØ±Ø§Ù†â€ŒØ´Ù†Ø§Ø³ÛŒ Ùˆ Ø¹Ø¶Ùˆ Ø¨Ø±Ù†Ø§Ù…Ù‡ Ø­Ø§ÙØ¸Ù‡ Ø¬Ù‡Ø§Ù†ÛŒ ÛŒÙˆÙ†Ø³Ú©Ùˆ Ø¯Ø± Ø§ÛŒØ±Ø§Ù†. ØªÙˆØ¦ÛŒØª Ù‡Ø§ Ù†Ø¸Ø±Ø§Øª Ø´Ø®ØµÛŒ Ùˆ Ù‡ÛŒÚ†Ú¯ÙˆÙ†Ù‡ Ù…Ø³Ø¦ÙˆÙ„ÛŒØªÛŒ Ø¯Ø±Ø¨Ø§Ø±Ù‡ Ù†Ø¸Ø±Ø§Øªâ€Œ Ùˆ Ø¨Ø§Ø²Ù†Ø´Ø±Ù‡Ø§ Ù†Ø¯Ø§Ø±Ù…,3023.0,444.0,3172.0,False,November 2012,,,https://pbs.twimg.com/profile_images/2001266107307716608/uR5QrmOd_normal.png,,"Historian, adviser to the foreign minister, adviser to the Iranology Foundation and a member of the UNESCO World Memory Program in Iran. Tweets are personal opinions and I have no responsibility for comments and reposts",Ali MOUJANI,6.808558558558558,0.4066666666666667,0.5933333333333334,1,0.5933333333333334,0.4066666666666666,1
ainslielab,Kristy Ainslie,Researcher in vaccine & drug delivery infectious & autoimmune diseases & cancer.  Ally. Mom 2 boys. She/her.  @kristy -ainslie-lab.bsky.social. My views.,5695.0,2132.0,3920.0,False,April 2010,"Chapel Hill, NC",,https://pbs.twimg.com/profile_images/2001266107307716608/uR5QrmOd_normal.png,,Researcher in vaccine & drug delivery infectious & autoimmune diseases & cancer.  Ally. Mom 2 boys. She/her.  @kristy -ainslie-lab.bsky.social. My views.,Kristy Ainslie,2.671200750469043,0.4033333333333333,0.5966666666666667,1,0.5966666666666667,0.4033333333333333,1
1mhyar,Mahyar,Official twitter account of Mahyar,2001.0,15.0,9.0,False,September 2019,,,https://pbs.twimg.com/profile_images/2001266107307716608/uR5QrmOd_normal.png,,Official twitter account of Mahyar,Mahyar,133.4,0.5966666666666667,0.4033333333333333,0,0.5966666666666667,0.4033333333333333,1
a1976_b,Amir.B,,21.0,233.0,302.0,False,July 2011,,,https://pbs.twimg.com/profile_images/2001266107307716608/uR5QrmOd_normal.png,,,Amir.B,0.0901287553648068,0.4033333333333333,0.5966666666666667,1,0.5966666666666667,0.4033333333333333,1
ajstream,The Stream,The Stream is where Al Jazeera's global audience becomes a community. We are here to amplify your voice.,,836.0,1356.0,False,January 2011,,,https://pbs.twimg.com/profile_images/2001266107307716608/uR5QrmOd_normal.png,,The Stream is where Al Jazeera's global audience becomes a community. We are here to amplify your voice.,The Stream,0.0,0.4033333333333333,0.5966666666666667,1,0.5966666666666667,0.4033333333333333,0
2ndravanparish,Ø±ÙˆØ§Ù†Ù¾Ø±ÛŒØ´ Ø¯ÙˆÙ… Ø¯Ø±Ø¨ Ø§ÙˆÙ„,Ù…Ù†Ùˆ Ø¢Ù†ÙØ§Ù„Ùˆ Ù†Ú©Ù† Ø¹Ù†ØªØ± Ø¨.Ø¢ Ø¨Ø²Ù† / CG Artist & Web Designer,,35.0,5587.0,False,December 2018,"Dubai, UAE",,https://pbs.twimg.com/profile_images/2001266107307716608/uR5QrmOd_normal.png,,"Don't unfollow me, Anter B.A. / CG Artist & Web Designer",The second psychopath of the first door,0.0,0.6,0.4,0,0.6,0.4,1
a16z,a16z,"we invest in software eating the world  a16z.com/portfolio a16z.com/podcasts  Watch ""The Ben & Marc Show"":  youtube.com/@a16z",,52.0,6145.0,False,August 2009,The Cloud,,https://pbs.twimg.com/profile_images/2001266107307716608/uR5QrmOd_normal.png,,"we invest in software eating the world  a16z.com/portfolio a16z.com/podcasts  Watch ""The Ben & Marc Show"":  youtube.com/@a16z",a16z,0.0,0.6033333333333334,0.3966666666666666,0,0.6033333333333334,0.3966666666666666,0
akt,AKT,Entertainment Merchandising.,3018.0,650.0,845.0,False,April 2009,"Orlando, Florida",,https://pbs.twimg.com/profile_images/2001266107307716608/uR5QrmOd_normal.png,,Entertainment Merchandising.,AKT,4.643076923076923,0.3966666666666666,0.6033333333333334,1,0.6033333333333334,0.3966666666666666,2
acadbeauxarts,AcadÃ©mie des beaux-arts,,7326.0,1070.0,4104.0,False,January 2014,,,https://pbs.twimg.com/profile_images/2001266107307716608/uR5QrmOd_normal.png,,,Academy of Fine Arts,6.846728971962617,0.3966666666666666,0.6033333333333334,1,0.6033333333333334,0.3966666666666666,0
ali_noorani_teh,Ali Noorani,"Product designer and change maker. Formerly: UX Designer in Tokyo. Reporter, Editor at Japan's NHK, and AFP journalist in Tehran.",3781.0,1259.0,1332.0,False,December 2010,"Toronto, ON",,https://pbs.twimg.com/profile_images/2001266107307716608/uR5QrmOd_normal.png,,"Product designer and change maker. Formerly: UX Designer in Tokyo. Reporter, Editor at Japan's NHK, and AFP journalist in Tehran.",Ali Noorani,3.0031771247021446,0.3933333333333333,0.6066666666666667,1,0.6066666666666667,0.3933333333333333,1
aliidaeii,Ali Daei,,,3.0,64.0,False,April 2022,Tehran,,https://pbs.twimg.com/profile_images/2001266107307716608/uR5QrmOd_normal.png,,,Ali Daei,0.0,0.3933333333333333,0.6066666666666667,1,0.6066666666666667,0.3933333333333333,0
aidanajra,delusional king,ØªØ§ Ø²Ù…Ø§Ù†ÛŒÚ©Ù‡ Ø¯Ø±Ø¢Ù…Ø¯Ù‡Ø§ÛŒ Ù…ÛŒÙ„ÛŒÙˆÙ† Ø¯Ù„Ø§Ø±ÛŒ Ùˆ Ø¨Ø¯ÙˆÙ† Ø±ÛŒØ³Ú© ØŒ Ø¨Ù‡ Ø¨Ù‡Ø§Ù†Ù‡ ÙØ¹Ø§Ù„ÛŒØª Ø³ÛŒØ§Ø³ÛŒ ØŒ Ø¨Ø±Ù‚Ø±Ø§Ø±Ù‡Ø³Øª ØŒ Ú©Ù…Ù¾Ø§Ù†ÛŒ Ù‡Ø§ÛŒ Ø³Ø·Ù„ Ø¹Ù† Ø·Ù„Ø¨ Ù…Ø§Ù†Ø¹ Ø§ØªØ­Ø§Ø¯ Ù…Ø±Ø¯Ù… Ùˆ Ø³Ø±Ù†Ú¯ÙˆÙ†ÛŒ Ø¬Ù…Ù‡ÙˆØ±ÛŒ Ø§Ø³Ù„Ø§Ù…ÛŒ Ø®ÙˆØ§Ù‡Ù†Ø¯Ø´Ø¯,276.0,233.0,7154.0,False,March 2024,,,https://pbs.twimg.com/profile_images/2001266107307716608/uR5QrmOd_normal.png,,"As long as millions of dollars of risk-free income are maintained under the pretext of political activity, Satal-e-Talab companies will prevent the unification of the people and the overthrow of the Islamic Republic.",delusional king,1.184549356223176,0.3933333333333333,0.6066666666666667,1,0.6066666666666667,0.3933333333333333,1
alihamid27,Ali Hamid,Documentary Filmmaker/ @manototv,,438.0,7790.0,False,December 2017,United Kingdom,,https://pbs.twimg.com/profile_images/2001266107307716608/uR5QrmOd_normal.png,,Documentary Filmmaker/ @manototv,Ali Hamid,0.0,0.39,0.61,1,0.61,0.39,1
alibahaadori,Ø¹Ù„ÛŒ Ø¨Ù‡Ø§Ø¯Ø±ÛŒ Ø¬Ù‡Ø±Ù…ÛŒ,Ø³Ø®Ù†Ú¯Ùˆ Ùˆ Ø¯Ø¨ÛŒØ± Ù‡ÛŒØ¦Øª Ø¯ÙˆÙ„Øª Ø´Ù‡ÛŒØ¯ Ø±Ø¦ÛŒØ³ÛŒ | Ø­Ù‚ÙˆÙ‚â€ŒØ¯Ø§Ù† Ùˆ Ø¹Ø¶Ùˆ Ù‡ÛŒØ¦Øª Ø¹Ù„Ù…ÛŒ Ø¯Ø§Ù†Ø´Ú¯Ø§Ù‡ ØªØ±Ø¨ÛŒØª Ù…Ø¯Ø±Ø³,,138.0,2464.0,False,September 2018,Islamic Republic of Iran,,https://pbs.twimg.com/profile_images/2001266107307716608/uR5QrmOd_normal.png,,Spokesman and Secretary of the government delegation of Shahid Raisi Lawyer and faculty member of Tarbiat Modares University,Ali Bahadri Jahormi,0.0,0.39,0.61,1,0.61,0.39,1
ai_risks,Center for AI Safety,Reducing societal-scale risks from AI. safe.ai ai-frontiers.org,7911.0,2.0,227.0,False,August 2022,San Francisco,,https://pbs.twimg.com/profile_images/2001266107307716608/uR5QrmOd_normal.png,,Reducing societal-scale risks from AI. safe.ai ai-frontiers.org,Center for AI Safety,3955.5,0.3866666666666666,0.6133333333333333,1,0.6133333333333333,0.3866666666666667,0
aghplt,Ali Gholhaki,journalist | Ø«Ø¨Øª Ø§Ø³Øª Ø¨Ø± Ø¬Ø±ÛŒØ¯Ù‡ Ø¹Ø§Ù„Ù… Ø¯ÙˆØ§Ù… Ù…Ø§,,3259.0,9934.0,False,January 2020,Ù‡Ø±Ø¬Ø§ Ú©Ù‡ Ø¨Ø§ÛŒØ¯,,https://pbs.twimg.com/profile_images/2001266107307716608/uR5QrmOd_normal.png,,journalist | It is registered in our sustainable world journal,Ali Gholhaki,0.0,0.3866666666666666,0.6133333333333333,1,0.6133333333333333,0.3866666666666667,1
13virginiawoolf,ÙˆÛŒØ±Ø¬ÛŒÙ†ÛŒØ§ ÙˆÙˆÙ„Ù Ù…Ù†Ø§Ø·Ù‚ Ù…Ø­Ø±ÙˆÙ…,,4064.0,673.0,2320.0,False,November 2016,El Dorado,,https://pbs.twimg.com/profile_images/2001266107307716608/uR5QrmOd_normal.png,,,Virginia Woolf's underserved areas,6.038632986627043,0.6133333333333333,0.3866666666666666,0,0.6133333333333333,0.3866666666666667,0
aliciasummerstv,Alicia Summers,"Raising Giants  | Fire Wife  | Emmy Winner | OAN | NBC/CBS Alum | UCSD | eSummers Ins. | Once a NFL Raiderette, Always One | Mainly on IG & TikTok",6142.0,854.0,2578.0,False,February 2009,San Diego,,https://pbs.twimg.com/profile_images/2001266107307716608/uR5QrmOd_normal.png,,"Raising Giants  | Fire Wife  | Emmy Winner | OAN | NBC/CBS Alum | UCSD | eSummers Ins. | Once a NFL Raiderette, Always One | Mainly on IG & TikTok",Alicia Summers,7.192037470725995,0.6166666666666667,0.3833333333333333,0,0.6166666666666667,0.3833333333333333,1
alijannatpour,Ali Jannatpour,,35.0,249.0,1280.0,False,December 2014,,,https://pbs.twimg.com/profile_images/2001266107307716608/uR5QrmOd_normal.png,,,Ali Jannatpour,0.1405622489959839,0.3766666666666666,0.6233333333333333,1,0.6233333333333333,0.3766666666666667,1
abbasi_students,Ø§Ù†Ø¯ÛŒØ´Ù‡â€ŒØ¬ÙˆÛŒØ§Ù†,Ø­Ø³Ø§Ø¨ Ø±Ø³Ù…ÛŒ . Ø§Ù†Ø¯ÛŒØ´Ù‡ Ø¬ÙˆÛŒØ§Ù† Ø§Ø³ØªØ§Ø¯ Ø­Ø³Ù† Ø¹Ø¨Ø§Ø³ÛŒ,5752.0,58.0,3161.0,False,August 2016,Ø§Ù†Ù‚Ù„Ø§Ø¨ Ø§Ø³Ù„Ø§Ù…ÛŒ,,https://pbs.twimg.com/profile_images/2001266107307716608/uR5QrmOd_normal.png,,official account The thinkers of Professor Hassan Abbasi,thinkers,99.17241379310344,0.6266666666666667,0.3733333333333333,0,0.6266666666666667,0.3733333333333333,0
ali_rajabi,Ø¹Ù„ÛŒ Ø±Ø¬Ø¨ÛŒ Ali Rajabi ğŸ‡®ğŸ‡·,ÙÙƒØ£Ù† Ø§Ù„Ø¯Ù†ÙŠØ§ Ù„Ù… ØªÙƒÙ† ÙˆÙƒØ£Ù† Ø§Ù„Ø£Ø®Ø±Ø© Ù„Ù… ØªØ²Ù„ | Ø®Ø¨Ø±Ù†Ú¯Ø§Ø± Ùˆ Ø³ÛŒØ§Ø³Øªâ€ŒÙ¾Ú˜ÙˆÙ‡ | Ø¯Ø§Ù†Ø´â€ŒØ¢Ù…ÙˆØ®ØªÙ‡ Ø³ÛŒØ§Ø³ØªÚ¯Ø°Ø§Ø±ÛŒ Ø¹Ù…ÙˆÙ…ÛŒ,,998.0,1332.0,False,June 2011,Islamic Republic of Iran,,https://pbs.twimg.com/profile_images/2001266107307716608/uR5QrmOd_normal.png,,So that this world did not rise and that the Hereafter did not descend Journalist and political researcher Scholar of public policy,Ali Rajabi ğŸ‡®ğŸ‡·,0.0,0.3666666666666666,0.6333333333333333,1,0.6333333333333333,0.3666666666666667,2
730no,730.no,730.no ble startet i 2008 og er Norges stÃ¸rste frittstÃ¥ende nettsted og plattform for popkultur - og mer  Sjekk ut forsiden:  730.no,,962.0,730.0,False,August 2008,"Oslo, Norway",,https://pbs.twimg.com/profile_images/2001266107307716608/uR5QrmOd_normal.png,,730.no was started in 2008 and is Norway's largest independent website and platform for pop culture - and more Check out the front page: 730.no,730.no,0.0,0.3666666666666666,0.6333333333333333,1,0.6333333333333333,0.3666666666666667,1
alialjabiri,Ø¯. Ø¹Ù„ÙŠ Ø§Ù„Ø¬Ø§Ø¨Ø±ÙŠ,Ø±Ø¦ÙŠØ³ Ø§ØªØ­Ø§Ø¯ Ø§Ù„ØµØ­ÙÙŠÙŠÙ† Ø§Ù„Ø¹Ø±Ø¨ ÙÙŠ Ø§Ù„Ø³ÙˆÙŠØ¯ Ø±Ø¦ÙŠØ³ ØªØ­Ø±ÙŠØ± ØµØ­ÙŠÙØ© ÙŠÙˆØ±Ùˆ ØªØ§ÙŠÙ…Ø²  @eurotimesarabia  ..Ù…Ø°ÙŠØ¹ Ø§ÙˆÙ„ ÙˆÙ…Ù‚Ø¯Ù… Ø¨Ø±Ø§Ù…Ø¬ Ø³ÙŠØ§Ø³ÙŠØ© ÙÙŠ Ù‚Ù†Ø§Ø© Ø§Ø¨ÙˆØ¸Ø¨ÙŠ Ø³Ø§Ø¨Ù‚Ø§Ù‹..,,989.0,1332.0,False,March 2010,"Stockholm, Sweden",,https://pbs.twimg.com/profile_images/2001266107307716608/uR5QrmOd_normal.png,,"President of the Union of Arab Journalists in Sweden, Editor-in-Chief of the Euro Times newspaper @eurotimesarabia... Formerly a senior broadcaster and presenter of political programs on Abu Dhabi Channel..",D. Ali Al Jabri,0.0,0.3633333333333333,0.6366666666666667,1,0.6366666666666667,0.3633333333333333,0
ahmadrezagz,Ø§Ø­Ù…Ø¯Ø±Ø¶Ø§ Ú¯ÙˆØ¯Ø±Ø²ÛŒ,Ø¯Ø§Ù†Ø´Ø¬ÙˆÛŒ Ø§Ù‚ØªØµØ§Ø¯ | Ø¹Ù„Ø§Ù‚Ù…Ù†Ø¯ Ø¨Ù‡ Ù…Ø·Ø§Ù„Ø¹Ù‡ Ùˆ Ø±Ø³Ø§Ù†Ù‡,,14.0,1322.0,False,September 2020,,,https://pbs.twimg.com/profile_images/2001266107307716608/uR5QrmOd_normal.png,,Economics student Interested in reading and media,Ahmadreza Godarzi,0.0,0.64,0.36,0,0.64,0.36,1
alyamaniyeen,313Ø§Ù„ÙŠÙ…Ø§Ù†ÙŠ515,,77.0,989.0,1686.0,False,February 2024,"Georgia, USA",,https://pbs.twimg.com/profile_images/2001266107307716608/uR5QrmOd_normal.png,,,313 Al-Yamani 515,0.0778564206268958,0.36,0.64,1,0.64,0.36,1
ahmedsamehcccpa,Ahmed KHALIL,tweets or likes are my reading list not endorsements,69.0,675.0,1765.0,False,October 2023,"Cairo, Egypt",,https://pbs.twimg.com/profile_images/2001266107307716608/uR5QrmOd_normal.png,,tweets or likes are my reading list not endorsements,Ahmed KHALIL,0.1022222222222222,0.36,0.64,1,0.64,0.36,2
abarsaber,saber abar ØµØ§Ø¨Ø± Ø§ÙØ¨ÙØ±,Ø¨Ø¹Ø¯ Ø§Ø² Ù…Ø±Ú¯ ÙˆÙ‚Øª ÙƒØ§ÙÛŒ Ø¨Ø±Ø§ÛŒ Ø®ÙˆØ§Ø¨ Ø¯Ø§Ø±Ù…/ÙØ§Ø³Ø¨ÙŠÙ†Ø¯Ø± . Â«Ù…Ø³Ø¦ÙˆÙ„ Ù†Ø¸Ø± Ø¯ÛŒÚ¯Ø±Ø§Ù† Ù†ÛŒØ³ØªÙ… Â»,,156.0,457.0,False,July 2015,Tehran,,https://pbs.twimg.com/profile_images/2001266107307716608/uR5QrmOd_normal.png,,"After death, I have enough time to sleep/Fassbinder. ""I am not responsible for the opinions of others""",saber abar saber abar,0.0,0.64,0.36,0,0.64,0.36,2
aboodmatar17,aboodmatar,from Gaza .,513.0,5502.0,444.0,False,June 2020,,,https://pbs.twimg.com/profile_images/2001266107307716608/uR5QrmOd_normal.png,,from Gaza .,aboodmatar,0.0932388222464558,0.3566666666666667,0.6433333333333333,1,0.6433333333333333,0.3566666666666667,1
aboutmes7,ØªØªÙˆ Ø¢Ø±ØªÛŒØ³Øª,Ù‡Ø± Ú©Ø§Ø±ÛŒ Ù…ÛŒÚ©Ù†Ù… Ø¨Ø±Ø§ÛŒ Ø¨Ø±Ø§Ù†Ø¯Ø§Ø²ÛŒØ®Ø¨Ø±Ø±Ø³Ø§Ù†Ø¢Ú¯Ø§Ù‡ÛŒ Ø¯Ù‡Ù†Ø¯Ù‡,,193.0,7656.0,False,November 2021,Ø¢Ø²Ø§Ø¯ÛŒ,,https://pbs.twimg.com/profile_images/2001266107307716608/uR5QrmOd_normal.png,,I will do everything to overthrow the whistleblowers,Tattoo artist,0.0,0.6433333333333333,0.3566666666666667,0,0.6433333333333333,0.3566666666666667,1
adorno_persian,Ø¢Ø¯ÙˆØ±Ù†Ùˆ,Â«Ø¢Ø²Ø§Ø¯ÛŒØŒ Ø§Ù†ØªØ®Ø§Ø¨ Ø¨ÙŠÙ† Ø³ÙÙŠØ¯ Ùˆ Ø³ÙŠØ§Ù‡ Ù†ÙŠØ³ØªØŒ Ø¯Ù‚ÙŠÙ‚Ø§ Ù†ÙÛŒ Ø§ÙŠÙ† Ø§Ù†ØªØ®Ø§Ø¨ ØªØ­Ù…ÙŠÙ„ÛŒ Ø§Ø³ØªÂ»,,8.0,1315.0,False,February 2023,Negative Utopia,,https://pbs.twimg.com/profile_images/2001266107307716608/uR5QrmOd_normal.png,,"""Freedom is not a choice between black and white, it is precisely the negation of this forced choice""",Adorno,0.0,0.6466666666666666,0.3533333333333333,0,0.6466666666666666,0.3533333333333334,0
alinaghi2018,AliNaghi,,5675.0,1284.0,1150.0,False,March 2018,,,https://pbs.twimg.com/profile_images/2001266107307716608/uR5QrmOd_normal.png,,,AliNaghi,4.419781931464175,0.3533333333333333,0.6466666666666666,1,0.6466666666666666,0.3533333333333334,0
alialiraouf2,ali raouf,"Retired Sociologist , educator interested in politics and current events. interesting in gardening.",51.0,348.0,1408.0,False,March 2014,kansas city,,https://pbs.twimg.com/profile_images/2001266107307716608/uR5QrmOd_normal.png,,"Retired Sociologist , educator interested in politics and current events. interesting in gardening.",ali raouf,0.146551724137931,0.3533333333333333,0.6466666666666666,1,0.6466666666666666,0.3533333333333334,1
ahwaztammoz2021,Freedom Ahwaz Arabia,Ù„Ù…ÙƒØ§ÙØ­Ø© Ø§Ù„Ù…Ø´Ø±ÙˆØ¹ Ø§Ù„ØªÙˆØ³Ø¹ÙŠ Ø§Ù„Ø¥ÙŠØ±Ø§Ù†ÙŠ ÙÙŠ Ø§Ù„Ù…Ù†Ø·Ù‚Ø© #Ø¹Ø§Ø´Øª_Ø§Ù„Ø§Ø­ÙˆØ§Ø² #ÙŠØ§Ø´Ø§Ø³ÙŠÙ†_Ø¢Ø²Ø±Ø¨Ø§ÙŠØ¬Ø§Ù†  Official account:  @ReysanAhwazIndy,629.0,298.0,252.0,False,January 2024,Ahwaz Arabiya,,https://pbs.twimg.com/profile_images/2001266107307716608/uR5QrmOd_normal.png,,To combat the Iranian expansionist project in the region #LongLong_Ahwaz #Yashasin_Azerbaijan Official account: @ReysanAhwazIndy,Freedom Ahwaz Arabia,2.110738255033557,0.65,0.35,0,0.65,0.35,2
allytheluminus,Vicar~keepitDoPeğŸ¥‚,Spontaneously hilarious/mwana waMwari/hala madrid,41.0,256.0,33.0,False,November 2023,"Harare, Zimbabwe",,https://pbs.twimg.com/profile_images/2001266107307716608/uR5QrmOd_normal.png,,Spontaneously hilarious/son of God/hala madrid,Vicar~keepitDoPeğŸ¥‚,0.16015625,0.35,0.65,1,0.65,0.35,1
