username,display_name,description,display_name_en,description_en,location,followers_count,following_count,statuses_count,verified,created_at,url,profile_image_url,profile_banner_url,source,target_population_label,prediction_confidence,manual_label_locals_vs_diaspora,predicted_class,prob_0,prob_1,prob_2,confidence_level,uncertainty_score
20rapcom,20RAP.com,رسانه‌ی مستقل هیپ‌هاپ/رپ فارسی، تاسیس ۱۳۸۸,20RAP.com,رسانه‌ی مستقل هیپ‌هاپ/رپ فارسی، تاسیس ۱۳۸۸,Iran,,13.0,5214.0,False,March 2011,,https://pbs.twimg.com/profile_images/2001266107307716608/uR5QrmOd_normal.png,,manual_label,1,,,1,0.4768799882921373,0.5231200117078627,,0.5231200117078627,0.4768799882921373
4freedominiran,Iran Freedom,"Representing activities & views of the Iranian diaspora, promoting democratic change by the people for #FreeIran Voice of #IranProtests #MaryamRajavi4FreeIran",Iran Freedom,"Representing activities & views of the Iranian diaspora, promoting democratic change by the people for #FreeIran Voice of #IranProtests #MaryamRajavi4FreeIran",,,698.0,2018.0,False,August 2013,,https://pbs.twimg.com/profile_images/1427297293242441731/1vPaoNnm_200x200.jpg,,manual_label,1,,,1,0.4825398245173482,0.5174601754826518,,0.5174601754826518,0.4825398245173482
allhamjdy48220,ذبیح‌الله امجدی,,ذبیح‌الله امجدی,,,0.0,2.0,0.0,False,December 2025,,https://pbs.twimg.com/profile_images/2001266107307716608/uR5QrmOd_normal.png,,manual_label,1,,,1,0.4768799882921373,0.5231200117078627,,0.5231200117078627,0.4768799882921373
abhaddadii,Haddadi,t.me/abolfazlhaddadi,Haddadi,t.me/abolfazlhaddadi,,,415.0,3931.0,False,January 2022,,https://pbs.twimg.com/profile_images/2001266107307716608/uR5QrmOd_normal.png,,manual_label,1,,,1,0.4768799882921373,0.5231200117078627,,0.5231200117078627,0.4768799882921373
aboutmes7,تتو آرتیست,هر کاری میکنم برای براندازیخبررسانآگاهی دهنده,تتو آرتیست,هر کاری میکنم برای براندازیخبررسانآگاهی دهنده,آزادی,,193.0,7656.0,False,November 2021,,https://pbs.twimg.com/profile_images/2001266107307716608/uR5QrmOd_normal.png,,manual_label,1,,,1,0.48271374923998345,0.5172862507600166,,0.5172862507600166,0.48271374923998345
afsharmog,افشار مقدم,دارای فاز هنری    instagram.com/afsharmoghaddam,افشار مقدم,دارای فاز هنری    instagram.com/afsharmoghaddam,,3726.0,192.0,9288.0,False,March 2019,,https://pbs.twimg.com/profile_images/2001266107307716608/uR5QrmOd_normal.png,,manual_label,1,,,1,0.4768799882921373,0.5231200117078627,,0.5231200117078627,0.4768799882921373
abdeekalantari,Abdee Kalantari,عبدی کلانتری --- abdee-kalantari.blogspot.com nilgoon.org vimeo.com/user5224333,Abdee Kalantari,عبدی کلانتری --- abdee-kalantari.blogspot.com nilgoon.org vimeo.com/user5224333,,5015.0,1583.0,1290.0,False,October 2014,,https://pbs.twimg.com/profile_images/2001266107307716608/uR5QrmOd_normal.png,,manual_label,1,,,1,0.4768799882921373,0.5231200117078627,,0.5231200117078627,0.4768799882921373
adelzarandi,Adel,,Adel,,Iran,175.0,639.0,168.0,False,August 2011,,https://pbs.twimg.com/profile_images/2001266107307716608/uR5QrmOd_normal.png,,manual_label,1,,,1,0.4768799882921373,0.5231200117078627,,0.5231200117078627,0.4768799882921373
a_nazari99,A Nazari,"To Achieve Victory, One Must Plan",A Nazari,"To Achieve Victory, One Must Plan",Islamic Republic of Iran,21.0,276.0,1.0,False,March 2020,,https://pbs.twimg.com/profile_images/2001266107307716608/uR5QrmOd_normal.png,,manual_label,1,,,1,0.4179928185960404,0.5820071814039596,,0.5820071814039596,0.4179928185960404
abed33474966,Ab.Es,مانیا,Ab.Es,مانیا,,12.0,240.0,150.0,False,September 2022,,https://pbs.twimg.com/profile_images/2001266107307716608/uR5QrmOd_normal.png,,manual_label,1,,,1,0.4768799882921373,0.5231200117078627,,0.5231200117078627,0.4768799882921373
akbrzadh35412,رحیم اکبرزاده,,رحیم اکبرزاده,,,0.0,44.0,0.0,False,December 2025,,https://pbs.twimg.com/profile_images/2001266107307716608/uR5QrmOd_normal.png,,manual_label,1,,,1,0.4768799882921373,0.5231200117078627,,0.5231200117078627,0.4768799882921373
ab_ganji,عبدالله گنجی,دانش آموخته سیاست(دانشگاه علامه طباطبایی) فَمِنۡهُم مَّن قَضَىٰ نَحۡبَهُۥ وَمِنۡهُم مَّن يَنتَظِرُۖ وَمَا بَدَّلُواْ تَبۡدِيلٗا.تعلق جناحی و دعوای جناحی ندارم.,عبدالله گنجی,دانش آموخته سیاست(دانشگاه علامه طباطبایی) فَمِنۡهُم مَّن قَضَىٰ نَحۡبَهُۥ وَمِنۡهُم مَّن يَنتَظِرُۖ وَمَا بَدَّلُواْ تَبۡدِيلٗا.تعلق جناحی و دعوای جناحی ندارم.,Islamic Republic of Iran,,199.0,6157.0,False,December 2016,,https://pbs.twimg.com/profile_images/2001266107307716608/uR5QrmOd_normal.png,,manual_label,1,,,0,0.51766724544935,0.48233275455065,,0.51766724544935,0.48233275455064994
abdolhamidnetar,فضيلة الشيخ عبد الحميد إسماعيل زهي,خطيب أهل السنة ورئيس جامعة دار العلوم بمدينة زاهدان، ورئيس منظمة اتحاد المدارس الدينية لأهل السنة بمحافظة سيستان وبلوشستان - إيران,فضيلة الشيخ عبد الحميد إسماعيل زهي,خطيب أهل السنة ورئيس جامعة دار العلوم بمدينة زاهدان، ورئيس منظمة اتحاد المدارس الدينية لأهل السنة بمحافظة سيستان وبلوشستان - إيران,Iran,3445.0,2.0,379.0,False,January 2021,,https://pbs.twimg.com/profile_images/2001266107307716608/uR5QrmOd_normal.png,,manual_label,1,,,1,0.4768799882921373,0.5231200117078627,,0.5231200117078627,0.4768799882921373
alialiraouf2,ali raouf,"Retired Sociologist , educator interested in politics and current events. interesting in gardening.",ali raouf,"Retired Sociologist , educator interested in politics and current events. interesting in gardening.",kansas city,51.0,348.0,1408.0,False,March 2014,,https://pbs.twimg.com/profile_images/2001266107307716608/uR5QrmOd_normal.png,,manual_label,1,,,0,0.6394062531783498,0.3605937468216503,,0.6394062531783498,0.36059374682165024
2x0x2x4,KolKa,جمهوری اسلامی در دریای خونی که به راه انداخته، غرق خواهد شد...  #زن_زندگی_آزادی #مهسا_امینی,KolKa,جمهوری اسلامی در دریای خونی که به راه انداخته، غرق خواهد شد...  #زن_زندگی_آزادی #مهسا_امینی,,133.0,95.0,987.0,False,December 2023,,https://pbs.twimg.com/profile_images/2001266107307716608/uR5QrmOd_normal.png,,manual_label,1,,,1,0.42513093111796363,0.5748690688820364,,0.5748690688820364,0.42513093111796363
ailar1000,jupiter,"love reading,music,movies and these days speaking Deutsch is my favorite",jupiter,"love reading,music,movies and these days speaking Deutsch is my favorite",,59.0,978.0,996.0,False,September 2009,,https://pbs.twimg.com/profile_images/2001266107307716608/uR5QrmOd_normal.png,,manual_label,1,,,1,0.4768799882921373,0.5231200117078627,,0.5231200117078627,0.4768799882921373
___mohsen_,آندره ی بالکونسکی,,آندره ی بالکونسکی,,,284.0,483.0,1363.0,False,April 2019,,https://pbs.twimg.com/profile_images/2001266107307716608/uR5QrmOd_normal.png,,manual_label,1,,,1,0.4768799882921373,0.5231200117078627,,0.5231200117078627,0.4768799882921373
ala_tre6,A.,گاهی آروم گاهی پرشور،حد وسط اینجا معنا ندارد,A.,گاهی آروم گاهی پرشور،حد وسط اینجا معنا ندارد,,0.0,50.0,8.0,False,May 2024,,https://pbs.twimg.com/profile_images/2001266107307716608/uR5QrmOd_normal.png,,manual_label,1,,,1,0.4768799882921373,0.5231200117078627,,0.5231200117078627,0.4768799882921373
5y6aahcdftzn4me,پرنسس,دلخوشی ها کم‌نیست، دیده ها، نابیناست..‌.,پرنسس,دلخوشی ها کم‌نیست، دیده ها، نابیناست..‌.,,26.0,10.0,125.0,False,December 2020,,https://pbs.twimg.com/profile_images/2001266107307716608/uR5QrmOd_normal.png,,manual_label,1,,,1,0.4768799882921373,0.5231200117078627,,0.5231200117078627,0.4768799882921373
alimr70141,MrRezaeiAli,Civil Engineering the Future of Refining.  O&G Infrastructure.,MrRezaeiAli,Civil Engineering the Future of Refining.  O&G Infrastructure.,Islamic Republic of Iran,1.0,34.0,0.0,False,November 2025,,https://pbs.twimg.com/profile_images/2001266107307716608/uR5QrmOd_normal.png,,manual_label,1,,,1,0.45478220184087237,0.5452177981591276,,0.5452177981591276,0.45478220184087237
9tantiope,9T Antiope,@NimaAghiani  & Sara Bideli Shamloo ( @SarrSewZenith ). Electronic / Experimental / Abstract  9tantiope.bandcamp.com - all enquiries: booking@9tantiope.com,9T Antiope,@NimaAghiani  & Sara Bideli Shamloo ( @SarrSewZenith ). Electronic / Experimental / Abstract  9tantiope.bandcamp.com - all enquiries: booking@9tantiope.com,Tehran / Paris,550.0,202.0,927.0,False,December 2015,,https://pbs.twimg.com/profile_images/2001266107307716608/uR5QrmOd_normal.png,,manual_label,1,,,1,0.4768799882921373,0.5231200117078627,,0.5231200117078627,0.4768799882921373
aeeeeeeeeeeen,آئین,Dreamer,آئین,Dreamer,iran,313.0,187.0,1897.0,False,December 2016,,https://pbs.twimg.com/profile_images/2001266107307716608/uR5QrmOd_normal.png,,manual_label,1,,,1,0.4768799882921373,0.5231200117078627,,0.5231200117078627,0.4768799882921373
aboarab90547242,حبیبی محمد,,حبیبی محمد,,,61.0,777.0,175.0,False,November 2022,,https://pbs.twimg.com/profile_images/2001266107307716608/uR5QrmOd_normal.png,,manual_label,1,,,1,0.4768799882921373,0.5231200117078627,,0.5231200117078627,0.4768799882921373
abdolhamidnet,شیخ الاسلام مولانا عبدالحمید,مدیر دارالعلوم و امام جمعه اهل سنت زاهدان و رئیس شورای هماهنگی مدارس علوم دینی اهل سنت سیستان و بلوچستان,Shaykh-ul-Islam Maulana Abdul Hameed,"The director of Darul Uloom and the imam of Ahl al-Sunnah Zahedan, and the head of the coordinating council of Ahl al-Sunnah religious schools in Sistan and Baluchistan",iran,,2.0,3668.0,False,January 2012,,https://pbs.twimg.com/profile_images/2001266107307716608/uR5QrmOd_normal.png,,manual_label,1,,,1,0.4768799882921373,0.5231200117078627,,0.5231200117078627,0.4768799882921373
aidin_og,آیـدیـنـم یا شاید یه انسان غمگین ؛,خسته ام ؛,Aydinm or maybe a sad person;,I'm tired,,0.0,8.0,27.0,False,December 2025,,https://pbs.twimg.com/profile_images/2001266107307716608/uR5QrmOd_normal.png,,manual_label,1,,,1,0.4866683911384849,0.5133316088615151,,0.5133316088615151,0.4866683911384849
abbasmowzoon,Abbas_Mowzoon,Researcher Author Director Producer,Abbas_Mowzoon,Researcher Author Director Producer,,,0.0,390.0,False,April 2021,,https://pbs.twimg.com/profile_images/2001266107307716608/uR5QrmOd_normal.png,,manual_label,1,,,1,0.4768799882921373,0.5231200117078627,,0.5231200117078627,0.4768799882921373
ali_cheshomi,علی چشمی,استادیار گروه اقتصاد دانشگاه فردوسی مشهد,Ali Chasmi,"Assistant Professor, Department of Economics, Ferdowsi University of Mashhad",,4919.0,202.0,1651.0,False,September 2016,,https://pbs.twimg.com/profile_images/2001266107307716608/uR5QrmOd_normal.png,,manual_label,1,,,1,0.3925835713375214,0.6074164286624786,,0.6074164286624786,0.3925835713375214
7continentnewss,کمونیست کُش👺,The fastest and most accurate news of the day in the worldخدا آزادی خوانواده میهن -حق مالکیت فردی,Kush Communist,"The fastest and most accurate news of the day in the world, God's freedom, the family, the homeland - the right to individual property",United States,74.0,778.0,1654.0,False,June 2022,,https://pbs.twimg.com/profile_images/2001266107307716608/uR5QrmOd_normal.png,,manual_label,1,,,1,0.4768799882921373,0.5231200117078627,,0.5231200117078627,0.4768799882921373
activistrafiey,سمیه رفیعی,نماینده مردم شریف تهران، ری، شمیرانات، اسلامشهر و پردیس/رئیس فراکسیون محیط زیست/نایب رئیس کمیسیون کشاورزی مجلس/ فعال و سیاست‌پژوه محیط زیست,Samia Rafiei,"Representative of the Sharif People of Tehran, Ray, Shemiranat, Islamshahr and Pardis/Head of the Environment Fraction/Vice-Chairman of the Parliament Agriculture Commission/Environmental Activist and Politician",,5292.0,78.0,757.0,False,July 2019,,https://pbs.twimg.com/profile_images/2001266107307716608/uR5QrmOd_normal.png,,manual_label,1,,,1,0.46239043607451213,0.5376095639254879,,0.5376095639254879,0.46239043607451213
404arsynotfound,Arsy,Living proof that sleep is optional.,Arsy,Living proof that sleep is optional.,,8.0,72.0,35.0,False,June 2022,,https://pbs.twimg.com/profile_images/2001266107307716608/uR5QrmOd_normal.png,,manual_label,1,,,1,0.4768799882921373,0.5231200117078627,,0.5231200117078627,0.4768799882921373
aahassas,PishGoo,....قصه نانوشته....درحال تکمیل...صفحه ۳۶,PishGoo,....unwritten story....in progress...page 36,iran-tehran,126.0,225.0,3222.0,False,June 2009,,https://pbs.twimg.com/profile_images/2001266107307716608/uR5QrmOd_normal.png,,manual_label,1,,,1,0.4768799882921373,0.5231200117078627,,0.5231200117078627,0.4768799882921373
adelirani04833,👑Adel-irani0123👑,PahlaviReza@#KingRezaPahlavi#CyrusTheGreat    نیابد زبان جز بدین نکته راه   که همواره جاوید و پاینده شاه,👑Adel-irani0123👑,PahlaviReza@#KingRezaPahlavi#CyrusTheGreat should not find a language except for this point of the way that the king is always eternal and eternal.,#PersianGulf,2258.0,5682.0,5022.0,False,September 2024,,https://pbs.twimg.com/profile_images/2001266107307716608/uR5QrmOd_normal.png,,manual_label,1,,,1,0.4768799882921373,0.5231200117078627,,0.5231200117078627,0.4768799882921373
afshin_rasa,Afshin Rasa,"Civil Engineer                                                                 Deep Leaning, Image Processing",Afshin Rasa,"Civil Engineer                                                                 Deep Leaning, Image Processing",,3.0,17.0,31.0,False,March 2021,,https://pbs.twimg.com/profile_images/2001266107307716608/uR5QrmOd_normal.png,,manual_label,1,,,1,0.4621035896302268,0.5378964103697732,,0.5378964103697732,0.4621035896302268
ajdemarang,Ajdemarang 🇮🇷 اژدمارنگ,دانشمند، پژوهشگر، روشنفکر، کارآفرین و تحلیلگر امور آسمان‌ها و زمین ساده‌ای بیش نیستم.,Ajdemarang 🇮🇷 Ajdemarang,"I am nothing more than a simple scientist, researcher, intellectual, entrepreneur and analyst of the affairs of the heavens and the earth.",Canada,,1139.0,1353.0,False,September 2012,,https://pbs.twimg.com/profile_images/2001266107307716608/uR5QrmOd_normal.png,,manual_label,1,,,1,0.44537144215274316,0.5546285578472568,,0.5546285578472568,0.44537144215274316
0alwaysdreamer0,khe_alef,با سگ‌ها دونده، با پرنده‌ها پرنده، با گربه‌ها تماشاگر,_nache,"Running with dogs, flying with birds, watching with cats",,1853.0,923.0,,False,July 2009,,https://pbs.twimg.com/profile_images/2001266107307716608/uR5QrmOd_normal.png,,manual_label,1,,,1,0.4768799882921373,0.5231200117078627,,0.5231200117078627,0.4768799882921373
1364ghazal62816,somaih1363,گل یخ,somaih1363,ice flower,تهران,3.0,17.0,1.0,False,April 2023,,https://pbs.twimg.com/profile_images/2001266107307716608/uR5QrmOd_normal.png,,manual_label,1,,,1,0.4768799882921373,0.5231200117078627,,0.5231200117078627,0.4768799882921373
alikalaei62,Ali Kalaei,همسر- روزنامه نگار - مدافع حقوق بشر Spouse - Journalist - Human Rights Defender peace-mark.org  Retweets ≠ endorsements,Ali Kalaei,Spouse - Journalist - Human Rights Defender peace-mark.org Retweets ≠ endorsements,Sweden,5599.0,4991.0,1373.0,False,December 2014,,https://pbs.twimg.com/profile_images/2001266107307716608/uR5QrmOd_normal.png,,manual_label,1,,,0,0.6740314534570643,0.3259685465429357,,0.6740314534570643,0.3259685465429357
2_rebelgirl,Rebel girl,« نه سلطنت، نه رهبری، نه ارتجاع رجوی »        لیبرال,Rebel girl,"""No monarchy, no leadership, no reaction,"" Rajavi, a liberal",,1399.0,1004.0,9779.0,False,February 2025,,https://pbs.twimg.com/profile_images/2001266107307716608/uR5QrmOd_normal.png,,manual_label,1,,,1,0.4768799882921373,0.5231200117078627,,0.5231200117078627,0.4768799882921373
_ya_karim_,səs siz,‌یازیرام، دۆزدۆ قاتیل_ قاتیلمییرسان آتیل_یانلیش دی دۆزۆن یاز | بیربئلهروانپریش,the voice is you,"یازیازم, Dosdo killer _ slimmy 'Atil_Janlish de Dosho Yaz | Birbelrwanprish",Güney Azərbaycan,532.0,436.0,,False,December 2023,,https://pbs.twimg.com/profile_images/2001266107307716608/uR5QrmOd_normal.png,,manual_label,1,,,1,0.4768799882921373,0.5231200117078627,,0.5231200117078627,0.4768799882921373
ahadsadeghi71,Ahad.sadeghi71,روزگارم بد نیست، اگر نابخردی ها و کج اندیشی ها و قضاوت ها بگذارند.,Sunday. sadeghi71,"My life is not bad, if they make stupid and biased thoughts and judgments.",همه جای ایران سرای من است,238.0,735.0,336.0,False,March 2019,,https://pbs.twimg.com/profile_images/2001266107307716608/uR5QrmOd_normal.png,,manual_label,1,,,1,0.4768799882921373,0.5231200117078627,,0.5231200117078627,0.4768799882921373
ahmadsamadi1974,Ahmad Samadi,"Senior Journalist  @IranInternational  TV  iranintl.com/en  @IranIntl_En  interested in EU, Germany, international&Iran affaires, Iaea, Iran nuclear",Ahmad Samadi,"Senior Journalist  @IranInternational  TV  iranintl.com/en  @IranIntl_En  interested in EU, Germany, international&Iran affaires, Iaea, Iran nuclear",,5188.0,973.0,1979.0,False,February 2020,,https://pbs.twimg.com/profile_images/2001266107307716608/uR5QrmOd_normal.png,,manual_label,1,,,0,0.5075190652507608,0.4924809347492391,,0.5075190652507608,0.49248093474923915
alibahaadori,علی بهادری جهرمی,سخنگو و دبیر هیئت دولت شهید رئیسی | حقوق‌دان و عضو هیئت علمی دانشگاه تربیت مدرس,Ali Bahadri Jahormi,Spokesman and Secretary of the government delegation of Shahid Raisi Lawyer and faculty member of Tarbiat Modares University,Islamic Republic of Iran,,138.0,2464.0,False,September 2018,,https://pbs.twimg.com/profile_images/2001266107307716608/uR5QrmOd_normal.png,,manual_label,1,,,1,0.3925835713375214,0.6074164286624786,,0.6074164286624786,0.3925835713375214
_angry_n___,i N !,تا اطلاع ثانوی فقط #زن_زندگی_آزادی,i N !,"Until further notice, only #free_life_woman",!,149.0,160.0,4797.0,False,October 2015,,https://pbs.twimg.com/profile_images/2001266107307716608/uR5QrmOd_normal.png,,manual_label,1,,,1,0.4768799882921373,0.5231200117078627,,0.5231200117078627,0.4768799882921373
afshin_46,Afshin,نام من سید محمد حاجی سید جوادی است و مسئولیت حقوقی  نوشته هایم بر عهده من است.  #جمهوری‌خواه  #سوسیال‌دموکرات,heat,My name is Seyed Mohammad Haji Seyed Javadi and I am responsible for the legal responsibility of my writings.  #Republican #Social Democrat,,1318.0,2948.0,,False,July 2021,,https://pbs.twimg.com/profile_images/2001266107307716608/uR5QrmOd_normal.png,,manual_label,1,,,1,0.4187473338065859,0.5812526661934141,,0.5812526661934141,0.4187473338065859
abdulwadudkha12,Abdulwadud Khan,ليسانس فعلآ درافغانستان زندګي ميکونم,Abdulwadud Khan,I live in Afghanistan for now,افغانستان,96.0,1443.0,13.0,False,October 2025,,https://pbs.twimg.com/profile_images/2001266107307716608/uR5QrmOd_normal.png,,manual_label,1,,,1,0.4866683911384849,0.5133316088615151,,0.5133316088615151,0.4866683911384849
abadguy000,🏴󠁧󠁢󠁥󠁮󠁧󠁿AlinnaKX87🇺🇲,"Freedom, Family and HF Electronics!!",🏴 you will give it up to the natives of the nest of the hypocrites.,"Freedom, Family and HF Electronics!!","Preston, England",278.0,639.0,2068.0,False,July 2020,,https://pbs.twimg.com/profile_images/2001266107307716608/uR5QrmOd_normal.png,,manual_label,1,,,0,0.5181099418214318,0.4818900581785682,,0.5181099418214318,0.4818900581785682
adameaval,adameaval,نوشتن کسب‌وکار من است - هنرجوی نقاشی,adameaval,Writing is my business - student of painting,tehran,6194.0,2306.0,4983.0,False,June 2015,,https://pbs.twimg.com/profile_images/2001266107307716608/uR5QrmOd_normal.png,,manual_label,1,,,1,0.4465154013784496,0.5534845986215504,,0.5534845986215504,0.4465154013784496
afshinzare1,Afshin Zare,Actor & Composer,Afshin Zare,Actor & Composer,Islamic Republic of Iran,3.0,97.0,13.0,False,July 2012,,https://pbs.twimg.com/profile_images/2001266107307716608/uR5QrmOd_normal.png,,manual_label,1,,,1,0.4768799882921373,0.5231200117078627,,0.5231200117078627,0.4768799882921373
2017siyasi,Dr siyasi,,Dr,,,206.0,306.0,6949.0,False,March 2017,,https://pbs.twimg.com/profile_images/2001266107307716608/uR5QrmOd_normal.png,,manual_label,1,,,1,0.4361777726494157,0.5638222273505843,,0.5638222273505843,0.4361777726494157
ala_ti_ti,الا‌ تى‌تى,"Hello, I'm still here. All that's left of yesterday!",Until then,"Hello, I'm still here. All that's left of yesterday!",همه‌جا,2447.0,546.0,1400.0,False,October 2017,,https://pbs.twimg.com/profile_images/2001266107307716608/uR5QrmOd_normal.png,,manual_label,1,,,1,0.4768799882921373,0.5231200117078627,,0.5231200117078627,0.4768799882921373
akhbare_fori,خبرفوری,. (خبرفوری) Official account of KhabarFoori . Telegram Channel:  t.me/akhbarefori,breaking news,. Official account of KhabarFoori. Telegram Channel: t.me/akhbarefori,iran,,34.0,1378.0,False,July 2017,,https://pbs.twimg.com/profile_images/2001266107307716608/uR5QrmOd_normal.png,,manual_label,1,,,1,0.4235332877952246,0.5764667122047754,,0.5764667122047754,0.4235332877952246
abtahi_m,Mohamad Ali Abtahi,سیاستمدار اصلاح‌طلب؛ رییس دفتر و معاون پارلمانی رییس جمهور خاتمی/ chief of staff and parliamentary deputy of President Khatami; Irani theologian,Mohamad Ali Abtahi,reformist politician; chief of staff and parliamentary deputy of President Khatami; Iranian theologian,Iran,,937.0,4823.0,False,December 2009,,https://pbs.twimg.com/profile_images/2001266107307716608/uR5QrmOd_normal.png,,manual_label,1,,,0,0.6156486477506712,0.3843513522493288,,0.6156486477506712,0.3843513522493288
abdolhamid_net,Mawlana Abdol-Hamid,"Official English Account of  Pres. of Darululoom Zahedan, Iran;  Friday Imam of Sunnis in Zahedan; Member of the Supreme Council of the MWL.",Mawlana Abdul-Hamid,"Official English Account of  Pres. of Darululoom Zahedan, Iran;  Friday Imam of Sunnis in Zahedan; Member of the Supreme Council of the MWL.","Zahedan, Iran",4410.0,2.0,922.0,False,May 2020,,https://pbs.twimg.com/profile_images/2001266107307716608/uR5QrmOd_normal.png,,manual_label,1,,,1,0.4732249454901586,0.5267750545098414,,0.5267750545098414,0.4732249454901586
aanahelll,Atefeh,,Atefeh,,,62.0,93.0,107.0,False,November 2022,,https://pbs.twimg.com/profile_images/2001266107307716608/uR5QrmOd_normal.png,,manual_label,1,,,0,0.5179395609903,0.48206043900969997,,0.5179395609903,0.48206043900969997
aalbahrayn5356,زعيم اسيا عشق سنين الطفولة,هلالي هلال السعادة  نادي السعادة,The leader of Asia loved his childhood years,"Hilal Al-Saada, Al-Saada Club",,134.0,1392.0,444.0,False,April 2023,,https://pbs.twimg.com/profile_images/2001266107307716608/uR5QrmOd_normal.png,,manual_label,1,,,1,0.4768799882921373,0.5231200117078627,,0.5231200117078627,0.4768799882921373
5ogand,Sogand,Artist,Swearing,Artist,"London, England",,71.0,1709.0,False,January 2013,,https://pbs.twimg.com/profile_images/2001266107307716608/uR5QrmOd_normal.png,,prediction,1,0.5008441529345729,,1,0.4768799882921373,0.5231200117078627,,0.5231200117078627,0.4768799882921373
absmadridista,مدريدي,ريال مدريد هو نادي حياتي هلا مدريد,Madrid,"Real Madrid is the club of my life, Hala Madrid",,144.0,1434.0,1580.0,False,February 2022,,https://pbs.twimg.com/profile_images/2001266107307716608/uR5QrmOd_normal.png,,prediction,1,0.5028494096344293,,1,0.4768799882921373,0.5231200117078627,,0.5231200117078627,0.4768799882921373
ahmadabdulsada,احمد عبد السادة,شاعر وكاتب وصحفي عراقي,Ahmed Abdel Sada,"Iraqi poet, writer and journalist",Iraq,,289.0,4050.0,False,June 2016,,https://pbs.twimg.com/profile_images/2001266107307716608/uR5QrmOd_normal.png,,prediction,1,0.5035188380859316,,1,0.4768799882921373,0.5231200117078627,,0.5231200117078627,0.4768799882921373
adnanaltia,عدنان الطائي,"Host of the ""Tell the Truth"" Program",Adnan Al-Taie,"Host of the ""Tell the Truth"" Program","Istanbul, Turkey",,469.0,7109.0,False,November 2015,,https://pbs.twimg.com/profile_images/2001266107307716608/uR5QrmOd_normal.png,,prediction,1,0.5054450203642256,,1,0.4768799882921373,0.5231200117078627,,0.5231200117078627,0.4768799882921373
alamyn39470,محمد الامين الضبيبي,,Muhammad Al-Amin Al-Dabibi,,,73.0,919.0,101.0,False,September 2025,,https://pbs.twimg.com/profile_images/2001266107307716608/uR5QrmOd_normal.png,,prediction,1,0.5070252817992162,,1,0.4768799882921373,0.5231200117078627,,0.5231200117078627,0.4768799882921373
ahsana30012,أبو محمد🇵🇸,امت گرا Internationalism#اللهم_عجل_لولیک_الفرج,Abu Muhammad 🇵🇸,Ummat-oriented Internationalism,,148.0,4060.0,757.0,False,February 2025,,https://pbs.twimg.com/profile_images/2001266107307716608/uR5QrmOd_normal.png,,prediction,1,0.5070252817992162,,1,0.4768799882921373,0.5231200117078627,,0.5231200117078627,0.4768799882921373
altalqany79443,محمد الطالقاني,,Muhammad Al-Talqani,,,0.0,6.0,0.0,False,December 2025,,https://pbs.twimg.com/profile_images/2001266107307716608/uR5QrmOd_normal.png,,prediction,1,0.5070252817992162,,1,0.4768799882921373,0.5231200117078627,,0.5231200117078627,0.4768799882921373
alborznazariz,Alborz Nazari,"Software Engineer | Seasonal CLI Wanderer  I'm about Games, Softwares, Sales, Analytics and Education.",Alborz Nazari,"Software Engineer | Seasonal CLI Wanderer  I'm about Games, Softwares, Sales, Analytics and Education.",Spain,147.0,310.0,1959.0,False,March 2021,,https://pbs.twimg.com/profile_images/2001266107307716608/uR5QrmOd_normal.png,,prediction,1,0.5138319914214254,,1,0.41880884779760164,0.5811911522023984,,0.5811911522023984,0.41880884779760164
al_bayynat,شبكة البينات الثقافية,الحساب الاحتياطي |  @Al_Bayynat2,Cultural information network,Reserve account  @Al_Bayynat2,Yemen,,1.0,2377.0,False,July 2024,,https://pbs.twimg.com/profile_images/2001266107307716608/uR5QrmOd_normal.png,,prediction,1,0.5232039290473038,,1,0.4768799882921373,0.5231200117078627,,0.5231200117078627,0.4768799882921373
abttaniq,عبد الحسين عبطان,الصفحة الرسمية لرئيس حزب اقتدار وطن السياسي العراقي The president of the Iraqi political party Eqtadar Watan  t.me/abttaniq,Abdul Hussein Abtan,The official page of the President of the Iraqi political party Eqtadar Watan t.me/abttaniq,Iraq,,2970.0,2673.0,False,September 2016,,https://pbs.twimg.com/profile_images/2001266107307716608/uR5QrmOd_normal.png,,prediction,1,0.5266635876258989,,0,0.503679662072459,0.49632033792754104,,0.503679662072459,0.49632033792754104
a5sp3,عباس فاضل,,Abbas Fadel,,,1.0,12.0,0.0,False,September 2025,,https://pbs.twimg.com/profile_images/2001266107307716608/uR5QrmOd_normal.png,,prediction,1,0.5268933627169375,,1,0.4497694303232874,0.5502305696767126,,0.5502305696767126,0.4497694303232874
al_ardwi,عبــــاس العـــرداوي,عضو نقابة الصحفيين العراقيين *مستشار اعلامي * كل ما أطرحه من آراء هي تعبر وجهة نظر شخصية مبنية على ما اعتقد به من جهاد التبيين امام حالة الجهل والتضليل .,Abbas al-Ardawi,Member of the Iraqi Journalists Syndicate * Media Consultant * All the opinions I present express a personal point of view based on what I believe in the jihad of clarification in the face of ignorance and deception.,Iraq,,2085.0,7773.0,False,April 2019,,https://pbs.twimg.com/profile_images/2001266107307716608/uR5QrmOd_normal.png,,prediction,1,0.5288127562433659,,1,0.4050392634298937,0.5949607365701063,,0.5949607365701063,0.4050392634298937
abbasali690448,abbas ali,,Abbas Ali,,,0.0,65.0,0.0,False,December 2025,,https://pbs.twimg.com/profile_images/2001266107307716608/uR5QrmOd_normal.png,,prediction,1,0.5409604178278932,,0,0.5557476394031879,0.444252360596812,,0.5557476394031879,0.44425236059681206
adybly92748,اديب علي عبد,,Adeeb Ali Abd,,,0.0,31.0,0.0,False,October 2025,,https://pbs.twimg.com/profile_images/2001266107307716608/uR5QrmOd_normal.png,,prediction,1,0.5769143479181535,,1,0.4768799882921373,0.5231200117078627,,0.5231200117078627,0.4768799882921373
ali_al_najafy,الشيخ علي النجفي,t.me/alsheikh_alnaj …,Sheikh Ali Al-Najafi,t.me/alsheikh_alnaj …,,,26.0,4821.0,False,February 2011,,https://pbs.twimg.com/profile_images/2001266107307716608/uR5QrmOd_normal.png,,prediction,1,0.5769143479181535,,1,0.4768799882921373,0.5231200117078627,,0.5231200117078627,0.4768799882921373
_freeeagle_,Free eagle,سجل انا عربي,Free eagle,"Register, I am Arab",,138.0,213.0,2333.0,False,August 2014,,https://pbs.twimg.com/profile_images/2001266107307716608/uR5QrmOd_normal.png,,prediction,1,0.5856955127844171,,1,0.4768799882921373,0.5231200117078627,,0.5231200117078627,0.4768799882921373
abhishekbhaya,Abhishek G. Bhaya अभिषेक অভিষেক ابھیشک 加冕礼,"Journalist/Humanist/Universalist Int'l Relations, Religion, Conflict & Peace  @harvard  X  @trtworld @cgtn  @timesofindia  @gulf_news  @khaleejtimes  @muscat_daily",Abhishek G. Bhaya coronation ceremony,"Journalist/Humanist/Universalist Int'l Relations, Religion, Conflict & Peace  @harvard  X  @trtworld @cgtn  @timesofindia  @gulf_news  @khaleejtimes  @muscat_daily",Istanbul/Beijing/Dubai/Muscat,3877.0,3098.0,3931.0,False,July 2009,,https://pbs.twimg.com/profile_images/2001266107307716608/uR5QrmOd_normal.png,,prediction,1,0.5884812226462232,,1,0.4628918362724519,0.5371081637275481,,0.5371081637275481,0.4628918362724519
alinezhadi5,Ali Nezhadi,,Ali Nezhadi,,,64.0,1021.0,0.0,False,August 2021,,https://pbs.twimg.com/profile_images/2001266107307716608/uR5QrmOd_normal.png,,prediction,1,0.5896181661078654,,0,0.6156486477506712,0.3843513522493288,,0.6156486477506712,0.3843513522493288
alir33al,Ali,◉⃤,Ali,◉⃤,,0.0,70.0,0.0,False,March 2025,,https://pbs.twimg.com/profile_images/2001266107307716608/uR5QrmOd_normal.png,,prediction,1,0.5896181661078654,,0,0.6156486477506712,0.3843513522493288,,0.6156486477506712,0.3843513522493288
ali12793587,Ali,,Ali,,,0.0,1.0,0.0,False,January 2022,,https://pbs.twimg.com/profile_images/2001266107307716608/uR5QrmOd_normal.png,,prediction,1,0.5896181661078654,,0,0.6156486477506712,0.3843513522493288,,0.6156486477506712,0.3843513522493288
aliabz429014,Ali Abz,,Ali Abz,,,27.0,563.0,0.0,False,October 2024,,https://pbs.twimg.com/profile_images/2001266107307716608/uR5QrmOd_normal.png,,prediction,1,0.5896181661078654,,0,0.6156486477506712,0.3843513522493288,,0.6156486477506712,0.3843513522493288
ali_babaa1234,Ali,,Ali,,,1.0,34.0,0.0,False,September 2024,,https://pbs.twimg.com/profile_images/2001266107307716608/uR5QrmOd_normal.png,,prediction,1,0.5896181661078654,,0,0.6156486477506712,0.3843513522493288,,0.6156486477506712,0.3843513522493288
61pari93357,wind carry us?,خانه دار بی ادعا,wind carry us?,Unassuming housewife,,48.0,681.0,308.0,False,October 2025,,https://pbs.twimg.com/profile_images/2001266107307716608/uR5QrmOd_normal.png,,prediction,1,0.5931082008553767,,1,0.4768799882921373,0.5231200117078627,,0.5231200117078627,0.4768799882921373
1m9od5,ابو علي,,Abu Ali,,,0.0,16.0,0.0,False,December 2025,,https://pbs.twimg.com/profile_images/2001266107307716608/uR5QrmOd_normal.png,,prediction,1,0.5994193557204706,,1,0.4768799882921373,0.5231200117078627,,0.5231200117078627,0.4768799882921373
alijalizi8,علي,,on,,,0.0,11.0,0.0,False,May 2025,,https://pbs.twimg.com/profile_images/2001266107307716608/uR5QrmOd_normal.png,,prediction,1,0.5994193557204706,,1,0.4768799882921373,0.5231200117078627,,0.5231200117078627,0.4768799882921373
abas_asgharpour,abas asgharpour,شاعر و نویسنده,abas asgharpour,Poet and writer,,65.0,62.0,160.0,False,September 2022,,https://pbs.twimg.com/profile_images/2001266107307716608/uR5QrmOd_normal.png,,prediction,1,0.6078923762133533,,1,0.4768799882921373,0.5231200117078627,,0.5231200117078627,0.4768799882921373
ali_albadiri90,ali.albadiri,work .Kar.group. Yo : 25 June. Kar Cement Industry Company.  work ing for Jawharat Balsam Company.  @kar_group_company  . من ذاق حب ألله ارتوئ,ali. albadiri,work.Kar.group. Yo: June 25. Kar Cement Industry Company.  working for Jawharat Balsam Company.  @kar_group_company . Whoever tastes God's love will be satisfied,Iraq - Babylon,2.0,51.0,0.0,False,February 2025,,https://pbs.twimg.com/profile_images/2001266107307716608/uR5QrmOd_normal.png,,prediction,1,0.6082309777100143,,0,0.6363642861648835,0.36363571383511645,,0.6363642861648835,0.3636357138351165
afsamaryam96589,M,پروانه ای با بال های آبی,M,A butterfly with blue wings,,1.0,12.0,2.0,False,December 2025,,https://pbs.twimg.com/profile_images/2001266107307716608/uR5QrmOd_normal.png,,prediction,1,0.6091890916082944,,1,0.43097494034025796,0.569025059659742,,0.569025059659742,0.43097494034025796
abbasi_j_5,عباسی ۴,مهندس برق_عمران/کارشناس رسمی دادگستری/کنشگر و فعال اجتماعی و صنفی/آرزومند ایرانی آباد، شاد و قدرتمند,Abbasi 4,"Electrical-civil engineer/judiciary official expert/activist and social and trade union activist/well-off, happy and powerful Iranian",,1280.0,4321.0,2241.0,False,December 2022,,https://pbs.twimg.com/profile_images/2001266107307716608/uR5QrmOd_normal.png,,prediction,1,0.6150345933036185,,1,0.460370534481768,0.539629465518232,,0.539629465518232,0.460370534481768
alarabytv,التلفزيون العربي,التلفزيون العربي.. الصورة الأوضح تابعوا تغطيتنا للأخبار العاجلة على مدار الساعة  @Alarabytv_BRK,Arab TV,Arab TV...the clearest picture. Follow our coverage of breaking news around the clock @Alarabytv_BRK,"Lusail, Qatar",,11.0,1356.0,False,April 2014,,https://pbs.twimg.com/profile_images/2001266107307716608/uR5QrmOd_normal.png,,prediction,1,0.6157682106366043,,1,0.41522537615498056,0.5847746238450194,,0.5847746238450194,0.41522537615498056
_h_o_o_r_,sina,Intl Law UT  | عشق ایران در سرش، همچو من.,theirs,"International Law UT | Iran's love in his head, just like me.",IRAN,113.0,41.0,116.0,False,August 2018,,https://pbs.twimg.com/profile_images/2001266107307716608/uR5QrmOd_normal.png,,prediction,1,0.6172048420792229,,1,0.39871767058965935,0.6012823294103407,,0.6012823294103407,0.39871767058965935
abarsaber,saber abar صابر اَبَر,بعد از مرگ وقت كافی برای خواب دارم/فاسبيندر . «مسئول نظر دیگران نیستم »,saber abar saber abar,"After death, I have enough time to sleep/Fassbinder. ""I am not responsible for the opinions of others""",Tehran,,156.0,457.0,False,July 2015,,https://pbs.twimg.com/profile_images/2001266107307716608/uR5QrmOd_normal.png,,prediction,1,0.6210977261145832,,1,0.45123921494714314,0.5487607850528569,,0.5487607850528569,0.45123921494714314
_theleftover,LEFTOVER,بازمانده ۱۴ اکتبر | همه‌کاره/هیچ‌کاره,LEFTOVER,Surviving October 14 | Versatile/non-functional,خارج,462.0,563.0,8309.0,False,June 2018,,https://pbs.twimg.com/profile_images/2001266107307716608/uR5QrmOd_normal.png,,prediction,1,0.6317401879673054,,1,0.46137217848692436,0.5386278215130756,,0.5386278215130756,0.46137217848692436
abbasi_students,اندیشه‌جویان,حساب رسمی . اندیشه جویان استاد حسن عباسی,thinkers,official account The thinkers of Professor Hassan Abbasi,انقلاب اسلامی,5752.0,58.0,3161.0,False,August 2016,,https://pbs.twimg.com/profile_images/2001266107307716608/uR5QrmOd_normal.png,,prediction,1,0.6366020195556393,,0,0.5059765450277819,0.4940234549722181,,0.5059765450277819,0.4940234549722181
alkrdyhsn9718,حسن الكردي,,Hassan Al-Kurdi,,,2.0,41.0,0.0,False,July 2025,,https://pbs.twimg.com/profile_images/2001266107307716608/uR5QrmOd_normal.png,,prediction,1,0.6366020195556393,,1,0.4768799882921373,0.5231200117078627,,0.5231200117078627,0.4768799882921373
2bender,Bender,ما باید در تهران و در اصفهان و در یزد و در مشهد مصروف زدن روافض باشیم. سخت لذتبخش خواهد بود.,Bender,"We should be busy in Tehran, in Isfahan, in Yazd, and in Mashhad. It will be very enjoyable.",,3313.0,667.0,,False,February 2010,,https://pbs.twimg.com/profile_images/2001266107307716608/uR5QrmOd_normal.png,,prediction,1,0.6388570866606998,,1,0.41821830615995426,0.5817816938400457,,0.5817816938400457,0.41821830615995426
ahangevafa,هاتف قاضی‌زاده,(.-: من در کمال صحت عقل وصیت میکنم: بعد مرگم هرچی که میشه از اعضای بدنم رو اهدا کنین، هرچی هم میشه بدین به دانشکده‌های پزشکی :-.),Hatef Ghazizadeh,"(.-: I bequeath in full sanity: after my death, donate whatever parts of my body you can, give whatever you can to medical schools:-.)",,6738.0,396.0,1312.0,False,January 2013,,https://pbs.twimg.com/profile_images/2001266107307716608/uR5QrmOd_normal.png,,prediction,1,0.6392245239453477,,1,0.39918493863169635,0.6008150613683036,,0.6008150613683036,0.39918493863169635
aghamiri_hosein,سیدحسین آقامیری,تو که یک گوشه ی چشمت غم عالم ببرد،                                 حیف باشد که تو باشی و مرا غم ببرد,Seyed Hossein Aghamiri,"If one corner of your eye brings sorrow to the world, it is a pity that it is you who makes me sad",,,161.0,523.0,False,August 2017,,https://pbs.twimg.com/profile_images/2001266107307716608/uR5QrmOd_normal.png,,prediction,1,0.6394897124324521,,1,0.46367225063265016,0.5363277493673498,,0.5363277493673498,0.46367225063265016
ahmedabdal94,Ahmedabdalmohsen,لَنَا حَقٌّ فَإِن أُعْطِينَاهُ وَإِلَّا رَكِبْنَا أَعجَازَ الإِبِلِ وَإِن طَالَ السُّرَى الإمام علي ع,Ahmedabdalmohsen,"We have a right, if we give it to it, otherwise we ride on the backs of camels, even if the journey is long. Imam Ali, peace be upon him",,4.0,276.0,4.0,False,November 2025,,https://pbs.twimg.com/profile_images/2001266107307716608/uR5QrmOd_normal.png,,prediction,1,0.6454941667631935,,1,0.41443649772705804,0.585563502272942,,0.585563502272942,0.41443649772705804
aidanajra,delusional king,تا زمانیکه درآمدهای میلیون دلاری و بدون ریسک ، به بهانه فعالیت سیاسی ، برقرارهست ، کمپانی های سطل عن طلب مانع اتحاد مردم و سرنگونی جمهوری اسلامی خواهندشد,delusional king,"As long as millions of dollars of risk-free income are maintained under the pretext of political activity, Satal-e-Talab companies will prevent the unification of the people and the overthrow of the Islamic Republic.",,276.0,233.0,7154.0,False,March 2024,,https://pbs.twimg.com/profile_images/2001266107307716608/uR5QrmOd_normal.png,,prediction,1,0.6455614037684935,,1,0.4342089199247745,0.5657910800752255,,0.5657910800752255,0.4342089199247745
2ndravanparish,روانپریش دوم درب اول,منو آنفالو نکن عنتر ب.آ بزن / CG Artist & Web Designer,The second psychopath of the first door,"Don't unfollow me, Anter B.A. / CG Artist & Web Designer","Dubai, UAE",,35.0,5587.0,False,December 2018,,https://pbs.twimg.com/profile_images/2001266107307716608/uR5QrmOd_normal.png,,prediction,1,0.6606561263676142,,0,0.5046905680384912,0.49530943196150884,,0.5046905680384912,0.4953094319615088
abbasiniho,Abbasinihoo,زنده باد ایران,Abbasinihoo,Long live Iran,,1654.0,1816.0,7755.0,False,May 2018,,https://pbs.twimg.com/profile_images/2001266107307716608/uR5QrmOd_normal.png,,prediction,1,0.6637515154746176,,1,0.41105370916933837,0.5889462908306616,,0.5889462908306616,0.41105370916933837
ageofpahlavi,M E D U S A 🇮🇱🎗️,@PahlaviReza  ~~ پادشاهی خواه رادیکال ~ باور مند به نظام شاهنشاهی ایران فقط با خاندان ایران ساز پهلوی ~ شاه برای من خط قرمز است ~ آتئیست ~تا ابد #جاویدشاه,M E D U S A 🇮🇱🎗️,@PahlaviReza ~~ a radical monarchist ~ a believer in the imperial system of Iran only with Iransaz Pahlavi family ~ the king is a red line for me ~ an atheist ~ forever #javidshah,"California, USA",2796.0,1148.0,,False,April 2011,,https://pbs.twimg.com/profile_images/2001266107307716608/uR5QrmOd_normal.png,,prediction,1,0.667951333572341,,1,0.41100851781022496,0.588991482189775,,0.588991482189775,0.41100851781022496
adorno_persian,آدورنو,«آزادی، انتخاب بين سفيد و سياه نيست، دقيقا نفی اين انتخاب تحميلی است»,Adorno,"""Freedom is not a choice between black and white, it is precisely the negation of this forced choice""",Negative Utopia,,8.0,1315.0,False,February 2023,,https://pbs.twimg.com/profile_images/2001266107307716608/uR5QrmOd_normal.png,,prediction,1,0.6687284237605057,,1,0.4562824119049973,0.5437175880950027,,0.5437175880950027,0.4562824119049973
ahlebeytmedia,اهل بیت مدیا,کاملترین و به‌روزترین رسانه تخصصی، در حوزه اهل بیت,Ahl al-Bayt Media,The most complete and up-to-date specialized media in the field of Ahl al-Bayt,,,65.0,2096.0,False,July 2020,,https://pbs.twimg.com/profile_images/2001266107307716608/uR5QrmOd_normal.png,,prediction,1,0.6692067387464913,,1,0.3977600662083911,0.6022399337916089,,0.6022399337916089,0.3977600662083911
abtinhoveyda,Abtin Hoveyda,روزی در خفا جامعه را ترمیم خواهم کرد با قلم,Abtin Hoveyda,One day I will repair the society in secret with a pen,Islamic Republic of Iran,4.0,18.0,3.0,False,February 2024,,https://pbs.twimg.com/profile_images/2001266107307716608/uR5QrmOd_normal.png,,prediction,1,0.6702058299839286,,1,0.44677585990438917,0.5532241400956108,,0.5532241400956108,0.44677585990438917
afshinbahrami33,"A , Bahrami",ایران پرست، مدرس حسابداری و حسابرسی شرکتها,"A, Bahrami","Iranparast, accounting and auditing lecturer",Islamic Republic of Iran,10.0,126.0,134.0,False,December 2017,,https://pbs.twimg.com/profile_images/2001266107307716608/uR5QrmOd_normal.png,,prediction,1,0.6749294600128639,,1,0.41105370916933837,0.5889462908306616,,0.5889462908306616,0.41105370916933837
_ipesarekhob,پِسَرِ خوبْ,,good morning,,,899.0,1056.0,3112.0,False,August 2022,,https://pbs.twimg.com/profile_images/2001266107307716608/uR5QrmOd_normal.png,,prediction,1,0.6754321230509824,,1,0.4768799882921373,0.5231200117078627,,0.5231200117078627,0.4768799882921373
_iweni,🌚🤍,بُگذار گُم‌ شَوَم دَر تو ...,🌚🤍,Let me get lost...,,80.0,370.0,96.0,False,May 2022,,https://pbs.twimg.com/profile_images/2001266107307716608/uR5QrmOd_normal.png,,prediction,1,0.6754321230509824,,1,0.43098102112338654,0.5690189788766135,,0.5690189788766135,0.43098102112338654
ahmadnaderi_ir,احمد نادری,● دانشیار دانشگاه تهران● نماینده مردم ایران از حوزه انتخابیه تهران، ری،شمیرانات،اسلامشهر وپردیس در مجالس یازدهم و دوازدهم● عضو هیات رئیسه مجلس,Ahmed Naderi,"● Associate Professor of Tehran University ● Representative of Iranian people from Tehran, Ray, Shamiranat, Islamshahr and Pardis constituencies in the 11th and 12th Parliaments ● Member of the Presidium of the Majlis",,,391.0,2452.0,False,February 2020,,https://pbs.twimg.com/profile_images/2001266107307716608/uR5QrmOd_normal.png,,prediction,1,0.6763100329660077,,1,0.39260748660429745,0.6073925133957025,,0.6073925133957025,0.39260748660429745
_atefehshams_,عاطفه شمس,روزنامه‌نگار,Atefeh Shams,journalist,,4.0,50.0,0.0,False,August 2025,,https://pbs.twimg.com/profile_images/2001266107307716608/uR5QrmOd_normal.png,,prediction,1,0.677628247957873,,1,0.4768799882921373,0.5231200117078627,,0.5231200117078627,0.4768799882921373
abbasmehdavi312,Abbas Ali mehdavi,"IR Student | Islamic Scholar (in training) | Jamia-tul-Kauthar, Islamabad | From Nagar, Gilgit-Baltistan | Voice of Truth, Dignity & Resistance (مقاومت)",Abbas Ali mehdavi,"IR Student | Islamic Scholar (in training) | Jamia-tul-Kauthar, Islamabad | From Nagar, Gilgit-Baltistan | Voice of Truth, Dignity & Resistance (مقاومت)","Islamabad, Pakistan",12.0,122.0,65.0,False,August 2025,,https://pbs.twimg.com/profile_images/2001266107307716608/uR5QrmOd_normal.png,,prediction,1,0.6784230768579617,,0,0.5749808916131014,0.42501910838689866,,0.5749808916131014,0.4250191083868986
a_z_im,Az_im,امنیتی نویس. امیدوار وطنم. ایران.,Az_im,security writer I hope for my homeland. Iran.,,,1213.0,6145.0,False,March 2015,,https://pbs.twimg.com/profile_images/2001266107307716608/uR5QrmOd_normal.png,,prediction,1,0.6790691121153813,,1,0.41105370916933837,0.5889462908306616,,0.5889462908306616,0.41105370916933837
ajan_iran,پاسبان,فر ایران را میستایم  #جاوید_شاه,Constable,I admire Iran's oven #javid_shah,,823.0,963.0,1349.0,False,October 2013,,https://pbs.twimg.com/profile_images/2001266107307716608/uR5QrmOd_normal.png,,prediction,1,0.6790691121153813,,1,0.41105370916933837,0.5889462908306616,,0.5889462908306616,0.41105370916933837
alireza_arg,Alireza Ghaffari,به ذهن بی‌خانمان من خوش آمدید. من، زاده‌ی خائوس، فریادهای این ذهن سرگردان را، در تاریکی دالان‌های پیچ در پیچِ تارتاروس نجوا می‌کنم.,Alireza Ghaffari,"Welcome to my homeless mind. I, born of Chaos, whisper the cries of this wandering mind in the darkness of the winding corridors of Tartarus.",Islamic Republic of Iran,700.0,2287.0,3231.0,False,March 2018,,https://pbs.twimg.com/profile_images/2001266107307716608/uR5QrmOd_normal.png,,prediction,1,0.6810447563909817,,1,0.3594941612161149,0.6405058387838851,,0.6405058387838851,0.3594941612161149
21molana,Amirhossein Molana,آنک بی‌باده کند جان مرا مست کجاست و آنک بیرون کند از جان و دلم دست کجاست  و آنک سوگند خورم جز به سر او نخورم و آنک سوگندِ من و توبه‌ام اشکست کجاست  حضرت مولانا,Amirhossein Molana,"Where is he who makes my soul intoxicated, and where is he who expels him from my soul and heart, and where is he, I swear that I will not eat his head, and he is my oath and my repentance is tears, where is Hazrat Molana",,0.0,1.0,0.0,False,April 2025,,https://pbs.twimg.com/profile_images/2001266107307716608/uR5QrmOd_normal.png,,prediction,1,0.6837268819949968,,1,0.4278846327531963,0.5721153672468037,,0.5721153672468037,0.4278846327531963
ahmadrezagz,احمدرضا گودرزی,دانشجوی اقتصاد | علاقمند به مطالعه و رسانه,Ahmadreza Godarzi,Economics student Interested in reading and media,,,14.0,1322.0,False,September 2020,,https://pbs.twimg.com/profile_images/2001266107307716608/uR5QrmOd_normal.png,,prediction,1,0.6858105538613736,,1,0.41264446505407726,0.5873555349459227,,0.5873555349459227,0.41264446505407726
_mehrabooon,مهربوون,متعهد به عشق جان,Smugglers,Committed to the love of John,آنجا که دل خوش است,2336.0,2501.0,1681.0,False,January 2021,,https://pbs.twimg.com/profile_images/2001266107307716608/uR5QrmOd_normal.png,,prediction,1,0.6883192527085716,,1,0.41264446505407726,0.5873555349459227,,0.5873555349459227,0.41264446505407726
1pezeshk_plus,«یک پزشک» پلاس,اکانت توییتر وابسته به سایت «یک پزشک»، برای بازتاب تازه‌ترین اخبار در زمینه دانش، فرهنگ، پزشکی و ورزش.,"""A doctor"" Plus","A Twitter account affiliated with the site ""Yek Mesikt"", to reflect the latest news in the field of knowledge, culture, medicine and sports.",Islamic Republic of Iran,233.0,740.0,4.0,False,July 2016,,https://pbs.twimg.com/profile_images/2001266107307716608/uR5QrmOd_normal.png,,prediction,1,0.6895254207629384,,1,0.42292034157343994,0.5770796584265601,,0.5770796584265601,0.42292034157343994
3tareee,سه تا رِ,من بد دهن‌تر از چیزی‌ام که از توئیتام به نظر میرسه ولی حالا باز خود دانی!,Three R,"I'm more bad-mouthed than it seems from my tweet, but now you know!",شهری عاری از مونوگامی,1206.0,212.0,,False,May 2016,,https://pbs.twimg.com/profile_images/2001266107307716608/uR5QrmOd_normal.png,,prediction,1,0.6906285679086653,,1,0.43035416993466735,0.5696458300653326,,0.5696458300653326,0.43035416993466735
7khaiiam,خیام,کنده از مرز زمان,Khayyam,Stump from the border of time,52 hertz,341.0,31.0,,False,May 2014,,https://pbs.twimg.com/profile_images/2001266107307716608/uR5QrmOd_normal.png,,prediction,1,0.6920533090368398,,1,0.43611929748228273,0.5638807025177173,,0.5638807025177173,0.43611929748228273
alihars6,سبزی پلو با ماهی,برای آزادی,Vegetable pilaf with fish,for freedom,,155.0,304.0,183.0,False,October 2021,,https://pbs.twimg.com/profile_images/2001266107307716608/uR5QrmOd_normal.png,,prediction,1,0.6932895457239685,,1,0.4805795809288621,0.5194204190711379,,0.5194204190711379,0.4805795809288621
abedimonfared1,"Reza Abedi, Psychology Expert",من یک ایرانی مسلمانم و به ایرانی‌بودن و مسلمان‌بودنم افتخار می‌کنم فالو = فالو بک در اسرع وقت,"Reza Abedi, Psychology Expert",I am an Iranian Muslim and I am proud to be Iranian and Muslim. Follow = Follow back as soon as possible.,,1598.0,1688.0,2095.0,False,October 2021,,https://pbs.twimg.com/profile_images/2001266107307716608/uR5QrmOd_normal.png,,prediction,1,0.7005528607242012,,1,0.45337660252397094,0.5466233974760291,,0.5466233974760291,0.45337660252397094
_mohammad_1987_,Mohammad Mohammadi,جاوید ایران زمین ؛ زنده باد آزادی,Mohammad Mohammadi,Javed Iran Zameen; long live freedom,"Tehran, iran",0.0,5.0,1.0,False,March 2024,,https://pbs.twimg.com/profile_images/2001266107307716608/uR5QrmOd_normal.png,,prediction,1,0.7030589180803233,,1,0.39412642290494126,0.6058735770950587,,0.6058735770950587,0.39412642290494126
alirezaabasi_ir,علیرضا عباسی,▪︎نماینده مردم شریف کرج، فردیس و اشتهارد در مجلس شورای اسلامی ▪︎نائب‌رئیس کمیسیون کشاورزی مجلس ▪︎ استاد تمام دانشگاه تهران و عضو هیئت علمی دانشگاه تهران,Alireza Abbasi,"▪︎ Representative of the people of Sharif Karaj, Fardis and Eshthard in the Islamic Council ▪︎ Vice Chairman of the Agriculture Commission of the Parliament ▪︎ Full professor of Tehran University and member of the faculty of Tehran University",جمهوری اسلامی ایران,2505.0,61.0,806.0,False,March 2020,,https://pbs.twimg.com/profile_images/2001266107307716608/uR5QrmOd_normal.png,,prediction,1,0.706828567293394,,1,0.4530789598468916,0.5469210401531084,,0.5469210401531084,0.4530789598468916
alihgh1393,"Z,Z,A,R_H,C,H,",رهرو استاد ارژنگ داوودی،مردی که مقابل آزادی ایران و ایرانی ایستادگی کرد و سر خم نکرد.امید است با زحماتی که کشید تلاش کنیم هر ایرانی وطن پرست یک ارژنگ باشد.,"Z,Z,A,R_H,C,H,","The memory of Master Arjang Davoudi, a man who stood up to the freedom of Iran and Iranians and did not bow down. We hope that with the efforts he made, we will try to make every patriotic Iranian an Arjang.",,74.0,153.0,226.0,False,June 2023,,https://pbs.twimg.com/profile_images/2001266107307716608/uR5QrmOd_normal.png,,prediction,1,0.7072346107610871,,1,0.449710249423356,0.550289750576644,,0.550289750576644,0.449710249423356
alijoonz121,مرغ انجيرخوار,سقلات / علینص در سرزمین غرایب,fig-eating chicken,Saqlat / Alins in the strange land,Tehran,,1658.0,1370.0,False,July 2018,,https://pbs.twimg.com/profile_images/2001266107307716608/uR5QrmOd_normal.png,,prediction,1,0.7077667217336744,,1,0.43098102112338654,0.5690189788766135,,0.5690189788766135,0.43098102112338654
_thejimbo_,Jimbo! 🌈🕕🌞,«ستادِ کیوت‌سازیِ توئیتر»      ممکنه دیر جواب بدم، معذرت می‌خوام ⁦,Jimbo! 🌈🕕🌞,"""Twitter Kiotization Staff"" I may reply late, I'm sorry",سرزمین غیرمادری,757.0,237.0,,False,October 2012,,https://pbs.twimg.com/profile_images/2001266107307716608/uR5QrmOd_normal.png,,prediction,1,0.7092024941767205,,0,0.5300663580427196,0.46993364195728043,,0.5300663580427196,0.4699336419572804
afshinagin62,Afshin Agin,افشین آگین | دانش‌آموخته مهندسی برق کنترل | معمار، متخصص و مدیر سابق پروژه های اقتصاد مقاومتی در سطح ملی تا آخرین نفس مدافع انقلاب و حقوق ملت ایران,Afshin Agin,"Afshin Agin Graduated in Electrical Control Engineering Architect, specialist and former manager of resistance economy projects at the national level until his last breath, defender of the revolution and the rights of the Iranian nation",جمهوری اسلامی ایران,2330.0,7152.0,5197.0,False,February 2017,,https://pbs.twimg.com/profile_images/2001266107307716608/uR5QrmOd_normal.png,,prediction,1,0.7094487453349209,,1,0.39483971660956174,0.6051602833904383,,0.6051602833904383,0.39483971660956174
abasiabbassi,Shahram Abbassi,استاد سابق دانشگاه فردوسی# استاد مدعو در دانشگاه وسترن کانادا,Shahram Abbassi,Former professor of Ferdowsi University# Visiting professor at Western University of Canada,,516.0,369.0,241.0,False,April 2015,,https://pbs.twimg.com/profile_images/2001266107307716608/uR5QrmOd_normal.png,,prediction,1,0.716965581317982,,1,0.4899596602405878,0.5100403397594122,,0.5100403397594122,0.4899596602405878
abdollahram,Abdollah Ramezanzadeh,استادیار بازنشسته دانشکده حقوق و علوم سیاسی دانشگاه تهران.  مسئولیتی در قبال نظراتی که کاربران زیر توییت‌هایم می‌نویسند ندارم. Retweet is not endorsement,Abdollah Ramezanzadeh,"Retired Assistant Professor, Faculty of Law and Political Sciences, University of Tehran.  I am not responsible for the comments that users write under my tweets. Retweet is not endorsement",,,1102.0,3497.0,False,April 2015,,https://pbs.twimg.com/profile_images/2001266107307716608/uR5QrmOd_normal.png,,prediction,1,0.7173738673172139,,0,0.528477769257085,0.47152223074291505,,0.528477769257085,0.471522230742915
alikarimdoost91,علی کریمدوست پهمدانی,پیج اصلی علی کریمدوست پهمدانی,Ali Karimdoost Pahmdani,Main page of Ali Karimdoost Pahmdani,"Irani, Brasil",554.0,7490.0,4649.0,False,September 2025,,https://pbs.twimg.com/profile_images/2001266107307716608/uR5QrmOd_normal.png,,prediction,1,0.7205492228920415,,1,0.37849290416538384,0.6215070958346162,,0.6215070958346162,0.37849290416538384
alirezanader,Alireza Nader علیرضا نادر,"Former researcher at RAND, FDD, CNA, US Treasury",Alireza Nader Alireza Nader,"Former researcher at RAND, FDD, CNA, US Treasury","Washington, DC",,5090.0,1154.0,False,February 2012,,https://pbs.twimg.com/profile_images/2001266107307716608/uR5QrmOd_normal.png,,prediction,1,0.7211068975824273,,1,0.42842478389383043,0.5715752161061696,,0.5715752161061696,0.42842478389383043
105_sakariyou,Sakariyou_105,باغیرتان ایران همراه با قیام‌سپید ب رهبری دکترسایان برای پایان دادن به حکومت خامنه‌ای نامرد   پیام دهید به,Sakariyou_105,"Together with the White Uprising led by Dr. Sayan, send a message to",,100.0,428.0,271.0,False,October 2021,,https://pbs.twimg.com/profile_images/2001266107307716608/uR5QrmOd_normal.png,,prediction,1,0.7215974449217609,,1,0.39484084914661854,0.6051591508533815,,0.6051591508533815,0.39484084914661854
35anj,نشريه سه‌پنج,از روی نعش جمهوری اسلامی رد می‌شویم #همکاری_ملی,Sehpanj magazine,We pass over the coffin of the Islamic Republic of #National_Cooperation,35anj,,0.0,2021.0,False,February 2013,,https://pbs.twimg.com/profile_images/2001266107307716608/uR5QrmOd_normal.png,,prediction,1,0.7263790041540219,,1,0.47739750217322763,0.5226024978267724,,0.5226024978267724,0.47739750217322763
ali_rezaei_sh,علی رضایی,یک خبرنگار عاشق فوتبال,Ali Rezaei,A journalist who loves football,Tehran,2092.0,281.0,1332.0,False,December 2017,,https://pbs.twimg.com/profile_images/2001266107307716608/uR5QrmOd_normal.png,,prediction,1,0.7271231481957833,,1,0.3566976291787609,0.6433023708212391,,0.6433023708212391,0.3566976291787609
aj_torgheh,Amin Jamshidi,بچه که بودم دوست داشتم فضانورد بشم... بیشترعکاس آسمان شب‌ام. ولی قبل از اینکه از زیبایی‌های آسمون لذت ببریم، یه زمین برای زیستن و یه وطن برای زندگی لازم داریم,Amin Jamshidi,"When I was a child, I wanted to be an astronaut... I am mostly a photographer of the night sky. But before we can enjoy the beauty of the sky, we need a land to live and a homeland to live",,503.0,410.0,1290.0,False,March 2021,,https://pbs.twimg.com/profile_images/2001266107307716608/uR5QrmOd_normal.png,,prediction,1,0.7296662744993303,,1,0.46964310934736786,0.5303568906526321,,0.5303568906526321,0.46964310934736786
agha_xavier2,خاویر پرز دکوئیار R.I.P,همواره مشروطه‌خواه. وفادار به: شاه، میهن، آزادی,Javier Perez Decoyar R.I.P,"Always constitutionalist. Loyal to: king, country, freedom",روی در دیوار هجران,5940.0,665.0,1303.0,False,June 2018,,https://pbs.twimg.com/profile_images/2001266107307716608/uR5QrmOd_normal.png,,prediction,1,0.730856369303782,,1,0.4403602328851163,0.5596397671148837,,0.5596397671148837,0.4403602328851163
al3_hacker,AL3,Iranian Anonymous  #OpIran  We do not need donation اگر اکانتی مورد تایید باشد یا همکار باشیم ، فالو میشود,AL3,"Iranian Anonymous #OpIran We do not need donation, if the account is approved or if we are colleagues, it will be followed",,,25.0,247.0,False,June 2013,,https://pbs.twimg.com/profile_images/2001266107307716608/uR5QrmOd_normal.png,,prediction,1,0.7319510405778146,,1,0.4945267085261026,0.5054732914738974,,0.5054732914738974,0.4945267085261026
aaalirz,AliR Electrical engineering 💚🤍❤️,#FreeIran2024  #no2appeasement  #No2ShahNo2Mullahs  #FreeIran10PointPlan #اری_به_جمهوری_دمکراتیک #نه_به_مماشات #نه_شاه_نه_شیخ  #زن_مقاومت_آزادی,AliR Electrical engineering 💚🤍❤️,#FreeIran2024 #no2appeasement #No2ShahNo2Mullahs #FreeIran10PointPlan,iran,694.0,3790.0,,False,September 2017,,https://pbs.twimg.com/profile_images/2001266107307716608/uR5QrmOd_normal.png,,prediction,1,0.7343602167728411,,1,0.4768799882921373,0.5231200117078627,,0.5231200117078627,0.4768799882921373
_ali_najjar_,علی نجار,او از پیروان م ح م د بن حسن بود,Ali Najjar,He was one of the followers of Muhammad bin Hassan,کهکشان راه شیری ، دست چپ,770.0,890.0,4161.0,False,December 2018,,https://pbs.twimg.com/profile_images/2001266107307716608/uR5QrmOd_normal.png,,prediction,1,0.734597048104951,,1,0.34456406962672936,0.6554359303732706,,0.6554359303732706,0.34456406962672936
ajibzade,عجیب زاده,از خودم که می گذشتم بالغ بودم. از آن پس را به خاطر ندارم,odd born,I was an adult when I passed. I don't remember after that,دار العجائب,,575.0,1356.0,False,April 2016,,https://pbs.twimg.com/profile_images/2001266107307716608/uR5QrmOd_normal.png,,prediction,1,0.737977294882761,,1,0.4499479798685597,0.5500520201314403,,0.5500520201314403,0.4499479798685597
alishakourirad,علی‌شکوری‌راد,‌ عضو‌شورای‌مرکزی‌حزب‌اتحاد‌ ملت‌ایران‌اسلامی‌/رادیولوژیست/دانشیار‌دانشگاه‌علوم‌پزشکی‌تهران,Ali Shakurirad,Member of the Central Council of the Islamic Nation of Iran Unity Party/radiologist/professor of Tehran University of Medical Sciences,Islamic Republic of Iran,,129.0,862.0,False,December 2016,,https://pbs.twimg.com/profile_images/2001266107307716608/uR5QrmOd_normal.png,,prediction,1,0.7383214850090868,,1,0.333896296383569,0.666103703616431,,0.666103703616431,0.333896296383569
agha_mohamad1_,آقــا مــحــمـــد ☕,ورود همه آزاد جز بی ادب ها | اللهم عجل لولیک الفرج... آواتار تزئینی است و این صفحه ارتباطی به آقای وحید رهبانی بازیگر گاندو ندارد!,Mr. Mohammad ☕,"Everyone is free to enter except the rude ones Oh God, hurry up, Lulik al-Fraj... the avatar is decorative and this page has nothing to do with Mr. Vahid Rahbani, the actor of Gando!",جمهوری اسلامی ایران حرم است,,4645.0,1303.0,False,January 2018,,https://pbs.twimg.com/profile_images/2001266107307716608/uR5QrmOd_normal.png,,prediction,1,0.7464721845898954,,1,0.4266437146339872,0.5733562853660128,,0.5733562853660128,0.4266437146339872
alarabiya_fa,العربیه فارسی,العربيه فارسى به عنوان بخشی از شبكه العربيه در سال 2008 راه‌اندازی شد.,Persian Arabic,Al Arabiya Farsi was launched as a part of Al Arabiya network in 2008.,Riyadh,,45.0,1356.0,False,March 2009,,https://pbs.twimg.com/profile_images/2001266107307716608/uR5QrmOd_normal.png,,prediction,1,0.7487508966810595,,1,0.3927947643748494,0.6072052356251506,,0.6072052356251506,0.3927947643748494
ali_hedielou,علی هدیه لو,دکوراتور، نجار، شاعر، طنزنویس، شیفته موسیقی و شعر، طراحی‌صنعتی خونده در دانشگاه تهران، کمی بی‌ادب، گرگ‌دهن‌آلوده‌ی یوسف‌ندریده instagram.com/hedielou,Ali Hadhi Lo,"Decorator, carpenter, poet, satirist, fond of music and poetry, studied industrial design at University of Tehran, a little rude, wolf-mouthed Yusuf Nadiredeh instagram.com/hedielou",ناف تهرون، دوسانت به چپ,,2978.0,1332.0,False,April 2014,,https://pbs.twimg.com/profile_images/2001266107307716608/uR5QrmOd_normal.png,,prediction,1,0.7505829760893931,,1,0.35719777737629543,0.6428022226237046,,0.6428022226237046,0.35719777737629543
ali_damghani_84,Alireza Damghani,دانشجوی علوم سیاسی دانشگاه تهران| Student of political science in UT| عضوی از خانواده حزب‌الله؛ یه جادی... از دیار امام رئوف(ع),Alireza Damghani,Political science student of Tehran University Student of political science in UT A member of the Hezbollah family; Ye Jadi... from the land of Imam Rauf (a.s.),,14.0,313.0,7.0,False,November 2024,,https://pbs.twimg.com/profile_images/2001266107307716608/uR5QrmOd_normal.png,,prediction,1,0.7522827904332242,,1,0.388162684884351,0.611837315115649,,0.611837315115649,0.388162684884351
aghmamrez,آق‌ممرض,در آغوش کسشر برای دست‌به‌سرکردن اندوه,A pathogen,In the arms of Kesher to overcome the sadness,,3095.0,335.0,1307.0,False,October 2013,,https://pbs.twimg.com/profile_images/2001266107307716608/uR5QrmOd_normal.png,,prediction,1,0.7529626255694276,,1,0.4194857151429282,0.5805142848570718,,0.5805142848570718,0.4194857151429282
3eyedamir,SeyedAmir Sayyah,دغدغه محیط‌کسب‌وکار، کارآفرینی، شفافیت، عدالت رقابت، حقوق‌مالکیت، حاکمیت‌قانون و تنظیمگری فجازی در ایران. توئیتهام به هیچ شورا و مرکزی ربطی نَ  دا  رَد,Seyed Amir Sayyah,"Business environment concerns, entrepreneurship, transparency, competition justice, property rights, rule of law and spatial regulation in Iran. Tweetham has nothing to do with any council or center",,,438.0,5587.0,False,January 2020,,https://pbs.twimg.com/profile_images/2001266107307716608/uR5QrmOd_normal.png,,prediction,1,0.7569709743182494,,1,0.4060336820147843,0.5939663179852157,,0.5939663179852157,0.4060336820147843
alibazdarian,Alibazdarian65,علی بازداریان  خیلی بی ریا و ساده,Alibazdarian65,Ali Bazardarian is very naive and simple,,168.0,1256.0,19.0,False,June 2022,,https://pbs.twimg.com/profile_images/2001266107307716608/uR5QrmOd_normal.png,,prediction,1,0.7625178972512241,,1,0.4725634918003476,0.5274365081996524,,0.5274365081996524,0.4725634918003476
alavi2183,علی علوی,اگر اراده ای نباشد عشقی در کار نیست:  انتخاب ایستادگی در مقابل ظلم وبیداد حقی است که هیچ کس نمی تواند از کسی بگیرد.هوادار مجاهدین خلق ایران,Ali Alavi,"If there is no will, there is no love: choosing to stand against oppression and violence is a right that no one can take from anyone. Supporter of the People's Mujahideen of Iran",زیر گنبد کبود,5910.0,3195.0,1356.0,False,April 2017,,https://pbs.twimg.com/profile_images/2001266107307716608/uR5QrmOd_normal.png,,prediction,1,0.7738312980461098,,1,0.3049360856778358,0.6950639143221642,,0.6950639143221642,0.3049360856778358
ali_bitarafan5,علی بیطرفان,بابا زشته آقای اصغر، منو می‌ترسونی از دوتا گلوله؟!,Ali Bitarfan,"Ugly father, Mr. Asghar, are you scaring me with two bullets?!",جمهوری اسلامی ایران,,3941.0,1332.0,False,June 2017,,https://pbs.twimg.com/profile_images/2001266107307716608/uR5QrmOd_normal.png,,prediction,1,0.7740939207729979,,1,0.39532316162242664,0.6046768383775734,,0.6046768383775734,0.39532316162242664
abehtarin,سیروس,هیچ صیادی از جویی حقیر که به گودالی می ریزد مرواریدی صید نخواهد کرد,Cirrus,No fisherman will catch a pearl from a lowly hunter who falls into a pit,,6.0,93.0,513.0,False,June 2013,,https://pbs.twimg.com/profile_images/2001266107307716608/uR5QrmOd_normal.png,,prediction,1,0.7749592869574613,,1,0.463603696014121,0.536396303985879,,0.536396303985879,0.463603696014121
alirezasayeh,علیرضا سایه,ادیتور دیوانهعضو مجمع حقیقتیابی‌ توییتر ‍                              ازمنشنم ناراحت شدی بگوپاک کنم                           اگه‌بک‌ندادم۹۹٪‌هنوز ندیدم,Alireza Sayeh,"Crazy editor, a member of the truth-finding forum of Twitter, you are upset with my mention, tell me to delete it, if I don't back it, 99% I haven't seen it yet.","İzmir, Türkiye",,21.0,1155.0,False,February 2019,,https://pbs.twimg.com/profile_images/2001266107307716608/uR5QrmOd_normal.png,,prediction,1,0.7801678612402035,,1,0.4875139230489747,0.5124860769510253,,0.5124860769510253,0.4875139230489747
alisoleymaiii,مبارز صلح,,Peace fighter,,,13.0,244.0,57.0,False,February 2024,,https://pbs.twimg.com/profile_images/2001266107307716608/uR5QrmOd_normal.png,,prediction,1,0.7801678612402035,,1,0.4768799882921373,0.5231200117078627,,0.5231200117078627,0.4768799882921373
alisakhravi80,Alisakhravi,لغتي هويتي الاحواز,Alisakhravi,An identity word of Ahvaz,Spain,18.0,333.0,4.0,False,May 2024,,https://pbs.twimg.com/profile_images/2001266107307716608/uR5QrmOd_normal.png,,prediction,1,0.7801678612402035,,1,0.4768799882921373,0.5231200117078627,,0.5231200117078627,0.4768799882921373
almlkzhyr76434,زهير الملك,,Zuhair Al-Malik,,,8.0,116.0,0.0,False,December 2025,,https://pbs.twimg.com/profile_images/2001266107307716608/uR5QrmOd_normal.png,,prediction,1,0.7801678612402035,,1,0.4768799882921373,0.5231200117078627,,0.5231200117078627,0.4768799882921373
_aespect,ٍ,THIS IS FOR SEEING TWICE FEB. 18 2026  backup:  @__aespect 19 || MLM || he/him ||  Follow to become an aengel,ٍ,THIS IS FOR SEEING TWICE FEB. 18 2026  backup:  @__aespect 19 || MLM || he/him ||  Follow to become an aengel,aespect city,430.0,1802.0,5989.0,False,December 2024,,https://pbs.twimg.com/profile_images/2001266107307716608/uR5QrmOd_normal.png,,prediction,1,0.7801678612402035,,1,0.4768799882921373,0.5231200117078627,,0.5231200117078627,0.4768799882921373
_mriyim_,مریمم🦋,:)))),Maryam 🦋,:)))),,131.0,114.0,1.0,False,April 2023,,https://pbs.twimg.com/profile_images/2001266107307716608/uR5QrmOd_normal.png,,prediction,1,0.7801678612402035,,1,0.4768799882921373,0.5231200117078627,,0.5231200117078627,0.4768799882921373
alrthaan21,فيصل الرثعآن,,Faisal Al-Ratha'an,,,382.0,842.0,1057.0,False,July 2016,,https://pbs.twimg.com/profile_images/2001266107307716608/uR5QrmOd_normal.png,,prediction,1,0.7801678612402035,,1,0.4768799882921373,0.5231200117078627,,0.5231200117078627,0.4768799882921373
alsynya1,أرض النفاق,,Land of hypocrisy,,,220.0,1932.0,580.0,False,December 2021,,https://pbs.twimg.com/profile_images/2001266107307716608/uR5QrmOd_normal.png,,prediction,1,0.7801678612402035,,1,0.4768799882921373,0.5231200117078627,,0.5231200117078627,0.4768799882921373
alyamaniyeen,313اليماني515,,313 Al-Yamani 515,,"Georgia, USA",77.0,989.0,1686.0,False,February 2024,,https://pbs.twimg.com/profile_images/2001266107307716608/uR5QrmOd_normal.png,,prediction,1,0.7801678612402035,,1,0.4768799882921373,0.5231200117078627,,0.5231200117078627,0.4768799882921373
1wqrz,snopy .,الحمدلله ..,snoopy,Thank God ..,,60.0,132.0,1123.0,False,July 2013,,https://pbs.twimg.com/profile_images/2001266107307716608/uR5QrmOd_normal.png,,prediction,1,0.7801678612402035,,1,0.4768799882921373,0.5231200117078627,,0.5231200117078627,0.4768799882921373
alarabiya_brk,العربية عاجل,خدمة #العربية للأخبار العاجلة,Arabic Urgent,#Al Arabiya breaking news service,Riyadh,,49.0,1356.0,False,March 2009,,https://pbs.twimg.com/profile_images/2001266107307716608/uR5QrmOd_normal.png,,prediction,1,0.7801678612402035,,1,0.4768799882921373,0.5231200117078627,,0.5231200117078627,0.4768799882921373
al_bayynat2,شبكة البينات الثقافية (احتياطي),حساب احتياطي : #مقتطفات_خطابات_محاضرات_حوارات,Cultural Data Network (Reserve),Reserve account: #excerpts_speech_lectures_dialogues,Yemen,,1.0,3055.0,False,June 2020,,https://pbs.twimg.com/profile_images/2001266107307716608/uR5QrmOd_normal.png,,prediction,1,0.7801678612402035,,1,0.4768799882921373,0.5231200117078627,,0.5231200117078627,0.4768799882921373
al_hydr16787,حيدر العوادي,,Haider Al-Awadi,,,0.0,14.0,0.0,False,December 2025,,https://pbs.twimg.com/profile_images/2001266107307716608/uR5QrmOd_normal.png,,prediction,1,0.7801678612402035,,1,0.4768799882921373,0.5231200117078627,,0.5231200117078627,0.4768799882921373
alaaalwaly1,@alaaalwaly1,نعمتان مجهولتان الصحة والامان,@alaaalwaly1,Two unknown blessings: health and safety,العراق,31.0,558.0,4.0,False,January 2017,,https://pbs.twimg.com/profile_images/2001266107307716608/uR5QrmOd_normal.png,,prediction,1,0.7801678612402035,,1,0.4768799882921373,0.5231200117078627,,0.5231200117078627,0.4768799882921373
alan1234454,ئالان,,Alan,,,42.0,184.0,435.0,False,April 2024,,https://pbs.twimg.com/profile_images/2001266107307716608/uR5QrmOd_normal.png,,prediction,1,0.7801678612402035,,1,0.4768799882921373,0.5231200117078627,,0.5231200117078627,0.4768799882921373
ahmadrezakzmi,احمدرضا کاظمی,نویسنده، کمدین و طنزنویس سابق مطبوعات,Ahmadreza Kazemi,"Writer, comedian and former press satirist",,,278.0,2805.0,False,November 2014,,https://pbs.twimg.com/profile_images/2001266107307716608/uR5QrmOd_normal.png,,prediction,1,0.7801678612402035,,1,0.4768799882921373,0.5231200117078627,,0.5231200117078627,0.4768799882921373
ak_rogue_,𓆩AkrΩguE𓆪,/هی میبرم هی میدوزم/موسیقی/بازی/فیلم/,𓆩AkrΩguE𓆪,"/Hey, I take, hey, I run/music/game/movie/",NeverLand,9.0,51.0,132.0,False,May 2020,,https://pbs.twimg.com/profile_images/2001266107307716608/uR5QrmOd_normal.png,,prediction,1,0.7801678612402035,,1,0.4768799882921373,0.5231200117078627,,0.5231200117078627,0.4768799882921373
0qcgdh3bdamfozf,هيثم عبده نعمان الحجري,,Haitham Abdo Noman Al-Hajri,,,80.0,218.0,3761.0,False,September 2021,,https://pbs.twimg.com/profile_images/2001266107307716608/uR5QrmOd_normal.png,,prediction,1,0.7801678612402035,,1,0.4768799882921373,0.5231200117078627,,0.5231200117078627,0.4768799882921373
ahangparvaz_co,آژانس هواپیمایی آهنگ پرواز,| کارگزار و مجری مستقیم تورهای اروپایی، آسیایی و داخلی، متخصص اخذ ویزا شنگن اروپا، رزرو هتل و بلیط های داخلی و خارجی,Song Flight Airline Agency,"| Broker and direct operator of European, Asian and domestic tours, specialist in obtaining European Schengen visas, hotel reservations and domestic and foreign tickets.",Islamic Republic of Iran,890.0,5415.0,69.0,False,October 2018,,https://pbs.twimg.com/profile_images/2001266107307716608/uR5QrmOd_normal.png,,prediction,1,0.7801678612402035,,1,0.44332820208395163,0.5566717979160484,,0.5566717979160484,0.44332820208395163
aghdadaash,آق داداش,,Ah bro,,,1.0,161.0,29.0,False,April 2022,,https://pbs.twimg.com/profile_images/2001266107307716608/uR5QrmOd_normal.png,,prediction,1,0.7801678612402035,,1,0.4768799882921373,0.5231200117078627,,0.5231200117078627,0.4768799882921373
ahdeaghiq,عهد عقیق,,Ahed Aqiq,,,81.0,191.0,25.0,False,October 2012,,https://pbs.twimg.com/profile_images/2001266107307716608/uR5QrmOd_normal.png,,prediction,1,0.7801678612402035,,1,0.4768799882921373,0.5231200117078627,,0.5231200117078627,0.4768799882921373
alirezaami58678,علیرضاامیری☫,متحیرم‌چه‌نامم شَه‌مُلک‌لافتی‌را,علیرضاامیری☫,I wonder what my name is Shemulak Lafti,Nakoja Abad,1236.0,1994.0,1569.0,False,August 2024,,https://pbs.twimg.com/profile_images/2001266107307716608/uR5QrmOd_normal.png,,prediction,1,0.7801678612402035,,1,0.4768799882921373,0.5231200117078627,,0.5231200117078627,0.4768799882921373
alireza84808379,دموکراسی برابری انقلاب قانون,انقلاب قانون,Democracy Equality Revolution Law,Law revolution,ایران,149.0,351.0,8996.0,False,November 2022,,https://pbs.twimg.com/profile_images/2001266107307716608/uR5QrmOd_normal.png,,prediction,1,0.7801678612402035,,1,0.4768799882921373,0.5231200117078627,,0.5231200117078627,0.4768799882921373
alireza4759,رضا,تکنیسین الکترونیک.فروش ونصب دوربینهای مداربسته و دزدگیر اماکن و سانترال تلفن.,Reza,Electronics technician. Sale and installation of CCTV cameras and burglar alarms in places and telephone exchanges.,,5.0,99.0,1732.0,False,February 2016,,https://pbs.twimg.com/profile_images/2001266107307716608/uR5QrmOd_normal.png,,prediction,1,0.7801678612402035,,1,0.4768799882921373,0.5231200117078627,,0.5231200117078627,0.4768799882921373
ahmdzybdal56318,عبدالخالق احمدزی,,Abdul Khaliq Ahmadzai,,,0.0,5.0,0.0,False,December 2025,,https://pbs.twimg.com/profile_images/2001266107307716608/uR5QrmOd_normal.png,,prediction,1,0.7801678612402035,,1,0.4768799882921373,0.5231200117078627,,0.5231200117078627,0.4768799882921373
aesmailnazhad,agiri esmailnazhad,"ڕۆژنامەنووس و چالاکی سیاسی"" پرۆسەی دەوڵەتی کوردی بریار نییە، بەڵکوو فراژۆبوونه! ژن،ژیان،ئازادی",agiri esmailnazhad,"Journalist and political activist ""the process of the Kurdish state is not a decision, but the expansion!",,9213.0,1609.0,6939.0,False,February 2017,,https://pbs.twimg.com/profile_images/2001266107307716608/uR5QrmOd_normal.png,,prediction,1,0.7801678612402035,,1,0.48545611388948584,0.5145438861105142,,0.5145438861105142,0.48545611388948584
adarehgharibi,Amirhosein Zandi darehgharibi,دکترای جامعه شناسی,Amirhosein Zandi darehgharibi,PhD in Sociology,,5.0,217.0,39.0,False,August 2025,,https://pbs.twimg.com/profile_images/2001266107307716608/uR5QrmOd_normal.png,,prediction,1,0.7801678612402035,,1,0.4768799882921373,0.5231200117078627,,0.5231200117078627,0.4768799882921373
afintlarabic,أفغانستان إنترناشيونال - عربي,لمتابعة آخر الأخبار والتحليلات السياسية حول أفغانستان لحظة بلحظة,Afghanistan International - Arabic,"To follow the latest news and political analysis about Afghanistan, moment by moment","London, UK",3268.0,8.0,2083.0,False,June 2021,,https://pbs.twimg.com/profile_images/2001266107307716608/uR5QrmOd_normal.png,,prediction,1,0.7801678612402035,,1,0.4768799882921373,0.5231200117078627,,0.5231200117078627,0.4768799882921373
afcasiancup_ar,كأس آسيا,الصفحة الرسمية لكأس آسيا باللغة العربية,Asia Cup,The official page of the Asian Cup in Arabic,,,33.0,1315.0,False,April 2014,,https://pbs.twimg.com/profile_images/2001266107307716608/uR5QrmOd_normal.png,,prediction,1,0.7801678612402035,,1,0.4768799882921373,0.5231200117078627,,0.5231200117078627,0.4768799882921373
ahmadalirezaei,#احمدعلی رضایی اسدآبادی,#فدایی_امام_خامنه_ای_مدظله_العالی  #طلبه_سطح_چهار_حوزه_علمیه  #دکترای_کلام_اسلامی_با_گرایش_نقد_وهابیت,# Ahmad Ali Rezaei Asadabadi,#Fadaei_Imam_Khamene_A_Madazlah_Al-Ali #student_level_of_the_university_of_the_universe #Doctor_of_Islamic_theology_with_a_criticism_of_Wahhabism,قم,1270.0,2326.0,1792.0,False,December 2018,,https://pbs.twimg.com/profile_images/2001266107307716608/uR5QrmOd_normal.png,,prediction,1,0.7801678612402035,,1,0.4768799882921373,0.5231200117078627,,0.5231200117078627,0.4768799882921373
ahmadi_fae83290,فائزه🎀,متفاوت باش..! مثلا بشین رو تلویزیون ، مبل ببین!,Fazeh,"Be different..! For example, sit on the TV and watch the sofa!",جمهوری اسلامی ایران,26.0,63.0,520.0,False,March 2024,,https://pbs.twimg.com/profile_images/2001266107307716608/uR5QrmOd_normal.png,,prediction,1,0.7801678612402035,,1,0.4768799882921373,0.5231200117078627,,0.5231200117078627,0.4768799882921373
ahimsaaaa,Ahimsa آهیمسا,,Ahimsa Ahimsa,,,12.0,61.0,128.0,False,September 2022,,https://pbs.twimg.com/profile_images/2001266107307716608/uR5QrmOd_normal.png,,prediction,1,0.7801678612402035,,1,0.4768799882921373,0.5231200117078627,,0.5231200117078627,0.4768799882921373
alavibehrang,Behrang Alavi,استایلم شوخه ، نگرشم جدی,Behrang Alavi,"My style is funny, my attitude is serious",tehran,,101.0,1740.0,False,February 2016,,https://pbs.twimg.com/profile_images/2001266107307716608/uR5QrmOd_normal.png,,prediction,1,0.7801678612402035,,1,0.4768799882921373,0.5231200117078627,,0.5231200117078627,0.4768799882921373
aa1915898,احمدعلام صيادالبحار,فنان,"Ahmed Allam, the sea fisherman",artist,مصر,9.0,312.0,4.0,False,December 2024,,https://pbs.twimg.com/profile_images/2001266107307716608/uR5QrmOd_normal.png,,prediction,1,0.7801678612402035,,1,0.4768799882921373,0.5231200117078627,,0.5231200117078627,0.4768799882921373
7_ndala,معتز بالله الجنوبي,,Moataz Billah Al-Janoubi,,,15.0,92.0,17.0,False,November 2025,,https://pbs.twimg.com/profile_images/2001266107307716608/uR5QrmOd_normal.png,,prediction,1,0.7801678612402035,,1,0.4768799882921373,0.5231200117078627,,0.5231200117078627,0.4768799882921373
aami_r1385,۵ مارس ۲۰۰۷,,"March 5, 2007",,,0.0,8.0,2.0,False,September 2022,,https://pbs.twimg.com/profile_images/2001266107307716608/uR5QrmOd_normal.png,,prediction,1,0.7801678612402035,,1,0.4768799882921373,0.5231200117078627,,0.5231200117078627,0.4768799882921373
aban_paris,paris.aban,چيزى براى گفتن ندارم، ميخوام بشنوم,paris.aban,"I have nothing to say, I want to hear",,138.0,264.0,,False,November 2019,,https://pbs.twimg.com/profile_images/2001266107307716608/uR5QrmOd_normal.png,,prediction,1,0.7801678612402035,,1,0.4768799882921373,0.5231200117078627,,0.5231200117078627,0.4768799882921373
abasabolfathi43,متفورمین,هدیه خدایان!,metformin,God's gift!,شیراز,167.0,920.0,,False,May 2024,,https://pbs.twimg.com/profile_images/2001266107307716608/uR5QrmOd_normal.png,,prediction,1,0.7801678612402035,,1,0.4768799882921373,0.5231200117078627,,0.5231200117078627,0.4768799882921373
alraqy51744,ابو نور العراقي,,Abu Nour Al-Iraqi,,,0.0,11.0,0.0,False,December 2025,,https://pbs.twimg.com/profile_images/2001266107307716608/uR5QrmOd_normal.png,,prediction,1,0.7801678612402035,,1,0.4768799882921373,0.5231200117078627,,0.5231200117078627,0.4768799882921373
77abolfazlhz,Abolfazl_,آخرش قشنگه..!  telegram.me/BiChatBot?star …,Abolfazl_,The end is beautiful..!  telegram.me/BiChatBot?star...,طهران,486.0,958.0,1114.0,False,August 2021,,https://pbs.twimg.com/profile_images/2001266107307716608/uR5QrmOd_normal.png,,prediction,1,0.7801678612402035,,1,0.4768799882921373,0.5231200117078627,,0.5231200117078627,0.4768799882921373
abdul_majid33,عبـدالمـجید خرقـانی 🇮🇷,طلبهٔ پیرو خط ولایت || مُنتَظر || کارشناس ارشد تاریخ تحلیلی اسلام,Abdul Majeed Kharqani 🇮🇷,Students following the province's line || Expected || Master of Analytical History of Islam,طِ‌حرٰان,,4650.0,3757.0,False,May 2020,,https://pbs.twimg.com/profile_images/2001266107307716608/uR5QrmOd_normal.png,,prediction,1,0.7801678612402035,,1,0.4768799882921373,0.5231200117078627,,0.5231200117078627,0.4768799882921373
aboyahiaalsgldy,Abu Jamal,ناشط جنوبي هدفنا استعادة دوله الجنوب العربي وفك الارتباط مع اليمن الشقيق,Abu Jamal,A southern activist. Our goal is to restore the state of South Arabia and disengage from brotherly Yemen,United States,,3403.0,2917.0,False,May 2013,,https://pbs.twimg.com/profile_images/2001266107307716608/uR5QrmOd_normal.png,,prediction,1,0.7801678612402035,,1,0.4768799882921373,0.5231200117078627,,0.5231200117078627,0.4768799882921373
a_abothman,abothman ahwazi,أحوازي يؤمن بتحرير الوطن والإنسان,bothman didn't know,Ahwazi believes in liberating the nation and the human being,,418.0,1060.0,1512.0,False,December 2021,,https://pbs.twimg.com/profile_images/2001266107307716608/uR5QrmOd_normal.png,,prediction,1,0.7801678612402035,,1,0.4768799882921373,0.5231200117078627,,0.5231200117078627,0.4768799882921373
afrasyabia,Afrasyabi.alireza,کارشناس مکانیک طراح قطعات  متخصص در زمینه خودرو,Afrasyabi.alireza,"Mechanical expert, expert in automotive parts designer",ahwaz,36.0,322.0,137.0,False,October 2018,,https://pbs.twimg.com/profile_images/2001266107307716608/uR5QrmOd_normal.png,,prediction,1,0.7847978291260894,,1,0.3416560210371523,0.6583439789628477,,0.6583439789628477,0.3416560210371523
a_rnazari,Amirreza Nazari,یک نفر از مردم ایران،امیدوار به آینده ایران،روزنامه نگار در ایران،دانشجوی دکتری مسائل ایران،مسئولیتی در برابر نظرات و کامنت ها ندارم. توییت ها دیدگاه شخصی است.,Amirreza Nazari,"A person of Iranian people, hopeful for the future of Iran, a journalist in Iran, a doctoral student of Iranian issues, I am not responsible for opinions and comments. Tweets are personal opinion.",,,3028.0,6145.0,False,December 2017,,https://pbs.twimg.com/profile_images/2001266107307716608/uR5QrmOd_normal.png,,prediction,1,0.7851039024777824,,1,0.30905178335567596,0.690948216644324,,0.690948216644324,0.30905178335567596
aliaalei,علی عالی🇮🇷,ناسزا شنيدن كسب و كار روزانه ماست/مسئوليتی به‌خاطر نظرات ديگران زير توئيت‌هايم ندارم/ توهین= بلاک,Ali Aali 🇮🇷,Hearing insults is our daily business/I am not responsible for other people's comments under my tweets/Insult = block,Islamic Republic of Iran,,182.0,4670.0,False,February 2017,,https://pbs.twimg.com/profile_images/2001266107307716608/uR5QrmOd_normal.png,,prediction,1,0.7873800045656222,,1,0.3231927610711639,0.6768072389288361,,0.6768072389288361,0.3231927610711639
alijafarifo,علیج,نظاره گر منفعل.روزنامه نگار و برنامه ساز رادیو و منتقد تیاتر.مدرس پاره وقت برخی دانشگاهها.  هرچی ام که می گم به خودم مربوطه نه محل کارم.والله,Alij,"Passive observer. Journalist and radio program maker and theater critic. Part-time teacher at some universities.  Whatever I say is related to me, not my workplace",tehran,248.0,193.0,2174.0,False,September 2010,,https://pbs.twimg.com/profile_images/2001266107307716608/uR5QrmOd_normal.png,,prediction,1,0.790477982510856,,1,0.4868061690659278,0.5131938309340722,,0.5131938309340722,0.4868061690659278
alimoujani,علی موجانی Ali MOUJANI,مورخ، مشاور وزیر خارجه، مشاور بنیاد ایران‌شناسی و عضو برنامه حافظه جهانی یونسکو در ایران. توئیت ها نظرات شخصی و هیچگونه مسئولیتی درباره نظرات‌ و بازنشرها ندارم,Ali MOUJANI,"Historian, adviser to the foreign minister, adviser to the Iranology Foundation and a member of the UNESCO World Memory Program in Iran. Tweets are personal opinions and I have no responsibility for comments and reposts",,3023.0,444.0,3172.0,False,November 2012,,https://pbs.twimg.com/profile_images/2001266107307716608/uR5QrmOd_normal.png,,prediction,1,0.8003175976540763,,1,0.36864496675897696,0.631355033241023,,0.631355033241023,0.36864496675897696
