confidence_level,created_at,description,description_en,display_name,display_name_en,followers_count,following_count,iteration_source,location,manual_person_vs_organization,person_vs_organization,predicted_class,profile_banner_url,profile_image_url,statuses_count,uncertainty_score,url,username,verified
,December 2025,031,,031esf,,0.0,11.0,2,,1,1.0,,,https://pbs.twimg.com/profile_images/2001266107307716608/uR5QrmOd_normal.png,1.0,,,031es,False
,February 2014,â–¶ï¸  ï½¸ï½·ï½°ï½¯ï¼ï½¾ï¾šã¡ã‚ƒã‚“,,komagome,,1980.0,200.0,2,ã®ã°,1,1.0,,,https://pbs.twimg.com/profile_images/2001266107307716608/uR5QrmOd_normal.png,,,,06numerosix,False
,October 2019,æ¥½å¤©ã‚¤ãƒ¼ã‚°ãƒ«ã‚¹ã€AS Romaã€Galatasaray ã€åœ‹å­¸é™¢å¤§å­¸ã¨äº¬éƒ½ç”£æ¥­å¤§å­¦(é§…ä¼)ã‚’å¿œæ´ã—ã¦ã„ã¾ã™ã€‚ã‚¢ãƒã‚¬ãƒŸç­‰ãƒ©ãƒ–ã‚³ãƒ¡ã«ã¤ã„ã¦è©±ã™ã“ã¨ã‚‚å¤šã„ã§ã™ã€‚ã‚ˆã‚ã—ããŠé¡˜ã„ã—ã¾ã™(ã‚¹ãƒ‘ãƒ å¢ã¯å…¨ã¦24ï¼†ãƒ–ãƒ­ãƒƒã‚¯ã—ã¾ã™),,ã‚¯ãƒ©ã‚¦ã‚¹32,,1646.0,5841.0,2,,2,2.0,,,https://pbs.twimg.com/profile_images/2001266107307716608/uR5QrmOd_normal.png,,,,09escargot1012,False
,July 2009,Ø¨Ø§ Ø³Ú¯â€ŒÙ‡Ø§ Ø¯ÙˆÙ†Ø¯Ù‡ØŒ Ø¨Ø§ Ù¾Ø±Ù†Ø¯Ù‡â€ŒÙ‡Ø§ Ù¾Ø±Ù†Ø¯Ù‡ØŒ Ø¨Ø§ Ú¯Ø±Ø¨Ù‡â€ŒÙ‡Ø§ ØªÙ…Ø§Ø´Ø§Ú¯Ø±,,khe_alef,,1853.0,923.0,2,,1,1.0,,,https://pbs.twimg.com/profile_images/2001266107307716608/uR5QrmOd_normal.png,,,,0alwaysdreamer0,False
,September 2023,,,CathyBryce,,112.0,4623.0,2,,1,1.0,,,https://pbs.twimg.com/profile_images/2001266107307716608/uR5QrmOd_normal.png,0.0,,,0dybbxx0o1b5xa,False
,September 2023,,,SaraThoreau,,127.0,4554.0,2,,1,1.0,,,https://pbs.twimg.com/profile_images/2001266107307716608/uR5QrmOd_normal.png,0.0,,,0l8o0xgtjkorcjb,False
,April 2021,Ø²Ù†Ø¯Ú¯ÛŒ Ù†Ú©Ø±Ø¯Ù… ÙˆÙ„ÛŒ ÙØ¹Ù„Ø§ Ø²Ù†Ø¯Ù‡ Ø§Ù…,,Ú©Ù„ÙˆÙ„,,81.0,53.0,2,,1,1.0,,,https://pbs.twimg.com/profile_images/2001266107307716608/uR5QrmOd_normal.png,150.0,,,0mfahzf4tebztdl,False
,August 2024,"@_Alignments ,",,Think,,22.0,159.0,2,,2,2.0,,,https://pbs.twimg.com/profile_images/2001266107307716608/uR5QrmOd_normal.png,18.0,,,0pps__,False
,September 2021,,,Ù‡ÙŠØ«Ù… Ø¹Ø¨Ø¯Ù‡ Ù†Ø¹Ù…Ø§Ù† Ø§Ù„Ø­Ø¬Ø±ÙŠ,,80.0,218.0,2,,1,1.0,,,https://pbs.twimg.com/profile_images/2001266107307716608/uR5QrmOd_normal.png,3761.0,,,0qcgdh3bdamfozf,False
,June 2012,,,CÃ©line,,96.0,3455.0,2,,1,1.0,,,https://pbs.twimg.com/profile_images/2001266107307716608/uR5QrmOd_normal.png,2320.0,,,10190celine,False
,October 2021,Ø¨Ø§ØºÛŒØ±ØªØ§Ù† Ø§ÛŒØ±Ø§Ù† Ù‡Ù…Ø±Ø§Ù‡ Ø¨Ø§ Ù‚ÛŒØ§Ù…â€ŒØ³Ù¾ÛŒØ¯ Ø¨ Ø±Ù‡Ø¨Ø±ÛŒ Ø¯Ú©ØªØ±Ø³Ø§ÛŒØ§Ù† Ø¨Ø±Ø§ÛŒ Ù¾Ø§ÛŒØ§Ù† Ø¯Ø§Ø¯Ù† Ø¨Ù‡ Ø­Ú©ÙˆÙ…Øª Ø®Ø§Ù…Ù†Ù‡â€ŒØ§ÛŒ Ù†Ø§Ù…Ø±Ø¯   Ù¾ÛŒØ§Ù… Ø¯Ù‡ÛŒØ¯ Ø¨Ù‡,,Sakariyou_105,,100.0,428.0,2,,2,2.0,,,https://pbs.twimg.com/profile_images/2001266107307716608/uR5QrmOd_normal.png,271.0,,,105_sakariyou,False
,September 2008,,,â˜†â™© â™ª â™« â™¬â™¡,,69.0,358.0,2,ç”µè„‘å‰,2,2.0,,,https://pbs.twimg.com/profile_images/2001266107307716608/uR5QrmOd_normal.png,2320.0,,,10am,False
0.5572493082620366,March 2008,"Official page for Prime Minister  @Keir_Starmer â€™s office, based at 10 Downing Street.","Official page for Prime Minister  @Keir_Starmer â€™s office, based at 10 Downing Street.",UK Prime Minister,UK Prime Minister,,192.0,3,"10 Downing Street, London",1,,1.0,,https://pbs.twimg.com/profile_images/2001266107307716608/uR5QrmOd_normal.png,2320.0,0.4427506917379634,,10downingstreet,False
,October 2024,,,A.B.110,,0.0,7.0,2,,2,2.0,,,https://pbs.twimg.com/profile_images/2001266107307716608/uR5QrmOd_normal.png,3.0,,,110_m_ah_b,False
,December 2025,,,Adin 12,,0.0,6.0,2,,1,1.0,,,https://pbs.twimg.com/profile_images/2001266107307716608/uR5QrmOd_normal.png,0.0,,,12_adin10571,False
,April 2023,Ú¯Ù„ ÛŒØ®,,somaih1363,,3.0,17.0,2,ØªÙ‡Ø±Ø§Ù†,1,1.0,,,https://pbs.twimg.com/profile_images/2001266107307716608/uR5QrmOd_normal.png,1.0,,,1364ghazal62816,False
,November 2022,Ø²Ù‡Ø±Ø§ ØªØ±Ú© Ø²Ø§Ø¯Ù‡ ÙˆÚ©ÛŒÙ„ Ø¯Ø§Ø¯Ú¯Ø³ØªØ±ÛŒ,,zahra tork zadeh,,154.0,908.0,2,,1,1.0,,,https://pbs.twimg.com/profile_images/2001266107307716608/uR5QrmOd_normal.png,660.0,,,1366_t,False
0.5776602635468473,October 2023,Exclusive U.K. Distributor of Foundation Cigar Company.,Exclusive U.K. Distributor of Foundation Cigar Company.,1573 Cigars,1573 Cigars,649.0,10.0,3,,0,,1.0,,https://pbs.twimg.com/profile_images/2001266107307716608/uR5QrmOd_normal.png,3.0,0.4223397364531527,,1573cigars,False
,May 2016,'Friday Night Chicken' - due 2027!  Shortlisted for Jane Grigson Trust award 2025. My blog (shortlisted Guild Food Writers award '20 '21 '23).,,Aaron Vallance,,5435.0,3587.0,2,"London, England",1,1.0,,,https://pbs.twimg.com/profile_images/2001266107307716608/uR5QrmOd_normal.png,2327.0,,,1dish4theroad,False
0.5563698846183197,June 2019,Simple experience. Smart execution. Trading built to scale. It's time to bring the world onchain. t.me/OneInchNetwork â€¦,Simple experience. Smart execution. Trading built to scale. It's time to bring the world onchain. t.me/OneInchNetwork â€¦,1inch,1inch,,365.0,3,Cross-Chain,0,,1.0,,https://pbs.twimg.com/profile_images/2001266107307716608/uR5QrmOd_normal.png,2327.0,0.4436301153816803,,1inch,False
,November 2025,,,Ù…Ø­Ù…Ø¯Ø­Ø³ÛŒÙ† Ø§Ù…ÛŒÙ†Ø§ÛŒÛŒ,,1.0,20.0,2,,1,1.0,,,https://pbs.twimg.com/profile_images/2001266107307716608/uR5QrmOd_normal.png,0.0,,,2000mhac,False
0.596632570493627,October 2011,Avide de vÃ©ritÃ© et confiant en un avenir meilleur. Hungry for truth and confident in a better future. The best yet to come!,Hungry for truth and confident in a better future. Hungry for truth and confident in a better future. The best yet to come!,Yves St-Laurent,Yves St-Laurent,1782.0,2755.0,3,,0,,0.0,,https://pbs.twimg.com/profile_images/2001266107307716608/uR5QrmOd_normal.png,2335.0,0.403367429506373,,2012bb6656,False
,March 2017,,,Dr siyasi,,206.0,306.0,2,,1,1.0,,,https://pbs.twimg.com/profile_images/2001266107307716608/uR5QrmOd_normal.png,6949.0,,,2017siyasi,False
,November 2025,,,Dr . Samuel 2025 Samuel arockiasamy (Sam),,50.0,786.0,2,,1,1.0,,,https://pbs.twimg.com/profile_images/2001266107307716608/uR5QrmOd_normal.png,19.0,,,2025_samuel,False
,March 2016,,,Cotton Headed Ninny Muggins,,102.0,1586.0,2,,0,0.0,,,https://pbs.twimg.com/profile_images/2001266107307716608/uR5QrmOd_normal.png,287.0,,,2_ncqr,False
,February 2025,Â« Ù†Ù‡ Ø³Ù„Ø·Ù†ØªØŒ Ù†Ù‡ Ø±Ù‡Ø¨Ø±ÛŒØŒ Ù†Ù‡ Ø§Ø±ØªØ¬Ø§Ø¹ Ø±Ø¬ÙˆÛŒ Â»        Ù„ÛŒØ¨Ø±Ø§Ù„,,Rebel girl,,1399.0,1004.0,2,,1,1.0,,,https://pbs.twimg.com/profile_images/2001266107307716608/uR5QrmOd_normal.png,9779.0,,,2_rebelgirl,False
0.5552262688910014,December 2013,Podcast hosted by Phoebe Robinson  @dopequeenpheebs  & Jessica Williams  @msjwilly  from  @WNYCStudios . New episodes every Tuesday.,Podcast hosted by Phoebe Robinson  @dopequeenpheebs  & Jessica Williams  @msjwilly  from  @WNYCStudios . New episodes every Tuesday.,2 Dope Queens Podcast,2 Dope Queens Podcast,,1094.0,3,"Brooklyn, NY",0,,1.0,,https://pbs.twimg.com/profile_images/2001266107307716608/uR5QrmOd_normal.png,2510.0,0.4447737311089986,,2dopequeens,False
0.5366430263296577,June 2009,"Check out the ENTIRE 30 for 30 collection on  @ESPNPlus , a part of The Disney Bundle.","Check out the ENTIRE 30 for 30 collection on  @ESPNPlus , a part of The Disney Bundle.",30 for 30,30 for 30,,1399.0,3,,0,,0.0,,https://pbs.twimg.com/profile_images/2001266107307716608/uR5QrmOd_normal.png,30.0,0.4633569736703423,,30for30,False
,April 2013,Iranian singer,,Sina Hejazi,,4400.0,16.0,2,Islamic Republic of Iran,1,1.0,,,https://pbs.twimg.com/profile_images/2001266107307716608/uR5QrmOd_normal.png,297.0,,,30nahejazi,False
,June 2013,Every moment is a fresh beginning.,,Isis,,345.0,472.0,2,"Buffalo, NY.",2,2.0,,,https://pbs.twimg.com/profile_images/2001266107307716608/uR5QrmOd_normal.png,458.0,,,32kennocha,False
,February 2013,Ø§Ø² Ø±ÙˆÛŒ Ù†Ø¹Ø´ Ø¬Ù…Ù‡ÙˆØ±ÛŒ Ø§Ø³Ù„Ø§Ù…ÛŒ Ø±Ø¯ Ù…ÛŒâ€ŒØ´ÙˆÛŒÙ… #Ù‡Ù…Ú©Ø§Ø±ÛŒ_Ù…Ù„ÛŒ,,Ù†Ø´Ø±ÙŠÙ‡ Ø³Ù‡â€ŒÙ¾Ù†Ø¬,,,0.0,2,35anj,2,2.0,,,https://pbs.twimg.com/profile_images/2001266107307716608/uR5QrmOd_normal.png,2021.0,,,35anj,False
,July 2019,,,ĞœĞ°ĞºÑĞ°Ñ‚,,0.0,4.0,2,,1,1.0,,,https://pbs.twimg.com/profile_images/2001266107307716608/uR5QrmOd_normal.png,6.0,,,35pmrc4xezu0tvd,False
,September 2025,,,Third Coast Cinema,,1.0,154.0,2,"Milwaukee, WI",2,2.0,,,https://pbs.twimg.com/profile_images/2001266107307716608/uR5QrmOd_normal.png,0.0,,,3ccmke,False
,January 2020,Ø¯ØºØ¯ØºÙ‡ Ù…Ø­ÛŒØ·â€ŒÚ©Ø³Ø¨â€ŒÙˆÚ©Ø§Ø±ØŒ Ú©Ø§Ø±Ø¢ÙØ±ÛŒÙ†ÛŒØŒ Ø´ÙØ§ÙÛŒØªØŒ Ø¹Ø¯Ø§Ù„Øª Ø±Ù‚Ø§Ø¨ØªØŒ Ø­Ù‚ÙˆÙ‚â€ŒÙ…Ø§Ù„Ú©ÛŒØªØŒ Ø­Ø§Ú©Ù…ÛŒØªâ€ŒÙ‚Ø§Ù†ÙˆÙ† Ùˆ ØªÙ†Ø¸ÛŒÙ…Ú¯Ø±ÛŒ ÙØ¬Ø§Ø²ÛŒ Ø¯Ø± Ø§ÛŒØ±Ø§Ù†. ØªÙˆØ¦ÛŒØªÙ‡Ø§Ù… Ø¨Ù‡ Ù‡ÛŒÚ† Ø´ÙˆØ±Ø§ Ùˆ Ù…Ø±Ú©Ø²ÛŒ Ø±Ø¨Ø·ÛŒ Ù†Ù  Ø¯Ø§  Ø±ÙØ¯,,SeyedAmir Sayyah,,,438.0,2,,1,1.0,,,https://pbs.twimg.com/profile_images/2001266107307716608/uR5QrmOd_normal.png,5587.0,,,3eyedamir,False
,October 2023,,,Ishita Dasgupta,,1.0,77.0,2,,1,1.0,,,https://pbs.twimg.com/profile_images/2001266107307716608/uR5QrmOd_normal.png,0.0,,,42potatoesss,False
,November 2020,Ù…Ù†ØµØ© Ø±ÙŠØ§Ø¶ÙŠØ© Ø¥Ù…Ø§Ø±Ø§ØªÙŠØ©  ØªØºØ·ÙŠ Ø§Ù„Ø­Ø¯Ø« Ù…Ø­Ù„ÙŠØ§Ù‹ ÙˆØ¹Ø§Ù„Ù…ÙŠØ§Ù‹,,Ø¹Ù…ÙŠØ¯ Ø§Ù„Ø±ÙŠØ§Ø¶Ø©,,,178.0,2,Ø§Ù„Ø§Ù…Ø§Ø±Ø§Øª Ø§Ù„Ø¹Ø±Ø¨ÙŠØ© Ø§Ù„Ù…ØªØ­Ø¯Ø©,0,0.0,,,https://pbs.twimg.com/profile_images/2001266107307716608/uR5QrmOd_normal.png,5587.0,,,433_uae2,False
,May 2022,,,Abtinn,,17.0,391.0,2,,1,1.0,,,https://pbs.twimg.com/profile_images/2001266107307716608/uR5QrmOd_normal.png,12.0,,,4bteen,False
,September 2022,,,Freedom,,18.0,214.0,2,,0,0.0,,,https://pbs.twimg.com/profile_images/2001266107307716608/uR5QrmOd_normal.png,682.0,,,4freedom4iran,False
0.5416746090402319,August 2013,"Representing activities & views of the Iranian diaspora, promoting democratic change by the people for #FreeIran Voice of #IranProtests #MaryamRajavi4FreeIran","Representing activities & views of the Iranian diaspora, promoting democratic change by the people for #FreeIran Voice of #IranProtests #MaryamRajavi4FreeIran",Iran Freedom,Iran Freedom,,698.0,3,,0,,0.0,,https://pbs.twimg.com/profile_images/1427297293242441731/1vPaoNnm_200x200.jpg,2018.0,0.4583253909597681,,4freedominiran,False
,November 2025,,,Payton Brown 4LtgmLpx,,3.0,195.0,2,,1,1.0,,,https://pbs.twimg.com/profile_images/2001266107307716608/uR5QrmOd_normal.png,0.0,,,4ltgmlpx61671,False
,September 2021,,,.,,104.0,383.0,2,,2,2.0,,,https://pbs.twimg.com/profile_images/2001266107307716608/uR5QrmOd_normal.png,8.0,,,4m2dvxbg7uptwhz,False
,November 2009,"Human Rights attorney | Professor| Author, Justice For Some | Justicia, Paz, Amor",,Noura Erakat,,192900.0,2719.0,2,,1,1.0,,,https://pbs.twimg.com/profile_images/2001266107307716608/uR5QrmOd_normal.png,,,,4noura,False
0.5215253736104714,August 2012,Sylvesterâ€™s page is run by his manager  @execcer  but also with personal input & photos from him. NB: Personal replies not possible. Manager:  clareeden.com,Sylvesterâ€™s page is run by his manager  @execcer  but also with personal input & photos from him. NB: Personal replies not possible. Manager:  clareeden.com,Sylvester McCoy,Sylvester McCoy,,121.0,3,"London, England",1,,1.0,,https://pbs.twimg.com/profile_images/2001266107307716608/uR5QrmOd_normal.png,4831.0,0.4784746263895286,,4sylvestermccoy,False
0.5929552633613434,July 2009,Your source of info for all things  @Channel4  (and sister channels). Want to know more? Click our website link below.,Your source of info for all things  @Channel4  (and sister channels). Want to know more? Click our website link below.,4Viewers,4Viewers,,1330.0,3,UK,0,,1.0,,https://pbs.twimg.com/profile_images/2001266107307716608/uR5QrmOd_normal.png,4.0,0.4070447366386566,,4viewers,False
,January 2019,Comedian  @StephenTrumble  invites guests to chat about the varied multitudes of human feeling that in English all fall under the one umbrella term; Love.,,50 Uses For The Word Love Podcast,,489.0,2753.0,2,"London, England",0,0.0,,,https://pbs.twimg.com/profile_images/2001266107307716608/uR5QrmOd_normal.png,396.0,,,50uses,False
,July 2016,Ù¾ÛŒØ´ Ù…Ø§ Ø¨ÛŒØ§ Ø®ÙˆØ´ Ù…ÛŒÚ¯Ø°Ø±Ù‡,,Ø²Ù†Ø¯Ø§Ù†ÛŒ Ù¾Ù†Ø¬Ù…,,6351.0,265.0,2,,0,0.0,,,https://pbs.twimg.com/profile_images/2001266107307716608/uR5QrmOd_normal.png,,,,5thprisoner,False
,September 2018,Ù…Ø§Ù‡ Ù¾Ø´Øª Ø§Ø¨Ø± Ù†Ù…ÛŒÙ…ÙˆÙ†Ù‡ ØªÙˆ Ø®ÙˆØ¨ Ø¨Ù…ÙˆÙ†ØŒ Ø¨Ù„Ø§Ø®Ø±Ù‡ Ø¢Ø¯Ù… Ø¨Ø¯Ø§ ÛŒÙ‡ Ø¬Ø§ Ø±Ø³ÙˆØ§ Ù…ÛŒØ´Ù†,,Ø§ÙˆÙ†Ø¬Ù„ÛŒÙ†Ø§Ø¬ÛŒÙ„ÛŒ,,164500.0,,2,Ä°stanbul-Turkey,1,1.0,,,https://pbs.twimg.com/profile_images/2001266107307716608/uR5QrmOd_normal.png,5593.0,,,6njeli,False
,June 2016,Thanks Crypto and Bitcoin,,Parth,,110.0,4666.0,2,Howrah,2,2.0,,,https://pbs.twimg.com/profile_images/2001266107307716608/uR5QrmOd_normal.png,8607.0,,,7833753,False
,September 2020,Get the latest on #IndianFootball  here  | Business Queries / Contact (DM)  : stoppage90nd@gmail.com | FB & IG :  @90ndstoppage,,90ndstoppage,,,566.0,2,,0,0.0,,,https://pbs.twimg.com/profile_images/2001266107307716608/uR5QrmOd_normal.png,5593.0,,,90ndstoppage,False
0.5141170105735045,September 2015,A radio show about design with host  @romanmars . Also find us on Bluesky!  bsky.app/profile/99pi.o â€¦,A radio show about design with host  @romanmars . Also find us on Bluesky!  bsky.app/profile/99pi.o â€¦,99 Percent Invisible,99 Percent Invisible,,21.0,3,"Oakland, CA",0,,1.0,,https://pbs.twimg.com/profile_images/2001266107307716608/uR5QrmOd_normal.png,2859.0,0.4858829894264955,,99piorg,False
,March 2012,"investigations, opinions, ideas, articles- EMAIL--  @alialahmedx  - @Gmail -",,Ali AlAhmed,,,1374.0,2,Washington DC,1,1.0,,,https://pbs.twimg.com/profile_images/2001266107307716608/uR5QrmOd_normal.png,1332.0,,,AliAlAhmed_en,False
,May 2025,= æ°¸è±éŠ€è¡Œ Bank SinoPac å£«æ±åˆ†è¡Œ bank.sinopac.com/sinopacBT/en/i â€¦  æ°¸ä¸°é‡‘æ§æœ‰é™å…¬å¸ æƒ èª‰è¯„çº§ä¸­çš„å®ä½“ã€‚å…¨çƒèµ„æœ¬å¸‚åœºçš„ä¿¡ç”¨è¯„çº§ã€ç ”ç©¶å’Œåˆ†æã€‚SinoPac FinancialHoldings Limited,,Mr. Zhang Wei / credit manager SINOPAC BANK,,5.0,208.0,2,hong kong,1,1.0,,,https://pbs.twimg.com/profile_images/2001266107307716608/uR5QrmOd_normal.png,2.0,,,_____zhang____,False
,March 2019,"A PhD candidate passionate about politics, fighting Islamists and terrorists. A retweet is not an endorsement. Opinions are mine.",,Ø«Ù†Ø§ Ø§Ø¨Ø±Ø§Ù‡ÛŒÙ…ÛŒ | Sana Ebrahimi,,,837.0,2,,1,1.0,,,https://pbs.twimg.com/profile_images/2001266107307716608/uR5QrmOd_normal.png,5593.0,,,__injaneb96,False
,June 2025,"Striving for a proud, independent and prosperous United Kingdom. We stand for nation, freedom, democracy and equality under the law.  Led by  @benhabib6",,Advance UK,,1.0,362.0,2,http://www.advanceuk.org.uk,0,0.0,,,https://pbs.twimg.com/profile_images/2001266107307716608/uR5QrmOd_normal.png,1638.0,,,_advanceuk,False
0.5574375781047131,December 2024,THIS IS FOR SEEING TWICE FEB. 18 2026  backup:  @__aespect 19 || MLM || he/him ||  Follow to become an aengel,THIS IS FOR SEEING TWICE FEB. 18 2026  backup:  @__aespect 19 || MLM || he/him ||  Follow to become an aengel,Ù,Ù,430.0,1802.0,3,aespect city,1,,1.0,,https://pbs.twimg.com/profile_images/2001266107307716608/uR5QrmOd_normal.png,5989.0,0.4425624218952869,,_aespect,False
0.5339968039136966,September 2022,OFFICIAL FOOTBALL AGENTS - CORPORATE NETWORK LTD,OFFICIAL FOOTBALL AGENTS - CORPORATE NETWORK LTD,Agent Football,Agent Football,3.0,75.0,3,"London, England",0,,1.0,,https://pbs.twimg.com/profile_images/2001266107307716608/uR5QrmOd_normal.png,3.0,0.4660031960863033,,_agentfootball,False
,December 2025,,,Alev GÃ¼ndoÄŸan,,0.0,4.0,2,,1,1.0,,,https://pbs.twimg.com/profile_images/2001266107307716608/uR5QrmOd_normal.png,0.0,,,_alevgundogan_,False
,December 2018,Ø§Ùˆ Ø§Ø² Ù¾ÛŒØ±ÙˆØ§Ù† Ù… Ø­ Ù… Ø¯ Ø¨Ù† Ø­Ø³Ù† Ø¨ÙˆØ¯,,Ø¹Ù„ÛŒ Ù†Ø¬Ø§Ø±,,770.0,890.0,2,Ú©Ù‡Ú©Ø´Ø§Ù† Ø±Ø§Ù‡ Ø´ÛŒØ±ÛŒ ØŒ Ø¯Ø³Øª Ú†Ù¾,1,1.0,,,https://pbs.twimg.com/profile_images/2001266107307716608/uR5QrmOd_normal.png,4161.0,,,_ali_najjar_,False
,December 2025,Ú©Ø¯ Ù…ÛŒâ€ŒÙ†ÙˆÛŒØ³Ù…ØŒ Ú¯ÛŒØªØ§Ø± Ø§Ù„Ú©ØªØ±ÛŒÚ© Ù…ÛŒØ²Ù†Ù…ØŒ Ø¯Ùˆ Ø®Ø· Ú©ØªØ§Ø¨ Ù…ÛŒâ€ŒØ®ÙˆÙ†Ù… Ùˆ ÙÛŒÙ„Ù… Ùˆ Ø³Ø±ÛŒØ§Ù„ Ù…ÛŒâ€ŒØ¨ÛŒÙ†Ù…ØŒ ÛŒÙ‡ ÙˆØ±Ø²Ø´ÛŒâ€ŒØ§Ù… Ù…ÛŒâ€ŒÚ©Ù†Ù… Ùˆ Ø§ÛŒÙ†Ø§ØŒ Ø§Ù†Ú¯Ù„ÛŒØ³ÛŒ Ùˆ Ø¢Ù„Ù…Ø§Ù†ÛŒ Ù…ÛŒâ€ŒØ®ÙˆÙ†Ù…ØŒ Ø§Ø³Ù… Ø§ÛŒÙ†Ø§Ø±Ùˆ ÙØ¹Ù„Ø§ Ú¯Ø°Ø§Ø´ØªÙ… Ù‡ÙˆÛŒØª.,,Ali Emili,,9.0,132.0,2,,1,1.0,,,https://pbs.twimg.com/profile_images/2001266107307716608/uR5QrmOd_normal.png,87.0,,,_aliemili_,False
,June 2025,"@__Think_ ,",,Alignments,,15.0,13.0,2,,1,1.0,,,https://pbs.twimg.com/profile_images/2001266107307716608/uR5QrmOd_normal.png,2.0,,,_alignments,False
,August 2016,Jugador de New York city,,Alonso MartÃ­nez,,7990.0,102.0,2,"Puntarenas, Costa Rica",1,1.0,,,https://pbs.twimg.com/profile_images/2001266107307716608/uR5QrmOd_normal.png,77.0,,,_alonso11,False
,October 2015,ØªØ§ Ø§Ø·Ù„Ø§Ø¹ Ø«Ø§Ù†ÙˆÛŒ ÙÙ‚Ø· #Ø²Ù†_Ø²Ù†Ø¯Ú¯ÛŒ_Ø¢Ø²Ø§Ø¯ÛŒ,,i N !,,149.0,160.0,2,!,1,1.0,,,https://pbs.twimg.com/profile_images/2001266107307716608/uR5QrmOd_normal.png,4797.0,,,_angry_n___,False
,August 2018,ã¯ã‚€ã•ã‚“ã¯ã“ã¡ã‚‰  @hamuppi_,,ãŠçˆ¶ã•ã‚“,,8556.0,803.0,2,,0,0.0,,,https://pbs.twimg.com/profile_images/2001266107307716608/uR5QrmOd_normal.png,780.0,,,_articlle_,False
,August 2025,Ø±ÙˆØ²Ù†Ø§Ù…Ù‡â€ŒÙ†Ú¯Ø§Ø±,,Ø¹Ø§Ø·ÙÙ‡ Ø´Ù…Ø³,,4.0,50.0,2,,1,1.0,,,https://pbs.twimg.com/profile_images/2001266107307716608/uR5QrmOd_normal.png,0.0,,,_atefehshams_,False
,July 2018,Global partnership aiming to reach 500 million people in LMICs with the life-changing AT they need by 2030. ATscale is hosted by  @UNOPS,,ATscale,,2202.0,1211.0,2,Geneva,0,0.0,,,https://pbs.twimg.com/profile_images/2001266107307716608/uR5QrmOd_normal.png,2496.0,,,_atscale,False
,November 2022,,,ğŸŒŸ,,40.0,7500.0,2,,1,1.0,,,https://pbs.twimg.com/profile_images/2001266107307716608/uR5QrmOd_normal.png,,,,_bonos_,False
,April 2009,"/ perto do osso a carne Ã© mais gostosa / Ëš à¼˜âœ¶ videomaker, mama snake na  @MAMBANEGRAHHHH  y kweeng em  @TETOPRETOOO",,â™¡ *à³ƒÂ°à¼„ ğ“¢ğ“ªğ“«ğ“»ğ“²ğ“·ğ“ª ğ“¢ğ“¾ğ“»ğ“½ğ“¸ Â¸.â€¢Â°*Â°â‹†.à³ƒà¿”*,,1806.0,425.0,2,"SÃ£o Paulo, Brasil",1,1.0,,,https://pbs.twimg.com/profile_images/2001266107307716608/uR5QrmOd_normal.png,2277.0,,,_carneosso,False
,December 2012,Just a weenus,,Gem - Komaeda Brain rot âœŒğŸ»ï¸,,98.0,667.0,2,Melbourne,0,0.0,,,https://pbs.twimg.com/profile_images/2001266107307716608/uR5QrmOd_normal.png,1998.0,,,_celestraa,False
,January 2017,coordenador  @frosaluxemburgo  | doutorando/PhD Student em Planejamento Urbano e Regional  @usponline  | Mestre em CiÃªncias/M.Sc.  @FAUUSPoficial  | jornalista,,Daniel Santini,,1768.0,1888.0,2,"SÃ£o Paulo, Brasil",1,1.0,,,https://pbs.twimg.com/profile_images/2001266107307716608/uR5QrmOd_normal.png,3079.0,,,_danielsantini,False
,November 2012,Itâ€™s okay to get run over by a bus than never cross the road. Iâ€™m at least getting somewhere. Views and Opinions expressed are personal.,,Ajmal Hussain A,,379.0,529.0,2,"Kollam, India",1,1.0,,,https://pbs.twimg.com/profile_images/2001266107307716608/uR5QrmOd_normal.png,961.0,,,_dinken_,False
,May 2013,,,ell,,5833.0,225.0,2,"Manchester, England",1,1.0,,,https://pbs.twimg.com/profile_images/2001266107307716608/uR5QrmOd_normal.png,,,,_ellrose,False
,March 2021,,,ÙØ§Ø·Ù…â€ŒÙ‡,,9.0,24.0,2,,1,1.0,,,https://pbs.twimg.com/profile_images/2001266107307716608/uR5QrmOd_normal.png,540.0,,,_fatemeramezani,False
,August 2014,Ø³Ø¬Ù„ Ø§Ù†Ø§ Ø¹Ø±Ø¨ÙŠ,,Free eagle,,138.0,213.0,2,,0,0.0,,,https://pbs.twimg.com/profile_images/2001266107307716608/uR5QrmOd_normal.png,2333.0,,,_freeeagle_,False
,April 2011,"Founder & CEO  @AutonomizeAI . #Data, #AI, #metaverse. 2x startups pod  @StoriesinAI , super long on AI, open source, people, love and crypto",,GaneshğŸ’°Padmanabhan âš•ï¸ğŸ¦¾,,2080.0,1005.0,2,"Austin, TX",1,1.0,,,https://pbs.twimg.com/profile_images/2001266107307716608/uR5QrmOd_normal.png,,,,_ganeshp,False
,July 2025,,,Garrulus,,112.0,475.0,2,,1,1.0,,,https://pbs.twimg.com/profile_images/2001266107307716608/uR5QrmOd_normal.png,654.0,,,_garrulus,False
,February 2020,,,Ghazal,,13.0,47.0,2,,1,1.0,,,https://pbs.twimg.com/profile_images/2001266107307716608/uR5QrmOd_normal.png,3115.0,,,_ghazaltaleb,False
,July 2012,Research scientist  @CognizantAILab  | PhD in AI and Robotics | Hobbist photographer |   Opinions are my own,,Giuseppe Paolo,,321.0,506.0,2,"Parigi, Francia",1,1.0,,,https://pbs.twimg.com/profile_images/2001266107307716608/uR5QrmOd_normal.png,1140.0,,,_gpaolo,False
,August 2018,Intl Law UT  | Ø¹Ø´Ù‚ Ø§ÛŒØ±Ø§Ù† Ø¯Ø± Ø³Ø±Ø´ØŒ Ù‡Ù…Ú†Ùˆ Ù…Ù†.,,sina,,113.0,41.0,2,IRAN,1,1.0,,,https://pbs.twimg.com/profile_images/2001266107307716608/uR5QrmOd_normal.png,116.0,,,_h_o_o_r_,False
,July 2014,Deputy Editor  @OurWorldinData  / Researcher at  @UniofOxford  / Honorary Fellow at  @EdinburghUni  @EdCentreCC  / Not the End of the World:  amzn.to/3MdaOci,,Hannah Ritchie,,79800.0,1337.0,2,"Edinburgh, UK",1,1.0,,,https://pbs.twimg.com/profile_images/2001266107307716608/uR5QrmOd_normal.png,7978.0,,,_hannahritchie,False
,October 2025,Muslim,,Hasan Bro,,94.0,249.0,2,,1,1.0,,,https://pbs.twimg.com/profile_images/2001266107307716608/uR5QrmOd_normal.png,173.0,,,_hasanbro,False
,August 2022,,,Hisham Qaddoumi,,33.0,359.0,2,,1,1.0,,,https://pbs.twimg.com/profile_images/2001266107307716608/uR5QrmOd_normal.png,247.0,,,_hqaddomi,False
,December 2025,,,Ø­Ø³ÙŠÙ† Ø§Ù„Ø¹Ù†Ø²ÙŠâšœï¸,,2.0,6.0,2,Iraq,1,1.0,,,https://pbs.twimg.com/profile_images/2001266107307716608/uR5QrmOd_normal.png,0.0,,,_husseinth3,False
,February 2013,Let me act and I'll be happy,,Elnaaz Norouzi,,,232.0,2,India,1,1.0,,,https://pbs.twimg.com/profile_images/2001266107307716608/uR5QrmOd_normal.png,3225.0,,,_iamnaaz_,False
,November 2021,"books, music, travel, nature, art",,ğŸŒ»hopeful wandererğŸŒ»,,59.0,665.0,2,,2,2.0,,,https://pbs.twimg.com/profile_images/2001266107307716608/uR5QrmOd_normal.png,290.0,,,_infogirl,False
,August 2022,,,Ù¾ÙØ³ÙØ±Ù Ø®ÙˆØ¨Ù’,,899.0,1056.0,2,,1,1.0,,,https://pbs.twimg.com/profile_images/2001266107307716608/uR5QrmOd_normal.png,3112.0,,,_ipesarekhob,False
,December 2020,,,MhmmdShajarian,,8.0,1774.0,2,,1,1.0,,,https://pbs.twimg.com/profile_images/2001266107307716608/uR5QrmOd_normal.png,58.0,,,_irani_mohammad,False
,May 2022,Ø¨ÙÚ¯Ø°Ø§Ø± Ú¯ÙÙ…â€Œ Ø´ÙÙˆÙÙ… Ø¯ÙØ± ØªÙˆ ...,,ğŸŒšğŸ¤,,80.0,370.0,2,,1,1.0,,,https://pbs.twimg.com/profile_images/2001266107307716608/uR5QrmOd_normal.png,96.0,,,_iweni,False
,March 2023,Ø§ÛŒØ³ØªÙ‡â€ŒØ³Ù† ÛŒØ§Ù†Ø¯ÛŒØ± ÛŒØ§Ù†Ù…Ø§ØºØ§ Ø¢Ù„ÛŒØ´Ø§Ø±ÛŒÙ‚ Ú©ÙˆÙ„ Ø§ÙˆÙ„ÙˆØ¨ ÛŒØ¦Ù†ÛŒØ¯Ù† Ø¯ÙˆØºÙˆÙ„Ø§Ø±ÛŒÙ‚ Ø³ÙˆÙ†Ø±Ø§..,,ğ°¯ğ±ƒğ°¢ğ°š|ÙØ¢Ø·ÙÙ…ÙğŸ‹,,1216.0,819.0,2,TÉ™brizli-,1,1.0,,,https://pbs.twimg.com/profile_images/2001266107307716608/uR5QrmOd_normal.png,4248.0,,,_iwftw,False
,November 2025,,,Tina,,0.0,4.0,2,,1,1.0,,,https://pbs.twimg.com/profile_images/2001266107307716608/uR5QrmOd_normal.png,0.0,,,_iwtiina,False
,December 2013,ZERO JOY UNTO DEATH  :::: any pronounç„¡æ€§ :  horror rpg solo game dev  @HEAVY_AS_STONE  |  industrial music as Thegn  thegn.bandcamp.com | eng/jp â†’,,jÃ¸y,,3285.0,734.0,2,Amagasakiã€€å°¼å´å¸‚,0,0.0,,,https://pbs.twimg.com/profile_images/2001266107307716608/uR5QrmOd_normal.png,5899.0,,,_joy_net,False
,December 2025,,,Kurama KyÅ«bi,,1.0,24.0,2,,1,1.0,,,https://pbs.twimg.com/profile_images/2001266107307716608/uR5QrmOd_normal.png,0.0,,,_kuramakyubi_,False
,November 2022,ÛŒÚ© Ø§Ù†Ù‚Ù„Ø§Ø¨ÛŒ Ø¨ÛŒâ€ŒØ²Ø§Ø± Ø§Ø² Ú†Ù¾ Ùˆ Ø±Ø§Ø³Øª /Ø¬Ø¨Ù‡Ù‡ ØµØ¨Ø­ Ø§ÛŒØ±Ø§Ù†/ Ø±ÛŒØªÙˆÛŒÛŒØª Ø¨Ù‡ Ù…Ø¹Ù†Ø§ÛŒ ØªØ§ÛŒÛŒØ¯ Ù†ÛŒØ³Øª,,Ø¹Ù„ÛŒ Ø§Ú©Ø¨Ø± Ø±Ø§Ø¦ÙÛŒ Ù¾ÙˆØ±,,,1054.0,2,Û±:Û²Û°,1,1.0,,,https://pbs.twimg.com/profile_images/2001266107307716608/uR5QrmOd_normal.png,6124.0,,,_mahdiyar313,False
,January 2021,Ù…ØªØ¹Ù‡Ø¯ Ø¨Ù‡ Ø¹Ø´Ù‚ Ø¬Ø§Ù†,,Ù…Ù‡Ø±Ø¨ÙˆÙˆÙ†,,2336.0,2501.0,2,Ø¢Ù†Ø¬Ø§ Ú©Ù‡ Ø¯Ù„ Ø®ÙˆØ´ Ø§Ø³Øª,1,1.0,,,https://pbs.twimg.com/profile_images/2001266107307716608/uR5QrmOd_normal.png,1681.0,,,_mehrabooon,False
,March 2024,Ø¬Ø§ÙˆÛŒØ¯ Ø§ÛŒØ±Ø§Ù† Ø²Ù…ÛŒÙ† Ø› Ø²Ù†Ø¯Ù‡ Ø¨Ø§Ø¯ Ø¢Ø²Ø§Ø¯ÛŒ,,Mohammad Mohammadi,,0.0,5.0,2,"Tehran, iran",1,1.0,,,https://pbs.twimg.com/profile_images/2001266107307716608/uR5QrmOd_normal.png,1.0,,,_mohammad_1987_,False
,April 2023,:)))),,Ù…Ø±ÛŒÙ…Ù…ğŸ¦‹,,131.0,114.0,2,,1,1.0,,,https://pbs.twimg.com/profile_images/2001266107307716608/uR5QrmOd_normal.png,1.0,,,_mriyim_,False
,February 2020,bip boup,,Nafyn ğŸ€,,544.0,427.0,2,they/elle,1,1.0,,,https://pbs.twimg.com/profile_images/2001266107307716608/uR5QrmOd_normal.png,1942.0,,,_nafyn_,False
,May 2010,"@charltonlive  contributor  | Certified in  @FA  Talent ID &  @ThePFSA  Data Analytics, Oppo Scouting & Set-Pieces  | Living the dream",,Nathan,,4887.0,2796.0,2,,1,1.0,,,https://pbs.twimg.com/profile_images/2001266107307716608/uR5QrmOd_normal.png,,,,_nam11,False
,December 2020,,,ğŸª½,,5622.0,2129.0,2,,1,1.0,,,https://pbs.twimg.com/profile_images/2001266107307716608/uR5QrmOd_normal.png,,,,_raven_reborn_,False
,November 2021,ÙˆØ§Ø³Ù‡ Ú†Ø´Ù… Ø¢ÙØªÙ‡ Ùˆ ÙˆØ§Ø³Ù‡ Ú¯Ù„ Ø²ÛŒÙ†ØªÙ‡ Ø®Ø§Ø±,,Ø±Ø¶ÛŒÙ†Ø³Ú©ÛŒ,,231.0,106.0,2,,1,1.0,,,https://pbs.twimg.com/profile_images/2001266107307716608/uR5QrmOd_normal.png,5925.0,,,_rezinski,False
,December 2019,So VrÃ©mant po Nice,,Wolfy,,8.0,127.0,2,,2,2.0,,,https://pbs.twimg.com/profile_images/2001266107307716608/uR5QrmOd_normal.png,482.0,,,_rosemark,False
,February 2009,"Just a council estate kid. Mostly tired, fat & sweary",,Sarah Davies,,6039.0,2489.0,2,"Essex, UK",1,1.0,,,https://pbs.twimg.com/profile_images/2001266107307716608/uR5QrmOd_normal.png,,,,_sarahdavies,False
,August 2022,,,SCANDALOU,,43.0,299.0,2,France,0,0.0,,,https://pbs.twimg.com/profile_images/2001266107307716608/uR5QrmOd_normal.png,541.0,,,_scandalou_,False
,July 2021,"Christian, Husband, Father",,Seth Nall,,31.0,1166.0,2,,1,1.0,,,https://pbs.twimg.com/profile_images/2001266107307716608/uR5QrmOd_normal.png,378.0,,,_sethnall,False
,September 2010,"WWE Hall of Famer, WWE Ambassador & former World Heavyweight Champion. For bookings contact PVT Paul Incerto @ 203-256-0004.",,SGT SLAUGHTER,,107700.0,107.0,2,,1,1.0,,,https://pbs.twimg.com/profile_images/2001266107307716608/uR5QrmOd_normal.png,6124.0,,,_sgtslaughter,False
,December 2024,"âœ¡ï¸ â€¢ mentally in the 22nd century â€¢ data scientist in finance â€¢  @bualumni  â€¢ talking about tech, consumer apps, quantum computing, culture, and shit like that",,Shahaf,,257.0,1970.0,2,nyc,1,1.0,,,https://pbs.twimg.com/profile_images/2001266107307716608/uR5QrmOd_normal.png,786.0,,,_shahaf_,False
,August 2025,sex felsefesi etik iyi sikiÅŸ felsefesi oncul anal kusay aÅŸÄ±ÄŸÄ±,,Ä°bn Kusay el Kerhani,,16.0,73.0,2,,2,2.0,,,https://pbs.twimg.com/profile_images/2001266107307716608/uR5QrmOd_normal.png,119.0,,,_sihelvi,False
,January 2023,,,spinoss,,1.0,19.0,2,,2,2.0,,,https://pbs.twimg.com/profile_images/2001266107307716608/uR5QrmOd_normal.png,0.0,,,_sky_tw,False
,November 2021,,,soosoo~,,27.0,85.0,2,,1,1.0,,,https://pbs.twimg.com/profile_images/2001266107307716608/uR5QrmOd_normal.png,79.0,,,_soommiii_,False
,July 2022,ã€ŠØ¯Ù†ÛŒØ§ Ù‡Ù…Ù‡ Ù‡ÛŒÚ† Ùˆ Ø§Ù‡Ù„ Ø¯Ù†ÛŒØ§ Ù‡Ù…Ù‡ Ù‡ÛŒÚ†ØŒ Ø§ÛŒ Ù‡ÛŒÚ† Ø¨Ø±Ø§ÛŒ Ù‡ÛŒÚ† Ø¨Ø± Ù‡ÛŒÚ† Ù…Ù¾ÛŒÚ†ã€‹,,Starboy â­ï¸,,806.0,5214.0,2,Iran â˜¼ğ“ƒ¬,1,1.0,,,https://pbs.twimg.com/profile_images/2001266107307716608/uR5QrmOd_normal.png,3509.0,,,_starboy369,False
,May 2009,"Afro-encycopaedic Fashion 52 Bompas Road, Dunkeld, Johannesburg  Tuesday - Friday: 09:00 to 17:00 Saturdays: 09:00 to 15:00",,Thebe Magugu,,,314.0,2,,0,0.0,,,https://pbs.twimg.com/profile_images/2001266107307716608/uR5QrmOd_normal.png,821.0,,,_thebemagugu_,False
,October 2012,Â«Ø³ØªØ§Ø¯Ù Ú©ÛŒÙˆØªâ€ŒØ³Ø§Ø²ÛŒÙ ØªÙˆØ¦ÛŒØªØ±Â»      Ù…Ù…Ú©Ù†Ù‡ Ø¯ÛŒØ± Ø¬ÙˆØ§Ø¨ Ø¨Ø¯Ù…ØŒ Ù…Ø¹Ø°Ø±Øª Ù…ÛŒâ€ŒØ®ÙˆØ§Ù… â¦,,Jimbo! ğŸŒˆğŸ••ğŸŒ,,757.0,237.0,2,Ø³Ø±Ø²Ù…ÛŒÙ† ØºÛŒØ±Ù…Ø§Ø¯Ø±ÛŒ,1,1.0,,,https://pbs.twimg.com/profile_images/2001266107307716608/uR5QrmOd_normal.png,,,,_thejimbo_,False
,June 2018,Ø¨Ø§Ø²Ù…Ø§Ù†Ø¯Ù‡ Û±Û´ Ø§Ú©ØªØ¨Ø± | Ù‡Ù…Ù‡â€ŒÚ©Ø§Ø±Ù‡/Ù‡ÛŒÚ†â€ŒÚ©Ø§Ø±Ù‡,,LEFTOVER,,462.0,563.0,2,Ø®Ø§Ø±Ø¬,0,0.0,,,https://pbs.twimg.com/profile_images/2001266107307716608/uR5QrmOd_normal.png,8309.0,,,_theleftover,False
,June 2020,@ useless_goth_thembo_ in Twitch chat | Avantris brainrot still going strong | D&D/RPG/TTRPG things | Maker and collector of many math rocks (dice) |,,Definitely Not a Mimic,,19.0,124.0,2,,2,2.0,,,https://pbs.twimg.com/profile_images/2001266107307716608/uR5QrmOd_normal.png,36.0,,,_uselessgothdm,False
,April 2019,Follows Pakhtakor and all things Uzbek football related. Back up account  @Uzbek_football,,Conor ğŸ´ó §ó ¢ó ³ó £ó ´ó ¿ğŸ‡ºğŸ‡¿,,2813.0,331.0,2,"Newcastle Upon Tyne, England",1,1.0,,,https://pbs.twimg.com/profile_images/2001266107307716608/uR5QrmOd_normal.png,,,,_uzbekfootball,False
,November 2012,"I may be wicked, but still I gave an onion. (Real name is Rhys)",,Logan,,810.0,2000.0,2,,1,1.0,,,https://pbs.twimg.com/profile_images/2001266107307716608/uR5QrmOd_normal.png,4889.0,,,_x_wolverine,False
,December 2023,â€ŒÛŒØ§Ø²ÛŒØ±Ø§Ù…ØŒ Ø¯Û†Ø²Ø¯Û† Ù‚Ø§ØªÛŒÙ„_ Ù‚Ø§ØªÛŒÙ„Ù…ÛŒÛŒØ±Ø³Ø§Ù† Ø¢ØªÛŒÙ„_ÛŒØ§Ù†Ù„ÛŒØ´ Ø¯ÛŒ Ø¯Û†Ø²Û†Ù† ÛŒØ§Ø² | Ø¨ÛŒØ±Ø¨Ø¦Ù„Ù‡Ø±ÙˆØ§Ù†Ù¾Ø±ÛŒØ´,,sÉ™s siz,,532.0,436.0,2,GÃ¼ney AzÉ™rbaycan,1,1.0,,,https://pbs.twimg.com/profile_images/2001266107307716608/uR5QrmOd_normal.png,,,,_ya_karim_,False
0.6117775744009881,June 2022,We back bold entrepreneurs building the next internet.  Posts are not investment advice or an advertisement for investment services. See  a16z.com/disclosures,We back bold entrepreneurs building the next internet.  Posts are not investment advice or an advertisement for investment services. See  a16z.com/disclosures,a16z crypto,a16z crypto,,511.0,3,,0,,0.0,,https://pbs.twimg.com/profile_images/2001266107307716608/uR5QrmOd_normal.png,7127.0,0.3882224255990119,,a16zcrypto,False
,December 2025,,,Abdullah_AL lime,,0.0,13.0,2,,1,1.0,,,https://pbs.twimg.com/profile_images/2001266107307716608/uR5QrmOd_normal.png,0.0,,,a2bdullah_,False
,June 2014,LIVE AND LET LIVE,,××‘×™×‘ AVIV ğŸ‡®ğŸ‡±,,3028.0,7496.0,2,×™×©×¨××œ,1,1.0,,,https://pbs.twimg.com/profile_images/2001266107307716608/uR5QrmOd_normal.png,,,,a8484aviv,False
,December 2019,Ù†Ù…Ø§ÛŒÙ†Ø¯Ù‡ Ø¯ÙˆØ±Ù‡ Ø¯Ù‡Ù… Ùˆ ÛŒØ§Ø²Ø¯Ù‡Ù… Ù…Ø±Ø¯Ù… ØªØ¨Ø±ÛŒØ²ØŒ Ø§Ø³Ú©Ùˆ Ùˆ Ø¢Ø°Ø±Ø´Ù‡Ø± Ø¯Ø± Ù…Ø¬Ù„Ø³ Ø´ÙˆØ±Ø§ÛŒ Ø§Ø³Ù„Ø§Ù…ÛŒ|Ø§Ø³ØªØ§Ù†Ø¯Ø§Ø± Ø§Ø³Ø¨Ù‚ Ø¢Ø°Ø±Ø¨Ø§ÛŒØ¬Ø§Ù† Ø´Ø±Ù‚ÛŒ t.me/ahmadalirezabe â€¦,,Ø§Ø­Ù…Ø¯ Ø¹Ù„ÛŒØ±Ø¶Ø§Ø¨ÛŒÚ¯ÛŒ,,3823.0,30.0,2,Islamic Republic of Iran,1,1.0,,,https://pbs.twimg.com/profile_images/2001266107307716608/uR5QrmOd_normal.png,427.0,,,a_alirezabeigi,False
0.6004788777820379,March 2020,"To Achieve Victory, One Must Plan","To Achieve Victory, One Must Plan",A Nazari,A study,21.0,276.0,3,Islamic Republic of Iran,1,,1.0,,https://pbs.twimg.com/profile_images/2001266107307716608/uR5QrmOd_normal.png,1.0,0.3995211222179621,,a_nazari99,False
,May 2024,Ø§Ù„Ù„ÙÙ‘Ù‡ÙÙ…ÙÙ‘ Ù„ÙØ§ ØªÙØ¯ÙØ¹ Ù„ÙŠ Ø£Ù…Ù’Ø±Ø§Ù‹ Ø¥ÙÙ„ÙÙ‘Ø§ ÙŠÙØ³ÙÙ‘Ø±ÙØªÙ’Ù‡Ù ÙˆÙÙ„ÙØ§ Ø­ÙÙ„Ù’Ù…Ø§Ù‹ Ø¥ÙÙ„ÙÙ‘Ø§ Ø­ÙÙ‚ÙÙ‘Ù‚ÙØªÙÙ‡Ù,,Ø­Ù€Ù€Ø²Ø§Ù…Ù€,,389.0,943.0,2,ID52159146623,1,1.0,,,https://pbs.twimg.com/profile_images/2001266107307716608/uR5QrmOd_normal.png,,,,a_s_v_t_r,False
0.5930870226362558,October 2016,Welcome to the Jungle! (here mostly in farsi),Welcome to the Jungle! (here mostly in farsi),Arash Sarkohi,Arash Sarkohi,2995.0,702.0,3,,1,,0.0,,https://pbs.twimg.com/profile_images/2001266107307716608/uR5QrmOd_normal.png,1854.0,0.4069129773637442,,a_sarkohi,False
,May 2023,Ø®Ø¨Ø±Ù†Ú¯Ø§Ø±,,Ø¹Ø§Ø±ÙÙ‡ Ø³Ù„ÛŒÙ…Ø§Ù†ÛŒ,,14.0,93.0,2,,1,1.0,,,https://pbs.twimg.com/profile_images/2001266107307716608/uR5QrmOd_normal.png,27.0,,,a_soleimani_f,False
0.5186744213569471,October 2024,innovationtechinvest.com the best platform where you can be making steady income from bitcoin       build your own empire so that you will grow,innovationtechinvest.com the best platform where you can be making steady income from bitcoin       build your own empire so that you will grow,dominika janik,dominika janik,700.0,7498.0,3,Poland,1,,0.0,,https://pbs.twimg.com/profile_images/2001266107307716608/uR5QrmOd_normal.png,553.0,0.4813255786430529,,aaction414,False
,May 2014,AAIHS was founded to foster dialogue about #Black thought & culture. We publish the blog  @BlkPerspectives  (President:  @robgreeneII ):  bit.ly/2iEQ4uU,,AAIHS,,36100.0,108.0,2,,0,0.0,,,https://pbs.twimg.com/profile_images/2001266107307716608/uR5QrmOd_normal.png,6145.0,,,aaihs,False
0.5599234236052376,July 2025,"Add $10,000+ to your average client value using our AI Pricing Recommendations and Market Benchmarks.  Generate flawless PDF Quotes that actually CONVERT.","Add $10,000+ to your average client value using our AI Pricing Recommendations and Market Benchmarks.  Generate flawless PDF Quotes that actually CONVERT.",Aarav Tyagi,Aarav Tyagi,0.0,17.0,3,"London, United Kingdom",0,,1.0,,https://pbs.twimg.com/profile_images/2001266107307716608/uR5QrmOd_normal.png,0.0,0.4400765763947624,,aaravtyagi_x,False
,February 2012,Vice-President of Executive Board of Intâ€™l Music Council | Music Producer | Musician,,Ardavan Jafarian,,161.0,123.0,2,Neverland,1,1.0,,,https://pbs.twimg.com/profile_images/2001266107307716608/uR5QrmOd_normal.png,377.0,,,aardavann,False
0.6026224816801868,June 2025,"As a financial analyst & representative at Stratos Finance Ltd, I believe the right connections build strong finances. If we become friends, itâ€™s not just frien","As a financial analyst & representative at Stratos Finance Ltd, I believe the right connections build strong finances. If we become friends, itâ€™s not just frien",Aarna Patel ğŸ¦‹,Aarna Patel ğŸ¦‹,465.0,7165.0,3,Jakarta Indonesia,1,,0.0,,https://pbs.twimg.com/profile_images/2001266107307716608/uR5QrmOd_normal.png,35.0,0.3973775183198131,,aarnapatel68,False
,April 2008,"We're the flagship magazine of the ABA, covering the trends, people and finances of the legal profession from Wall Street to Main Street to Pennsylvania Avenue.",,ABA Journal,,,1364.0,2,ABAJournal.com,0,0.0,,,https://pbs.twimg.com/profile_images/2001266107307716608/uR5QrmOd_normal.png,6157.0,,,abajournal,False
,August 2010,Journalist; Senior research fellow at the Center for Middle East Strategic Studies (CMESS). DMs open | Persian account (ØµÙØ­Ù‡ ÙØ§Ø±Ø³ÛŒ):  @AbasInfo,,Abas Aslani,,,2482.0,2,Tehran,1,1.0,,,https://pbs.twimg.com/profile_images/2001266107307716608/uR5QrmOd_normal.png,6158.0,,,abasaslani,False
,July 2016,Ø¹Ø¨Ø§Ø³ Ø§ØµÙ„Ø§Ù†ÛŒ | ØµÙØ­Ù‡ ÙØ§Ø±Ø³ÛŒ |Ø®Ø¨Ø±Ù†Ú¯Ø§Ø± Ùˆ Ù¾Ú˜ÙˆÙ‡Ø´Ú¯Ø± Ø¯Ø± Ø­ÙˆØ²Ù‡ Ø³ÛŒØ§Ø³Øª Ø®Ø§Ø±Ø¬ÛŒ Ùˆ Ø¨ÛŒÙ†â€ŒØ§Ù„Ù…Ù„Ù„   | ØµÙØ­Ù‡ Ø§Ù†Ú¯Ù„ÛŒØ³ÛŒ (English account):  @AbasAslani,,Abas Aslani | Ø¹Ø¨Ø§Ø³ Ø§ØµÙ„Ø§Ù†ÛŒ,,1213.0,505.0,2,ØªÙ‡Ø±Ø§Ù†,1,1.0,,,https://pbs.twimg.com/profile_images/2001266107307716608/uR5QrmOd_normal.png,2528.0,,,abasinfo,False
,October 2008,"New York's #1 news, Channel 7 Eyewitness News. WABC-TV. Comments & photos shared here or using #abc7NY could be used on any ABC platforms.",,Eyewitness News,,725200.0,725.0,2,New York City,0,0.0,,,https://pbs.twimg.com/profile_images/2001266107307716608/uR5QrmOd_normal.png,,,,abc7ny,False
0.5060636029657328,January 2012,"The official X for #SharkTank. New episodes return Wednesday, January 7 on ABC and Stream on Hulu!","The official X for #SharkTank. New episodes return Wednesday, January 7 on ABC and Stream on Hulu!",Shark Tank,Shark Tank,,301.0,3,The Shark Tank,0,,0.0,,https://pbs.twimg.com/profile_images/2001266107307716608/uR5QrmOd_normal.png,6158.0,0.4939363970342671,,abcsharktank,False
,November 2025,,,Abdelmonim Elgak,,0.0,15.0,2,,2,2.0,,,https://pbs.twimg.com/profile_images/2001266107307716608/uR5QrmOd_normal.png,1.0,,,abdelmonim68330,False
0.5834113508044024,September 2020,Ù…Ù†Ø´Ù‚ Ù…Ù† Ù…Ù†Ø¸Ù…Ø© Ø¨Ø¯Ø± ÙˆØµØ§Ø­Ø¨ Ù‚Ù†Ø§Ø© Ø¹Ù„Ù‰ Ø§Ù„ÙŠÙˆØªÙŠÙˆØ¨ ( Ù‚Ù†Ø§Ø© Ø§Ù„Ø£Ø³ÙŠØ± Ø§Ù„Ø¹Ø±Ø§Ù‚ÙŠ )  youtube.com/channel/UCbIAj â€¦,A defector from the Badr Organization and owner of a YouTube channel (The Iraqi Prisoner Channel) youtube.com/channel/UCbIAjâ€¦,Ø¹Ø¨Ø¯Ø§Ù„Ø±Ø²Ø§Ù‚ Ø§Ù„Ø­ÙŠØ§Ù„ÙŠ,Abdul Razzaq Al Hayali,,2406.0,3,,1,,1.0,,https://pbs.twimg.com/profile_images/2001266107307716608/uR5QrmOd_normal.png,1793.0,0.4165886491955975,,abdelra07745930,False
0.518526750436421,May 2020,"Official English Account of  Pres. of Darululoom Zahedan, Iran;  Friday Imam of Sunnis in Zahedan; Member of the Supreme Council of the MWL.","Official English Account of  Pres. of Darululoom Zahedan, Iran;  Friday Imam of Sunnis in Zahedan; Member of the Supreme Council of the MWL.",Mawlana Abdol-Hamid,Mawlana Abdul-Hamid,4410.0,2.0,3,"Zahedan, Iran",1,,1.0,,https://pbs.twimg.com/profile_images/2001266107307716608/uR5QrmOd_normal.png,922.0,0.4814732495635789,,abdolhamid_net,False
,June 2014,"Writer,Director,Producer //  agiff.arkgate.ca",,Abdolreza Kahani,,20700.0,299.0,2,,1,1.0,,,https://pbs.twimg.com/profile_images/2001266107307716608/uR5QrmOd_normal.png,247.0,,,abdolrezakahani,False
0.5460324475458792,January 2012,Secretary General of the Komala Party of Iranian Kurdistan,Secretary General of the Komala Party of Iranian Kurdistan,Abdullah Mohtadi,Abdullah Mohtadi,,430.0,3,,1,,1.0,,https://pbs.twimg.com/profile_images/2001266107307716608/uR5QrmOd_normal.png,647.0,0.4539675524541208,,abdullahmohtadi,False
,June 2025,ÙŠÙ…Ù†ÙŠ ÙŠØ¨Ø­Ø« Ø¹Ù† ÙˆØ·Ù†.!,,Ù…Ø­Ù…Ø¯ Ø§Ù„Ù…Ø¹Ù…Ø±ÙŠ,,6.0,118.0,2,Ø§Ù„ÙŠÙ…Ù†,1,1.0,,,https://pbs.twimg.com/profile_images/2001266107307716608/uR5QrmOd_normal.png,253.0,,,abdulsalamdoct,False
,May 2019,Earnestly striving to achieve the honour of becoming one of the sincere slaves of Sayeda Fatima al-Zahraa (as).,,Ø¹Ø¨Ø¯Ø§Ù„Ø²Ù‡Ø±Ø§Ø¡ Ø¹Ø¨Ø¯Ø§Ù„Ø­Ø³ÙŠÙ†,,2430.0,366.0,2,Ø¬Ù†Ø© Ø§Ù„Ø®Ø¯Ø§Ù… Ø¨ÙŠÙ† Ø§Ù„Ø­Ø±Ù…ÙŠÙ†,2,2.0,,,https://pbs.twimg.com/profile_images/2001266107307716608/uR5QrmOd_normal.png,5896.0,,,abdulzahraa_,False
,September 2025,,,Zain Al-Ameri,,17.0,552.0,2,,2,2.0,,,https://pbs.twimg.com/profile_images/2001266107307716608/uR5QrmOd_normal.png,10.0,,,abdynal18132,False
,July 2017,"Assistant Professor in Islamic Philosophy & History, Leiden University| Series Editor, Islamic Thought & History| Editor in Chief, Taá¸¥qÄ«q Journal, Brill.",,Ahab Bdaiwi ××™×”××‘Ö¼ ÜÜÜ—ÜÜ’,,33500.0,937.0,2,Leiden/London,1,1.0,,,https://pbs.twimg.com/profile_images/2001266107307716608/uR5QrmOd_normal.png,4281.0,,https://x.com/abhistoria,abhistoria,False
,September 2022,SFF Author on Submission | Agent  @BookFairyAngus  | Doctor Husband and Dance Dad | Jiu Jitsu | Retired Gamer | Dark Academia WIP,,A.B. Koga,,643.0,633.0,2,Scottsdale,1,1.0,,,https://pbs.twimg.com/profile_images/2001266107307716608/uR5QrmOd_normal.png,1953.0,,,abkoga,False
,March 2015,Red de Liderazgo y Desarrollo Profesional para abogadas en MÃ©xico.,,Abogadas MX,,4618.0,839.0,2,Mexico,0,0.0,,,https://pbs.twimg.com/profile_images/2001266107307716608/uR5QrmOd_normal.png,3107.0,,,abogadasmx,False
,March 2025,Nasdaq: ABTC | Building America's Bitcoin infrastructure backbone,,American Bitcoin,,49600.0,6.0,2,USA,0,0.0,,,https://pbs.twimg.com/profile_images/2001266107307716608/uR5QrmOd_normal.png,374.0,,,abtc,False
0.5150706570487548,September 2016,Ø§Ù„ØµÙØ­Ø© Ø§Ù„Ø±Ø³Ù…ÙŠØ© Ù„Ø±Ø¦ÙŠØ³ Ø­Ø²Ø¨ Ø§Ù‚ØªØ¯Ø§Ø± ÙˆØ·Ù† Ø§Ù„Ø³ÙŠØ§Ø³ÙŠ Ø§Ù„Ø¹Ø±Ø§Ù‚ÙŠ The president of the Iraqi political party Eqtadar Watan  t.me/abttaniq,The official page of the President of the Iraqi political party Eqtadar Watan t.me/abttaniq,Ø¹Ø¨Ø¯ Ø§Ù„Ø­Ø³ÙŠÙ† Ø¹Ø¨Ø·Ø§Ù†,Abdul Hussein Abtan,,2970.0,3,Iraq,1,,0.0,,https://pbs.twimg.com/profile_images/2001266107307716608/uR5QrmOd_normal.png,2673.0,0.4849293429512452,,abttaniq,False
,August 2023,Ø§Ù„Ù…Ø³Ø¤ÙˆÙ„ Ø§Ù„Ø£Ù…Ù†ÙŠ Ù„ÙƒØªØ§Ø¦Ø¨ Ø­Ø²Ø¨ Ø§Ù„Ù„Ù‡ ÙÙŠ Ø§Ù„Ø¹Ø±Ø§Ù‚,,Ø§Ø¨Ùˆ Ø¹Ù„ÙŠ Ø§Ù„Ø¹Ø³ÙƒØ±ÙŠ,,2697.0,0.0,2,Iraq,1,1.0,,,https://pbs.twimg.com/profile_images/2001266107307716608/uR5QrmOd_normal.png,4.0,,,abu_al_askary,False
,September 2025,,,Ø¹Ø¨Ø¯Ø§Ù„Ù„Ù‡ Ø§Ù„Ø®Ø§Ù„Ø¯ÙŠ,,0.0,16.0,2,,1,1.0,,,https://pbs.twimg.com/profile_images/2001266107307716608/uR5QrmOd_normal.png,4.0,,,abu_aqeel86,False
0.5545222334035932,July 2024,"Historian of sports and intercommunality in the late Ottoman Empire | Associate Professor  @SkidmoreCollege   | ""The Ottoman World of Sports""  @UTexasPress","Historian of sports and intercommunality in the late Ottoman Empire | Associate Professor  @SkidmoreCollege   | ""The Ottoman World of Sports""  @UTexasPress",Murat C. YÄ±ldÄ±z Ù…Ø±Ø§Ø¯ Ø¬Ù‡Ø§Ù† ÙŠÙŠÙ„Ø¯ÙŠØ²,Murat C. YÄ±ldÄ±z,234.0,2781.0,3,"Niskayuna, NY",1,,1.0,,https://pbs.twimg.com/profile_images/2001266107307716608/uR5QrmOd_normal.png,31.0,0.4454777665964068,,abusamiyildiz,False
,September 2025,,,Ø³Ø¬Ø§Ø¯ Ø§Ø¨Ùˆ Ù…Ù‡Ø¯ÙŠ,,0.0,70.0,2,,1,1.0,,,https://pbs.twimg.com/profile_images/2001266107307716608/uR5QrmOd_normal.png,0.0,,,abwmhdy75844,False
0.558021774230367,January 2012,"KPBS metro reporter. Creator/host of Freeway Exit, a podcast about freeways.  @WeMakeKPBS  steward. Gaily homosexual.  I no longer post here, follow me on Bluesky","KPBS metro reporter. Creator/host of Freeway Exit, a podcast about freeways.  @WeMakeKPBS  steward. Gaily homosexual.  I no longer post here, follow me on Bluesky",Andrew Bowen (he/him),Andrew Bowen (he/him),7134.0,2760.0,3,"San Diego, CA",1,,0.0,,https://pbs.twimg.com/profile_images/2001266107307716608/uR5QrmOd_normal.png,,0.4419782257696329,,acbowen,False
0.5682888124557635,January 2025,"â€¦and then, as the tale goes, there was a Question. The Oldest Question in the Universe: Who are you when there is No Grey Area?","â€¦and then, as the tale goes, there was a Question. The Oldest Question in the Universe: Who are you when there is No Grey Area?",The Doctor,The Doctor,176.0,592.0,3,United States,1,,0.0,,https://pbs.twimg.com/profile_images/2001266107307716608/uR5QrmOd_normal.png,2790.0,0.4317111875442365,,acovertcovfefe,False
0.6004788777820379,March 2024,Empowering civil society to create change after atrocity.   Email us: preventingac@thedutylegacy.org.uk,Empowering civil society to create change after atrocity.   Email us: preventingac@thedutylegacy.org.uk,The Alliance for the Prevention of Atrocity Crimes,The Alliance for the Prevention of Atrocity Crimes,296.0,462.0,3,"England, United Kingdom",0,,1.0,,https://pbs.twimg.com/profile_images/2001266107307716608/uR5QrmOd_normal.png,546.0,0.3995211222179621,,acpreventiontdl,False
,February 2021,,,acrvir,,0.0,42.0,2,,2,2.0,,,https://pbs.twimg.com/profile_images/2001266107307716608/uR5QrmOd_normal.png,1.0,,,acrvir,False
0.5770537669001132,July 2012,The most successful Czech club.  Follow  @ACSparta_CZ  for tweets in Czech.,The most successful Czech club.  Follow  @ACSparta_CZ  for tweets in Czech.,AC Sparta Prague,AC Sparta Prague,,193.0,3,Prague,0,,1.0,,https://pbs.twimg.com/profile_images/2001266107307716608/uR5QrmOd_normal.png,9926.0,0.4229462330998867,,acsparta_en,False
0.569091516719463,November 2021,"The Worldâ€™s Largest Online Actors Event Presented by  @actingandvoice   May 20-22, 2022  150+ Speakers  Celebrities  100% Online Tickets","The Worldâ€™s Largest Online Actors Event Presented by  @actingandvoice   May 20-22, 2022  150+ Speakers  Celebrities  100% Online Tickets",Actors Summit,Actors Summit,1129.0,1018.0,3,,0,,0.0,,https://pbs.twimg.com/profile_images/2001266107307716608/uR5QrmOd_normal.png,54.0,0.430908483280537,,actorssum,False
0.6019122269899048,July 2013,"A nonprofit, cost-free software developer academy for women and gender expansive folks, changing the face of tech.","A nonprofit, cost-free software developer academy for women and gender expansive folks, changing the face of tech.",Ada Dev Academy,Ada Dev Academy,6402.0,744.0,3,"Seattle, Washington",0,,1.0,,https://pbs.twimg.com/profile_images/2001266107307716608/uR5QrmOd_normal.png,5503.0,0.3980877730100952,,adaacademy,False
0.5746629596987808,September 2022,"Medievalist, legal historian, French historian  @Penn . Author of Vernacular Law: The Reinvention of Customary Law in Medieval France (Cambridge, 2023)","Medievalist, legal historian, French historian  @Penn . Author of Vernacular Law: The Reinvention of Customary Law in Medieval France (Cambridge, 2023)",Ada Kuskowski,There's Kuskowski,362.0,480.0,3,,1,,1.0,,https://pbs.twimg.com/profile_images/2001266107307716608/uR5QrmOd_normal.png,303.0,0.4253370403012192,,adakuskowski,False
0.5158967926568617,September 2011,Celtics writer for The Boston Globe.    adam.himmelsbach@globe.com,Celtics writer for The Boston Globe.    adam.himmelsbach@globe.com,Adam Himmelsbach,Adam Himmelsbach,,612.0,3,Boston,1,,0.0,,https://pbs.twimg.com/profile_images/2001266107307716608/uR5QrmOd_normal.png,5022.0,0.4841032073431383,,adamhimmelsbach,False
,February 2014,"Welcome to the Amsterdam Law School!  We draw students worldwide, bringing a truly international atmosphere.  bsky.app/profile/uvalaw â€¦",,Amsterdam Law School,,4154.0,2252.0,2,Amsterdam,0,0.0,,,https://pbs.twimg.com/profile_images/2001266107307716608/uR5QrmOd_normal.png,4661.0,,,adamlawschool,False
0.5910884910592499,April 2010,"life is rough and we must fight to make it better, make it happy and live in harmony","life is rough and we must fight to make it better, make it happy and live in harmony",AdÃ¡n Galindo Vaca,Adam Galindo Vaca,153.0,1215.0,3,"La Huacana, MichoacÃ¡n, MÃ©xico",1,,0.0,,https://pbs.twimg.com/profile_images/2001266107307716608/uR5QrmOd_normal.png,969.0,0.4089115089407501,,adan_galindo,False
,May 2025,Okay but... Iâ€™m kinda close to stunning?  Come say hi in DMs.,,LilyPerry,,510.0,3722.0,2,where the vibes are,1,1.0,,,https://pbs.twimg.com/profile_images/2001266107307716608/uR5QrmOd_normal.png,1567.0,,,addyperry20,False
0.5233671353649157,November 2019,We are the charity ADHD UK. Helping everyone with ADHD thrive. Find us at:  adhduk.co.uk. Charity Commission registration number 1188365.,We are the charity ADHD UK. Helping everyone with ADHD thrive. Find us at:  adhduk.co.uk. Charity Commission registration number 1188365.,ADHD UK,ADHD UK,,22.0,3,"London, UK",0,,0.0,,https://pbs.twimg.com/profile_images/2001266107307716608/uR5QrmOd_normal.png,2113.0,0.4766328646350842,,adhdukcharity,False
0.5232043739552715,November 2015,"Host of the ""Tell the Truth"" Program","Host of the ""Tell the Truth"" Program",Ø¹Ø¯Ù†Ø§Ù† Ø§Ù„Ø·Ø§Ø¦ÙŠ,Adnan Al-Taie,,469.0,3,"Istanbul, Turkey",1,,0.0,,https://pbs.twimg.com/profile_images/2001266107307716608/uR5QrmOd_normal.png,7109.0,0.4767956260447284,,adnanaltia,False
,September 2013,"Evangelion, Utena, Sailor Moon... c'est NoÃ«l avant l'heure",,Animation Digital Network,,385900.0,676.0,2,Paris,0,0.0,,,https://pbs.twimg.com/profile_images/2001266107307716608/uR5QrmOd_normal.png,1315.0,,,adnanime,False
,May 2024,,,Ø¢Ø¯Ø±ÛŒÙ†,,14.0,539.0,2,,1,1.0,,,https://pbs.twimg.com/profile_images/2001266107307716608/uR5QrmOd_normal.png,0.0,,,adryn848,False
0.5219706501406338,May 2019,Get the most out of your mobile & CTV advertising with competitive programmatic auctions and comprehensive reporting. Built by  @Timehop,Get the most out of your mobile & CTV advertising with competitive programmatic auctions and comprehensive reporting. Built by  @Timehop,Nimbus,Cloud,65.0,69.0,3,"New York, USA",0,,0.0,,https://pbs.twimg.com/profile_images/2001266107307716608/uR5QrmOd_normal.png,46.0,0.4780293498593662,,adsbynimbus,False
0.5733655117595999,June 2012,Adana Demirspor KulÃ¼bÃ¼ Resmi X HesabÄ± / Official X Account Of Adana Demirspor Club,Adana Demirspor Club Official X Account / Official X Account Of Adana Demirspor Club,Adana Demirspor,Adana Demirspor,,10.0,3,Adana / TÃœRKÄ°YE,0,,1.0,,https://pbs.twimg.com/profile_images/2001266107307716608/uR5QrmOd_normal.png,1315.0,0.4266344882404,,adskulubu,False
,June 2025,"Helping women control and maximize their wealth  Senior Advisor at Barronâ€™s Top 25 Firm  CFPÂ®, Masters in Taxation  CFA Level III Candidate",,"Rebecca Iacopelli, CFPÂ®, MT",,10.0,27.0,2,"Philadelphia, PA",1,1.0,,,https://pbs.twimg.com/profile_images/2001266107307716608/uR5QrmOd_normal.png,56.0,,,advisorbecki,False
0.595202317873228,June 2018,Î¤Î¿ ÎµÏ€Î¯ÏƒÎ·Î¼Î¿ Twitter account Ï„Î¿Ï… Î‘Î˜Î›Î—Î¤Î™ÎšÎŸÎ¥ Î£Î©ÎœÎ‘Î¤Î•Î™ÎŸÎ¥ Î‘Î•Îš - The Official Twitter account of AEK Athletic Club,The Official Twitter account of AEK Athletic Club - The Official Twitter account of AEK Athletic Club,AEK Athletic Club,AEK Athletic Club,4357.0,27.0,3,Î•Î»Î»Î¬Ï‚,0,,0.0,,https://pbs.twimg.com/profile_images/2001266107307716608/uR5QrmOd_normal.png,,0.404797682126772,,aek_official,False
,November 2025,"Greetings! I'm Serdar. I'm the founder of this small shop, born from the question: 'Why shouldn't everyone have easy access to striking art pieces?",,Aes Digitally Art Prints,,29.0,333.0,2,Turkey,0,0.0,,,https://pbs.twimg.com/profile_images/2001266107307716608/uR5QrmOd_normal.png,32.0,,,aesdigitallyart,False
0.5946513239924626,August 2014,|27| just going through life,|27| just going through life,AF_Ghost,AF_Ghost,,1851.0,3,"Los Angeles, CA",1,,1.0,,https://pbs.twimg.com/profile_images/2001266107307716608/uR5QrmOd_normal.png,3955.0,0.4053486760075374,,af_ghost,False
0.5228300589637778,July 2009,Pour une RÃ©publique libre et laÃ¯que en Iran. Membre de la commission des affaires Ã©trangÃ¨res du Conseil national de la RÃ©sistance iranienne (CNRI) - Linkedin,For a free and secular Republic in Iran. Member of the Foreign Affairs Committee of the National Council of Resistance of Iran (NCRI) - Linkedin,Afchine Alavi,Afchine Alavi,,3018.0,3,France,1,,1.0,,https://pbs.twimg.com/profile_images/2001266107307716608/uR5QrmOd_normal.png,1315.0,0.4771699410362222,,afchine_alavi,False
0.5075708857373511,April 2023,"*In love with the soil, not the politics. Iran is all of us â€” every culture, every voice.","*In love with the soil, not the politics. Iran is all of us â€” every culture, every voice.",ğŸ‡®ğŸ‡·âœ§ØµØ¯Ø§ÛŒ Ø³Ú©ÙˆØªâœ§ğŸ‡®ğŸ‡·ğŸ‡ªğŸ‡­ğŸ‡µğŸ‡°ğŸ‡¦ğŸ‡«,ğŸ‡®ğŸ‡·âœ§ØµØ¯Ø§ÛŒ Ø³Ú©ÙˆØªâœ§ğŸ‡®ğŸ‡·ğŸ‡ªğŸ‡­ğŸ‡µğŸ‡°ğŸ‡¦ğŸ‡«,626.0,5652.0,3,"Tebriz, Ø§ÛŒØ±Ø§Ù†",0,,0.0,,https://pbs.twimg.com/profile_images/2001266107307716608/uR5QrmOd_normal.png,367.0,0.4924291142626489,,afghan271,False
,June 2020,The first official organization for Afghan #LGBTQ+ people based in Czech Republic,,Afghan LGBT Organization (ALO),,1190.0,401.0,2,ÄŒeskÃ¡ republika & Afghanistan,0,0.0,,,https://pbs.twimg.com/profile_images/2001266107307716608/uR5QrmOd_normal.png,216.0,,,afghanlgbt,False
0.5396199038525236,January 2015,"Established to spearhead the eradication of FGM and enhance the empowerment of girls and women through the implementation of the Prohibition of FGM Act, 2011.","Established to spearhead the eradication of FGM and enhance the empowerment of girls and women through the implementation of the Prohibition of FGM Act, 2011.",Anti-FGM Board Kenya,Anti-FGM Board Kenya,,1799.0,3,Nairobi-Kenya,0,,0.0,,https://pbs.twimg.com/profile_images/2001266107307716608/uR5QrmOd_normal.png,3544.0,0.4603800961474764,,afgmboard,False
,August 2021,Ø§ÙˆÙ„ÛŒÙ† Ø´Ø¨Ú©Ù‡ Ø®Ø¨Ø±ÛŒ Ø¨ÛŒÙ†â€ŒØ§Ù„Ù…Ù„Ù„ÛŒ Û²Û´ Ø³Ø§Ø¹ØªÙ‡ Ø§ÙØºØ§Ù†Ø³ØªØ§Ù† The First 24/7 International News Channel for Afghanistan,,Afghanistan International - Ø§ÙØºØ§Ù†Ø³ØªØ§Ù† Ø§ÛŒÙ†ØªØ±Ù†Ø´Ù†Ø§Ù„,,19600.0,8.0,2,"UK, London",0,0.0,,,https://pbs.twimg.com/profile_images/2001266107307716608/uR5QrmOd_normal.png,8.0,,,afintl_,False
,August 2020,Ø¢Ø²Ø§Ø¯ÛŒ,,Ø³Ø¹ÛŒØ¯ Ø§ÙÚ©Ø§Ø±ÛŒ,,68900.0,78.0,2,,1,1.0,,,https://pbs.twimg.com/profile_images/2001266107307716608/uR5QrmOd_normal.png,1273.0,,,afkari_saeed,False
,July 2014,Donâ€™t just pay later. #PayBetter Afterpay it in 4.,,Afterpay,,5939.0,521.0,2,Australia,0,0.0,,,https://pbs.twimg.com/profile_images/2001266107307716608/uR5QrmOd_normal.png,964.0,,,afterpay_au,False
,September 2023,,,ã‚ãŒã‘ã‚‹ã‹,,100.0,3464.0,2,,1,1.0,,,https://pbs.twimg.com/profile_images/2001266107307716608/uR5QrmOd_normal.png,0.0,,,agakeruka71284,False
0.5943510416247725,February 2025,"a week-long celebration of Agatha All Along fan works taking place 18-25th of May  organised by  @fixyfics  &  @derpswan , art by  @evgar_","a week-long celebration of Agatha All Along fan works taking place 18-25th of May  organised by  @fixyfics  &  @derpswan , art by  @evgar_",Agatha All Along Week,Agatha All Along Week,2931.0,5.0,3,,0,,1.0,,https://pbs.twimg.com/profile_images/2001266107307716608/uR5QrmOd_normal.png,1548.0,0.4056489583752275,,agathaallweek,False
,August 2009,"TÃ©moigner, dÃ©crypter, faire rÃªver, inventer : depuis plus de 30 ans, CAPA raconte le monde... avec un pas de cÃ´tÃ©. #CAPApresse #CAPAdrama  @CAPAcorporate",,CAPA,,7920.0,612.0,2,"Paris, France",0,0.0,,,https://pbs.twimg.com/profile_images/2001266107307716608/uR5QrmOd_normal.png,5264.0,,,agencecapa,False
0.5552262688910014,June 2014,By  @rickwebb . Published by  @palgraveUSA .,By  @rickwebb . Published by  @palgraveUSA .,Agency The Book,Agency The Book,104.0,23.0,3,,0,,1.0,,https://pbs.twimg.com/profile_images/2001266107307716608/uR5QrmOd_normal.png,92.0,0.4447737311089986,,agencythebook,False
0.5139200218620438,December 2025,"Art, skin and attitude   Each image tells a story...  Do you dare to see it completely?","Art, skin and attitude   Each image tells a story...  Do you dare to see it completely?",Aghata,Misunderstanding,0.0,13.0,3,,1,,1.0,,https://pbs.twimg.com/profile_images/2001266107307716608/uR5QrmOd_normal.png,13.0,0.4860799781379562,,aghatac8,False
,July 2011,"Secretary General, Amnesty International. Ex UN Special Rapporteur and Columbia Univ. Tweets on human rights. Views my own.  @agnescallamard .bsky.socia",,Agnes Callamard,,,2694.0,2,London,1,1.0,,,https://pbs.twimg.com/profile_images/2001266107307716608/uR5QrmOd_normal.png,1307.0,,,agnescallamard,False
,November 2009,,,Armand Golpaygani,,197.0,471.0,2,"Paris, France",1,1.0,,,https://pbs.twimg.com/profile_images/2001266107307716608/uR5QrmOd_normal.png,162.0,,,agolp,False
0.5990267959003288,March 2010,"Â¡FanÃ¡ticos a morir de EL MÃS GRANDE y mÃ¡s ganador  de MÃ©xico, el  @ClubAmerica  ! Nuestro amor es MONUMENTAL  Telegram:  t.me/aguilasmonumen â€¦","Fans to die for THE BIGGEST and most winning in Mexico, the @ClubAmerica! Our love is MONUMENTAL Telegram: t.me/aguilasmonumen â€¦",Ãguilas Monumental,Monumental Eagles,,148.0,3,MÃ©xico,0,,1.0,,https://pbs.twimg.com/profile_images/2001266107307716608/uR5QrmOd_normal.png,1311.0,0.4009732040996712,,aguilasmonu,False
0.5442125284998722,May 2011,The Actors Department at AHA Talent.,The Actors Department at AHA Talent.,AHA Actors,AHA Actors,7853.0,639.0,3,London,0,,1.0,,https://pbs.twimg.com/profile_images/2001266107307716608/uR5QrmOd_normal.png,3922.0,0.4557874715001277,,ahaactors,False
,September 2009,The American Historical Association is the largest professional organization serving historians in all fields and all professions.  historians.org/join,,American Historical Association,,56300.0,2335.0,2,"Washington, D.C.",0,0.0,,,https://pbs.twimg.com/profile_images/2001266107307716608/uR5QrmOd_normal.png,1311.0,,,ahahistorians,False
,December 2015,Fatima's Husband. Girl Dad. Son of Immigrants. Dearborn Mayor. Epidemiologist. Policy Nerd. #GoBlue. Personal Account. World Views.,,Abdullah H. Hammoud,,,1197.0,2,"Dearborn, MI",1,1.0,,,https://pbs.twimg.com/profile_images/2001266107307716608/uR5QrmOd_normal.png,4731.0,,,ahammoudmi,False
,September 2022,artist,,ahllam,,6758.0,2.0,2,,1,1.0,,,https://pbs.twimg.com/profile_images/2001266107307716608/uR5QrmOd_normal.png,45.0,,,ahllam_music,False
,July 2020,-Ø£Ø´Ù‡ÙØ¯Ù Ø£Ù†Ù Ø¹Ù„ÙŠØ§Ù‹ ÙˆÙÙ„ÙŠÙ Ø§Ù„Ù„Ù‡ . -Ù†ÙØ°ÙØ±Øª Ù„Ø®ÙØ¯Ù…ÙØ© Ø­Ø³ÙŠÙ† Ø¹Ù…Ø±ÙŠ . -Ø§Ù„Ø³ÙÙ„Ø§Ù…Ù Ø¹Ù„Ù‰ Ø¢Ù„Ù Ø¨ÙÙŠØªÙ Ø±ÙØ³ÙˆÙ„Ù Ø§Ù„Ù„Ù‡ . -Ø§Ù„Ø³ÙÙ„Ø§Ù…Ù Ø¹ÙÙ„ÙŠÙƒÙ ÙŠØ§ Ø£Ø¨Ø§ Ø¹Ø¨Ø¯ÙØ§Ù„Ù„Ù‡ Ø§Ù„Ø­ÙØ³ÙÙŠÙ†.,,Ø®Ø§Ø¯Ù…Ø© Ø§Ù„Ø­ÙØ³ÙŠÙ†ğŸ’šâš‘,,15800.0,276.0,2,Ø­ÙÙŠØ«Ù Ø§Ù„Ø­ÙØ³ÙÙŠÙ† ÙˆÙ Ø§Ù„Ø¹ÙØ¨ÙØ§Ø³,2,2.0,,,https://pbs.twimg.com/profile_images/2001266107307716608/uR5QrmOd_normal.png,1318.0,,,ahlulbayt28,False
0.5966716549085017,November 2010,"Ø£Ø­ÙŠÙˆØ§ Ø£Ù…Ø±Ù†Ø§ Ø±Ø­Ù… Ø§Ù„Ù„Ù‡ Ù…Ù† Ø£Ø­ÙŠØ§ Ø£Ù…Ø±Ù†Ø§""Ø§Ù„ØªØ¹Ù„ÙŠÙ‚Ø§Øª Ø§Ù„Ù…Ù†Ø´ÙˆØ±Ø© Ù„Ø§ ØªØ¹Ø¨Ø± Ø¹Ù† Ø±Ø£ÙŠ ØµÙØ­ØªÙ†Ø§ ØªØ§Ø¨Ø¹ÙˆÙ†Ø§ Ø¹Ù„Ù‰ Ù…Ù†ØµØ© X  @imam_ali_says  @ahlulbayt_says","Revive our matter, may God have mercy on those who revive our matter.â€ The published comments do not express the opinion of our page. Follow us on the X platform @imam_ali_says @ahlulbayt_says",Ø£Ù‡Ù€Ù„Ù Ø§Ù„Ø¨Ù€ÙŠØª,Ahl al-Bayt,,13.0,3,Kuwait,0,,1.0,,https://pbs.twimg.com/profile_images/2001266107307716608/uR5QrmOd_normal.png,1315.0,0.4033283450914983,,ahlulbayt_says,False
0.6007351773041574,September 2009,â€¢ Worldâ€™s Premier Islamic English TV Network â€¢ The Holy Household for Every Household,â€¢ Worldâ€™s Premier Islamic English TV Network â€¢ The Holy Household for Every Household,Ahlulbayt TV,Ahlulbayt TV,,160.0,3,"London, UK",0,,0.0,,https://pbs.twimg.com/profile_images/2001266107307716608/uR5QrmOd_normal.png,1318.0,0.3992648226958426,,ahlulbayttv,False
,January 2023,,,ahmad,,40.0,706.0,2,,1,1.0,,,https://pbs.twimg.com/profile_images/2001266107307716608/uR5QrmOd_normal.png,8.0,,,ahmad76905530,False
,June 2024,,,ahmadreza emz,,8.0,4.0,2,,1,1.0,,,https://pbs.twimg.com/profile_images/2001266107307716608/uR5QrmOd_normal.png,58.0,,,ahmadrezae88890,False
,February 2020,"Senior Journalist  @IranInternational  TV  iranintl.com/en  @IranIntl_En  interested in EU, Germany, international&Iran affaires, Iaea, Iran nuclear",,Ahmad Samadi,,5188.0,973.0,2,,1,1.0,,,https://pbs.twimg.com/profile_images/2001266107307716608/uR5QrmOd_normal.png,1979.0,,,ahmadsamadi1974,False
0.5966716549085017,September 2014,Ø§Ù„Ù„Ù‡Ù… Ø§Ù†ÙŠ Ø§ØªÙˆØ¬Ù‡ Ø§Ù„ÙŠÙƒ Ø¨Ù†Ø¨ÙŠÙƒ Ù†Ø¨ÙŠ Ø§Ù„Ø±Ø­Ù…Ù‡ ÙˆØ§Ù‡Ù„ Ø¨ÙŠØªÙ‡. Ø§Ù„Ø°ÙŠÙ† Ø§Ø®ØªØ±ØªÙ‡Ù… Ø¹Ù„Ù‰ Ø¹Ù„Ù… Ø¹Ù„Ù‰ Ø§Ù„Ø¹Ø§Ù„Ù…ÙŠÙ† Ø§Ù„Ù„Ù‡Ù… Ù„ÙŠÙ† Ù„ÙŠ ØµØ¹ÙˆØ¨ØªÙ‡Ø§ ÙˆØ­Ø²ÙˆÙ†ØªÙ‡Ø§ ÙˆØ§ÙƒÙÙ†ÙŠ Ø´Ø±Ù‡Ø§ÙØ¥Ù†Ùƒ Ø§Ù„ÙƒØ§ÙÙŠ Ø§Ù„Ù…Ø¹Ø§ÙÙŠ ÙˆØ§Ù„ØºØ§Ù„Ø¨ Ø§Ù„Ù‚Ø§Ù‡Ø±,"Oh God, I turn to you through your Prophet, the Prophet of Mercy, and his family. Those whom I have chosen with greater knowledge than the worlds, O God, ease my difficulty and sorrow and protect me from its evil, for You are the Sufficient, the Healing, the Conqueror, the Conqueror.",ØºØ±ÙŠØ¨ Ø·ÙˆØ³,Ghareeb Tous,,27.0,3,,0,,1.0,,https://pbs.twimg.com/profile_images/2001266107307716608/uR5QrmOd_normal.png,1304.0,0.4033283450914983,,ahmedalharbi0_,False
0.5251577936310631,January 2020,"Ø§Ù„Ù†Ø§Ø¦Ø¨ Ø§Ù„Ø«Ø§Ù†ÙŠ Ù„Ø­Ø§ÙƒÙ… Ø¯Ø¨ÙŠØŒ Ø±Ø¦ÙŠØ³ Ù…Ø¬Ù„Ø³ Ø¯Ø¨ÙŠ Ù„Ù„Ø¥Ø¹Ù„Ø§Ù…   Second Deputy Ruler of Dubai, Chairman of the Dubai Media Council","Second Deputy Ruler of Dubai, Chairman of the Dubai Media Council",Ahmed bin Mohammed,Ahmed bin Mohammed,,22.0,3,,1,,1.0,,https://pbs.twimg.com/profile_images/2001266107307716608/uR5QrmOd_normal.png,654.0,0.4748422063689369,,ahmedmohammed,False
0.5323130761797898,August 2019,Scout ÙƒØ´Ø§Ù Ø§Ù„Ù„Ø§Ø¹Ø¨ÙŠÙ†  Ø§Ø¹Ù„Ø§Ù…ÙŠ Ø±ÙŠØ§Ø¶ÙŠ sports analyst To advertise products Garipadam2015@outlook.com My youtube channel,Scout Player scout Sports journalist Sports analyst To advertise products Garipadam2015@outlook.com My youtube channel,ahmedstv _Ø§Ø­Ù…Ø¯ Ø³Ø¨ÙˆØ±Øª ØªÙŠÙÙŠ,ahmedstv _Ahmed Sport TV,385.0,41.0,3,Iraq,1,,0.0,,https://pbs.twimg.com/profile_images/2001266107307716608/uR5QrmOd_normal.png,102.0,0.4676869238202101,,ahmedstv1,False
0.6004788777820379,March 2012,"Prof. Dr., UluslararasÄ± Ä°liÅŸkiler, Strateji, Ekonomik - Siyasi Risk Analizi; YK Ãœyesi/MB  @EdamOrg ; RT not endors.; fav  to self","Prof. Dr., UluslararasÄ± Ä°liÅŸkiler, Strateji, Ekonomik - Siyasi Risk Analizi; Board Member/MB @EdamOrg ; RT not endors.; fav to self",Ahmet KasÄ±m Han,Ahmet Kasim Khan,1.0,2390.0,3,"Istanbul, TR",1,,1.0,,https://pbs.twimg.com/profile_images/2001266107307716608/uR5QrmOd_normal.png,1307.0,0.3995211222179621,,ahmet_k_han,False
,September 2024,Ù„ÙŠØ³ ÙˆØ·Ù†ÙŠ Ø¯Ø§Ø¦Ù…Ø§ Ø¹Ù„Ù‰ Ø­Ù‚ ÙˆÙ„ÙƒÙ†ÙŠ Ù„Ø§ Ø§Ø³ØªØ·ÙŠØ¹ Ø§Ù† Ø§Ù…Ø§Ø±Ø³ Ø­Ù‚Ø§Ù‹ Ø­Ù‚ÙŠÙ‚ÙŠØ§Ù‹ Ø§Ù„Ø§ ÙÙŠ ÙˆØ·Ù†ÙŠ,,Ø¹Ø±Ø¨Ø³ØªØ§Ù†,,26.0,130.0,2,,1,1.0,,,https://pbs.twimg.com/profile_images/2001266107307716608/uR5QrmOd_normal.png,210.0,,,ahwaz1925__,False
,April 2012,Ù…Ø¯ÙŠØ± Ø§Ù„Ù…Ø±ÙƒØ² Ø§Ù„Ø£Ø­ÙˆØ§Ø²ÙŠ Ù„Ù„Ø¥Ø¹Ù„Ø§Ù… ÙˆØ§Ù„Ø¯Ø±Ø§Ø³Ø§Øª Ø§Ù„Ø¥Ø³ØªØ±Ø§ØªÙŠØ¬ÙŠØ©/ Ø¨Ø§Ø­Ø« Ø¨Ø§Ù„Ø´Ø§Ù† Ø§Ù„Ø§ÙŠØ±Ø§Ù†ÙŠØŒ Ù…Ø¹Ø¯ ÙˆÙ…Ù‚Ø¯Ù… Ø¨Ø±Ù†Ø§Ù…Ø¬ #Ø§ÙŠØ±Ø§Ù†_Ø²ÙˆÙˆÙ… Ø¹Ù„Ù‰ Ù‚Ù†Ø§Ø© @Ø³Ø¹ÙˆØ¯ÙŠ24.. #Ø§Ù„Ø£Ø­ÙˆØ§Ø² ÙˆØ·Ù†ÙŠ,,Ø­Ø³Ù† Ø±Ø§Ø¶ÙŠ Ø§Ù„Ø£Ø­ÙˆØ§Ø²ÙŠ,,5884.0,415.0,2,,1,1.0,,,https://pbs.twimg.com/profile_images/2001266107307716608/uR5QrmOd_normal.png,8467.0,,,ahwazmedia,False
0.5430846074686795,May 2023,Dive into AI with daily insights!  Trending AI news  IT-Specialist at  @desy  Join our tribe!  DM for collab,Dive into AI with daily insights!  Trending AI news  IT-Specialist at  @desy  Join our tribe!  DM for collab,Patrick's AIBuzzNews,Patrick's AIBuzzNews,,582.0,3,,0,,1.0,,https://pbs.twimg.com/profile_images/2001266107307716608/uR5QrmOd_normal.png,1348.0,0.4569153925313205,,aibuzznews,False
,June 2023,Group of passionate Iranian Australians committed to shedding light on the glaring violations of fundamental human rights perpetrated by the Islamic Republic.,,AICA - Australian Iranian Community Alliance,,80.0,67.0,2,Australia,0,0.0,,,https://pbs.twimg.com/profile_images/2001266107307716608/uR5QrmOd_normal.png,272.0,,,aicalliance_,False
0.5135273979297243,October 2022,Never understood anyone but then against all odds it's hard to understand me.,Never understood anyone but then against all odds it's hard to understand me.,Jason Miller,Jason Miller,32.0,182.0,3,"West Union, IA",1,,0.0,,https://pbs.twimg.com/profile_images/2001266107307716608/uR5QrmOd_normal.png,36.0,0.4864726020702756,,ain4or,False
,November 2021,Stay Up-To-Date About Crypto Airdrops With Airdrop Comet  Contact:  t.me/AirdropCometAd â€¦,,Airdrop Comet | DeFi,,,3.0,2,DeFi,0,0.0,,,https://pbs.twimg.com/profile_images/2001266107307716608/uR5QrmOd_normal.png,126.0,,,airdropcomet,False
0.6004788777820379,December 2015,Empowering modern businesses to grow beyond borders,Empowering modern businesses to grow beyond borders,Airwallex,Airwallex,9375.0,516.0,3,"Melbourne, Victoria",0,,1.0,,https://pbs.twimg.com/profile_images/2001266107307716608/uR5QrmOd_normal.png,1755.0,0.3995211222179621,,airwallex,False
0.5151161140293141,February 2013,"AIS Channel is the leading online platform for surgical training, sharing, and discussion.","AIS Channel is the leading online platform for surgical training, sharing, and discussion.",AIS Channel,AIS Channel,,16.0,3,,0,,1.0,,https://pbs.twimg.com/profile_images/2001266107307716608/uR5QrmOd_normal.png,1349.0,0.4848838859706859,,aischannel,False
,March 2025,,,Abbass Aisha,,59.0,703.0,2,,1,1.0,,,https://pbs.twimg.com/profile_images/2001266107307716608/uR5QrmOd_normal.png,0.0,,,aishaabbas20560,False
,March 2025,Account auditor,,Maryam shahab,,117.0,1380.0,2,"New York, USA",1,1.0,,,https://pbs.twimg.com/profile_images/2001266107307716608/uR5QrmOd_normal.png,0.0,,,aishaabbass3176,False
,April 2025,"When you are there, all doors open.",,A_K70,,55.0,394.0,2,Ú©Ø±Ù…Ø§Ù†Ø´Ø§Ù‡,1,1.0,,,https://pbs.twimg.com/profile_images/2001266107307716608/uR5QrmOd_normal.png,1300.0,,,aiyankarimi3312,False
,April 2007,Ø§Ù„Ø¬Ø²ÙŠØ±Ø©.. Ø§Ù„Ø±Ø£ÙŠ ÙˆØ§Ù„Ø±Ø£ÙŠ Ø§Ù„Ø¢Ø®Ø±.. ØªØ§Ø¨Ø¹ Ø£Ø®Ø¨Ø§Ø±Ù†Ø§ Ø§Ù„Ø¹Ø§Ø¬Ù„Ø© Ø¹Ù„Ù‰  @AJABreaking,,Ù‚Ù†Ø§Ø© Ø§Ù„Ø¬Ø²ÙŠØ±Ø©,,22300000.0,26.0,2,Qatar,0,0.0,,,https://pbs.twimg.com/profile_images/2001266107307716608/uR5QrmOd_normal.png,1349.0,,,ajarabic,False
0.5273384531111066,June 2009,I believe in the presence of a truth behind all appearances and illusions without which these will not even appear to exist .,I believe in the presence of a truth behind all appearances and illusions without which these will not even appear to exist .,daniel mabsout,daniel mabsout,430.0,497.0,3,Lebanon,1,,0.0,,https://pbs.twimg.com/profile_images/2001266107307716608/uR5QrmOd_normal.png,1350.0,0.4726615468888934,,ajatashatru,False
,December 2011,@issues  //  @badwolves  // FEWDFWM //,,big boy synthetique,,42300.0,1286.0,2,"Pasadena, CA",1,1.0,,,https://pbs.twimg.com/profile_images/2001266107307716608/uR5QrmOd_normal.png,1350.0,,,ajbends,False
0.6139414635610038,December 2008,"Breaking news from around the world. Follow  @AJEnglish  for analysis, videos and more. Join us on Telegram for real-time updates:  t.me/AJENews_Offici â€¦","Breaking news from around the world. Follow  @AJEnglish  for analysis, videos and more. Join us on Telegram for real-time updates:  t.me/AJENews_Offici â€¦",Al Jazeera Breaking News,Al Jazeera Breaking News,,166.0,3,"Doha, Qatar",0,,0.0,,https://pbs.twimg.com/profile_images/2001266107307716608/uR5QrmOd_normal.png,1353.0,0.3860585364389962,,ajenews,False
,February 2023,,,Allbritton Journalism Institute,,1029.0,20.0,2,,0,0.0,,,https://pbs.twimg.com/profile_images/2001266107307716608/uR5QrmOd_normal.png,26.0,,,aji_fellowships,False
0.5139108591696272,November 2011,Ø§Ù„ØµÙØ­Ø© Ø§Ù„Ø±Ø³Ù…ÙŠØ© Ù„Ù†Ø§Ø¯ÙŠ Ø¹Ø¬Ù…Ø§Ù† Ø§Ù„Ø«Ù‚Ø§ÙÙŠ Ø§Ù„Ø±ÙŠØ§Ø¶ÙŠ- Ajman club official account |  @ajmanclub_en  - Instagram: ajmanclub,The official page of Ajman Cultural and Sports Club - Ajman club official account |  @ajmanclub_en  - Instagram: ajmanclub,Ù†Ø§Ø¯ÙŠ Ø¹Ø¬Ù…Ø§Ù†,Ajman Club,,24.0,3,United Arab Emirates - Ajman,0,,0.0,,https://pbs.twimg.com/profile_images/2001266107307716608/uR5QrmOd_normal.png,1356.0,0.4860891408303728,,ajmanclub,False
0.5354886037988655,December 2017,Official English account of ajman club,Official English account of ajman club,Ajman club - En,Ajman club - In,1274.0,3.0,3,"Ajman, United Arab Emirates",0,,1.0,,https://pbs.twimg.com/profile_images/2001266107307716608/uR5QrmOd_normal.png,1992.0,0.4645113962011344,,ajmanclub_en,False
0.5243881579300467,September 2024,Follow for exclusive news + reports from Alex Jones & others. Support:  TheAlexJonesStore.com &  fightforalex.com   @alexjonesstore,Follow for exclusive news + reports from Alex Jones & others. Support:  TheAlexJonesStore.com &  fightforalex.com   @alexjonesstore,Alex Jones Network,Alex Jones Network,,118.0,3,,0,,1.0,,https://pbs.twimg.com/profile_images/2001266107307716608/uR5QrmOd_normal.png,1348.0,0.4756118420699533,,ajnlive,False
0.505676610517151,March 2009,"Lucky dad of 2. Lesser-half of  @rls2882 . Buy the ticket, take the ride.","Lucky dad of 2. Lesser-half of  @rls2882 . Buy the ticket, take the ride.",Alex Josephson,Alex Josephson,,2812.0,3,NJ / NYC,1,,1.0,,https://pbs.twimg.com/profile_images/2001266107307716608/uR5QrmOd_normal.png,8239.0,0.494323389482849,,ajos,False
,February 2010,"AJ+ is a unique digital news and storytelling project promoting human rights and equality, holding power to account, and amplifying the voices of the powerless.",,AJ+,,1200000.0,,2,"Washington, DC",0,0.0,,,https://pbs.twimg.com/profile_images/2001266107307716608/uR5QrmOd_normal.png,1357.0,,,ajplus,False
,January 2011,"Haber, analiz, gÃ¶rÃ¼ÅŸ yazÄ±larÄ±, belgeseller. Son dakika haberler ve canlÄ± anlatÄ±m adresi:  @AJTCanli . Ä°letiÅŸim iÃ§in:  @AlJazeeraTurk .",,Al Jazeera TÃ¼rk,,724600.0,7.0,2,"Istanbul, TÃ¼rkiye",0,0.0,,,https://pbs.twimg.com/profile_images/2001266107307716608/uR5QrmOd_normal.png,1357.0,,,ajturk,False
0.5521324248741633,July 2011,Senior Diplomatic Correspondent  @HuffPost . Writing a book on the Biden administration & Gaza  @WWNorton . He/him.   akbar.ahmed@huffpost.com or akbar.58 on Signal,Senior Diplomatic Correspondent  @HuffPost . Writing a book on the Biden administration & Gaza  @WWNorton . He/him.   akbar.ahmed@huffpost.com or akbar.58 on Signal,Akbar Shahid Ahmed,Akbar Shahid Ahmed,,3880.0,3,"D.C., via Karachi & New Haven.",1,,0.0,,https://pbs.twimg.com/profile_images/2001266107307716608/uR5QrmOd_normal.png,1361.0,0.4478675751258367,,akbarsahmed,False
0.5337727485127985,July 2017,. (Ø®Ø¨Ø±ÙÙˆØ±ÛŒ) Official account of KhabarFoori . Telegram Channel:  t.me/akhbarefori,. Official account of KhabarFoori. Telegram Channel: t.me/akhbarefori,Ø®Ø¨Ø±ÙÙˆØ±ÛŒ,breaking news,,34.0,3,iran,0,,1.0,,https://pbs.twimg.com/profile_images/2001266107307716608/uR5QrmOd_normal.png,1378.0,0.4662272514872014,,akhbare_fori,False
,October 2016,"eu minto muito bastante   (â â—•â á´—â â—•â âœ¿â ) mutual pra mim Ã© irmÃ£    ele/dele  filho do silÃªncio, da doenÃ§a e da cura",,ğŸ‘¹ AKUMA ğŸ‘¹,,5372.0,4139.0,2,"Salvador, Brasil",1,1.0,,,https://pbs.twimg.com/profile_images/2001266107307716608/uR5QrmOd_normal.png,1386.0,,,akumafeelings,False
0.5424144084248057,June 2013,Iranian Anonymous  #OpIran  We do not need donation Ø§Ú¯Ø± Ø§Ú©Ø§Ù†ØªÛŒ Ù…ÙˆØ±Ø¯ ØªØ§ÛŒÛŒØ¯ Ø¨Ø§Ø´Ø¯ ÛŒØ§ Ù‡Ù…Ú©Ø§Ø± Ø¨Ø§Ø´ÛŒÙ… ØŒ ÙØ§Ù„Ùˆ Ù…ÛŒØ´ÙˆØ¯,"Iranian Anonymous #OpIran We do not need donation, if the account is approved or if we are colleagues, it will be followed",AL3,AL3,,25.0,3,,0,,1.0,,https://pbs.twimg.com/profile_images/2001266107307716608/uR5QrmOd_normal.png,247.0,0.4575855915751943,,al3_hacker,False
,November 2012,Ø¯ / Ø§Ù„Ø¹Ù…Ù„Ø§Ù‚ ..,,Ø¯/Ø§Ù„Ø¹Ù…Ù„Ø§Ù‚,,111400.0,167.0,2,,1,1.0,,,https://pbs.twimg.com/profile_images/2001266107307716608/uR5QrmOd_normal.png,1386.0,,,al3mlaa81,False
,March 2020,ÙˆÙƒÙŠÙ„ Ù¾Ø§ÛŒÙ‡ ÛŒÚ© Ø¯Ø§Ø¯Ú¯Ø³ØªØ±ÛŒ ØŒÙ…Ø¯Ø±Ø³ Ø¯Ø§Ù†Ø´Ú¯Ø§Ù‡ Ùˆ Ø¹Ø¶Ùˆ Ú©Ø§Ù†ÙˆÙ† ÙˆÚ©Ù„Ø§ÛŒ Ù…Ø±Ú©Ø²,,Ø¹Ù„ÛŒ Ø´Ø±ÛŒÙ Ø²Ø§Ø¯Ù‡ Ø§Ø±Ø¯Ú©Ø§Ù†ÛŒ,,4540.0,367.0,2,Tehran,1,1.0,,,https://pbs.twimg.com/profile_images/2001266107307716608/uR5QrmOd_normal.png,847.0,,,al_sharifzadeh,False
0.594111755832295,October 2017,"Hello, I'm still here. All that's left of yesterday!","Hello, I'm still here. All that's left of yesterday!",Ø§Ù„Ø§â€Œ ØªÙ‰â€ŒØªÙ‰,Until then,2447.0,546.0,3,Ù‡Ù…Ù‡â€ŒØ¬Ø§,1,,1.0,,https://pbs.twimg.com/profile_images/2001266107307716608/uR5QrmOd_normal.png,1400.0,0.4058882441677049,,ala_ti_ti,False
0.6055322634629661,July 2011,Ø§Ù„Ø­Ø³Ø§Ø¨ Ø§Ù„Ø±Ø³Ù…ÙŠ Ù„Ù†Ø§Ø¯ÙŠ Ø§Ù„Ø¹ÙŠÙ† Ù„ÙƒØ±Ø© Ø§Ù„Ù‚Ø¯Ù…,The official account of Al Ain Football Club,Ù†Ø§Ø¯ÙŠ Ø§Ù„Ø¹ÙŠÙ†,Al Ain Club,,19.0,3,"Al Ain, U.A.E",0,,1.0,,https://pbs.twimg.com/profile_images/2001266107307716608/uR5QrmOd_normal.png,1347.0,0.3944677365370339,,alainfcae,False
0.5454800325337869,October 2010,"Always passionate about discovering new things in the field of software engineering, photography, human-computer interactions and other related goodies...","Always passionate about discovering new things in the field of software engineering, photography, human-computer interactions and other related goodies...",Pourya,Pooria,2705.0,1428.0,3,"Tehran, Iran",1,,1.0,,https://pbs.twimg.com/profile_images/2001266107307716608/uR5QrmOd_normal.png,1347.0,0.4545199674662131,,alaki_,False
0.5445628404580931,March 2009,"State & Fed criminal defense trial attorney, Radio & TV legal analyst. KTLA, People, CBS, NBC, BBC Persia, Guardian, Hollywood Reporter, New York Post","State & Fed criminal defense trial attorney, Radio & TV legal analyst. KTLA, People, CBS, NBC, BBC Persia, Guardian, Hollywood Reporter, New York Post","Alaleh Kamran, Esq.","Alaleh Kamran, Esq.",1435.0,1323.0,3,Los Angeles,0,,0.0,,https://pbs.twimg.com/profile_images/2001266107307716608/uR5QrmOd_normal.png,5636.0,0.4554371595419069,,alalehkamranlaw,False
0.5996447350737426,November 2009,"Take a wild guess if you think this shit is the views of my employer... ""Hard, massive and very funny...""","Take a wild guess if you think this shit is the views of my employer... ""Hard, massive and very funny...""",Alan Perrie ğŸ¦,Alan Perrie ğŸ¦,340.0,5662.0,3,"Birmingham, UK",1,,1.0,,https://pbs.twimg.com/profile_images/2001266107307716608/uR5QrmOd_normal.png,1347.0,0.4003552649262574,,alan_pez_perrie,False
,January 2025,,,alanciwan ciwan,,33.0,2281.0,2,,1,1.0,,,https://pbs.twimg.com/profile_images/2001266107307716608/uR5QrmOd_normal.png,1.0,,,alanciwanc41267,False
,March 2009,"Alan Wake 2 out now on the Epic Games Store, PS5, and Xbox Series X|S. By  @remedygames , presented by  @EpicPublishing . Alan Wake Remastered available now.",,Alan Wake 2,,85000.0,16.0,2,Bright Falls,0,0.0,,,https://pbs.twimg.com/profile_images/2001266107307716608/uR5QrmOd_normal.png,1465.0,,,alanwake,False
0.5539926707780679,February 2009,The Arab worldâ€™s leading source of global news and opinion.,The Arab worldâ€™s leading source of global news and opinion.,Al Arabiya English,Al Arabiya English,,53.0,3,Riyadh,0,,0.0,,https://pbs.twimg.com/profile_images/2001266107307716608/uR5QrmOd_normal.png,1356.0,0.4460073292219321,,alarabiya_eng,False
0.5966716549085017,April 2014,Ø§Ù„ØªÙ„ÙØ²ÙŠÙˆÙ† Ø§Ù„Ø¹Ø±Ø¨ÙŠ.. Ø§Ù„ØµÙˆØ±Ø© Ø§Ù„Ø£ÙˆØ¶Ø­ ØªØ§Ø¨Ø¹ÙˆØ§ ØªØºØ·ÙŠØªÙ†Ø§ Ù„Ù„Ø£Ø®Ø¨Ø§Ø± Ø§Ù„Ø¹Ø§Ø¬Ù„Ø© Ø¹Ù„Ù‰ Ù…Ø¯Ø§Ø± Ø§Ù„Ø³Ø§Ø¹Ø©  @Alarabytv_BRK,Arab TV...the clearest picture. Follow our coverage of breaking news around the clock @Alarabytv_BRK,Ø§Ù„ØªÙ„ÙØ²ÙŠÙˆÙ† Ø§Ù„Ø¹Ø±Ø¨ÙŠ,Arab TV,,11.0,3,"Lusail, Qatar",0,,1.0,,https://pbs.twimg.com/profile_images/2001266107307716608/uR5QrmOd_normal.png,1356.0,0.4033283450914983,,alarabytv,False
0.5966716549085017,March 2011,Ø§Ù„Ø­Ø³Ø§Ø¨ Ø§Ù„Ø±Ø³Ù…ÙŠ Ù„Ù…Ø¬Ù…ÙˆØ¹Ø© Ø§Ù„Ø¨Ù†Ùƒ Ø§Ù„Ø¯ÙˆÙ„ÙŠ. Ø±Ø¤ÙŠØªÙ†Ø§ Ù‡ÙŠ Ø®Ù„Ù‚ Ø¹Ø§Ù„Ù… Ø®Ø§Ù„ Ù…Ù† Ø§Ù„ÙÙ‚Ø± Ø¹Ù„Ù‰ ÙƒÙˆÙƒØ¨ ØµØ§Ù„Ø­ Ù„Ù„Ø¹ÙŠØ´. Ù„Ù„Ø§Ø´ØªØ±Ø§Ùƒ   wrld.bg/uSI950Lziwe,The official account of the World Bank Group. Our vision is to create a world free of poverty on a livable planet. To subscribe wrld.bg/uSI950Lziwe,Ù…Ø¬Ù…ÙˆØ¹Ø© Ø§Ù„Ø¨Ù†Ùƒ Ø§Ù„Ø¯ÙˆÙ„ÙŠ,World Bank Group,,313.0,3,,0,,1.0,,https://pbs.twimg.com/profile_images/2001266107307716608/uR5QrmOd_normal.png,1356.0,0.4033283450914983,,albankaldawli,False
0.5959290392835545,October 2024,I have always loved everything about you. Even what i didn't understand. - Albert Camus,I have always loved everything about you. Even what i didn't understand. - Albert Camus,Albert camus,Albert camus,252.0,6861.0,3,,1,,1.0,,https://pbs.twimg.com/profile_images/2001266107307716608/uR5QrmOd_normal.png,315.0,0.4040709607164455,,albertcamus7700,False
0.5225338865535006,October 2020,Exploring the nature of reality @  YouTube.com/jessemichels &  open.spotify.com/show/1WqA0m5xT â€¦,Exploring the nature of reality @  YouTube.com/jessemichels &  open.spotify.com/show/1WqA0m5xT â€¦,Jesse Michels,Jesse Michels,,667.0,3,"Austin, TX",1,,1.0,,https://pbs.twimg.com/profile_images/2001266107307716608/uR5QrmOd_normal.png,2839.0,0.4774661134464993,,alchemyamerican,False
,April 2007,Typing types. Associate Professor at the University of Lisbon.,,Alcides Fonseca,,1893.0,2921.0,2,"Lisbon, Portugal",1,1.0,,,https://pbs.twimg.com/profile_images/2001266107307716608/uR5QrmOd_normal.png,2203.0,,,alcides,False
,August 2012,"Official account of the Ninja A-League  Catch live game coverage, as well as news, ticketing and so much more here.",,Ninja A-League,,28600.0,2092.0,2,Australia,0,0.0,,,https://pbs.twimg.com/profile_images/2001266107307716608/uR5QrmOd_normal.png,1356.0,,,aleaguewomen,False
0.5262747950447556,May 2012,the other other man that Cameron Poe trusts --- MMA person  @MMAFighting  --- Centennial College Sports Journalism alum ---,the other other man that Cameron Poe trusts --- MMA person  @MMAFighting  --- Centennial College Sports Journalism alum ---,Alexander K Lee,Alexander K Lee,5696.0,613.0,3,,1,,0.0,,https://pbs.twimg.com/profile_images/2001266107307716608/uR5QrmOd_normal.png,1376.0,0.4737252049552444,,alexanderklee,False
0.5396611315071422,June 2023,"He/him. Twin  Woke is an informal adjective that means being aware of and attentive to important issues, especially social and racial injustice.","He/him. Twin  Woke is an informal adjective that means being aware of and attentive to important issues, especially social and racial injustice.",Alexander McPhail,Alexander McPhail,552.0,1816.0,3,,1,,1.0,,https://pbs.twimg.com/profile_images/2001266107307716608/uR5QrmOd_normal.png,1376.0,0.4603388684928577,,alexanderm18395,False
,March 2008,Entrepreneur,,alexerventure,,446.0,6254.0,2,,1,1.0,,,https://pbs.twimg.com/profile_images/2001266107307716608/uR5QrmOd_normal.png,932.0,,,alexerventure,False
,April 2020,"Cartoonist, comic book artist. Much love to the classical comics. Contact me for commissions.",,Alexey Gorboot,,,242.0,2,,1,1.0,,,https://pbs.twimg.com/profile_images/2001266107307716608/uR5QrmOd_normal.png,2237.0,,,alexeygorboot,False
0.5821846478729408,June 2009,Music Video Director/Producer.  alexferra.com  facebook.com/alexferra  youtube.com/alexferraprodu â€¦,Music Video Director/Producer.  alexferra.com  facebook.com/alexferra  youtube.com/alexferraprodu â€¦,Alex Ferra,Alex Ferra,555.0,78.0,3,Los Angeles,1,,1.0,,https://pbs.twimg.com/profile_images/2001266107307716608/uR5QrmOd_normal.png,462.0,0.4178153521270592,,alexferra,False
0.5333422912462671,May 2012,"Against the darkness, against the force. Independent football writer - the Guardian, The Blizzard etc.; chief editor  @Telesport_hr","Against the darkness, against the force. Independent football writer - the Guardian, The Blizzard etc.; chief editor  @Telesport_hr",Aleksandar Holiga,Aleksandar Holiga,7784.0,492.0,3,"Zagreb, Croatia",1,,0.0,,https://pbs.twimg.com/profile_images/2001266107307716608/uR5QrmOd_normal.png,1376.0,0.4666577087537329,,alexholiga,False
0.5940229425445984,March 2022,"PhD Candidate, Public Health - SBS | @UFPHHP ,  @UFCAM , &  @HPRScholars | Passionate about #ArtsinPublicHealth | No longer on X, find me elsewhere on link below!","PhD Candidate, Public Health - SBS | @UFPHHP ,  @UFCAM , &  @HPRScholars | Passionate about #ArtsinPublicHealth | No longer on X, find me elsewhere on link below!","Alex Rodriguez, MPH","Alex Rodriguez, MPH",1359.0,1692.0,3,"Gainesville, FL",1,,1.0,,https://pbs.twimg.com/profile_images/2001266107307716608/uR5QrmOd_normal.png,914.0,0.4059770574554016,,alexkrodriguez,False
0.5188084391100516,November 2010,on here less frequently |  @defectormedia  | Normal Gossip co-creator/producer | writer ( @harpersbazaarus  @poynter  @catapultstory  +) | she/her,on here less frequently |  @defectormedia  | Normal Gossip co-creator/producer | writer ( @harpersbazaarus  @poynter  @catapultstory  +) | she/her,alex sujong laughlin,alex sujong laughlin,,2325.0,3,,1,,1.0,,https://pbs.twimg.com/profile_images/2001266107307716608/uR5QrmOd_normal.png,200.0,0.4811915608899484,,alexlaughs,False
,January 2009,"**BREAKING THE LAW** OUT NOW! 'The Alex Marlow Show,'  @BreitbartNews  EIC, 3x-NYT bestseller. â€œAlex knows it all.â€ -President Trump",,Alex Marlow,,70000.0,271.0,2,"Chappaquiddick, MA",1,1.0,,,https://pbs.twimg.com/profile_images/2001266107307716608/uR5QrmOd_normal.png,7396.0,,,alexmarlow,False
,January 2010,"Humoriste belge...(c'est dÃ©jÃ  drÃ´le comme locution, je crois) Sur scÃ¨ne surtout, sur  @RTLFrance  et  @telematin  parfois, ailleurs occasionnellement.",,Alex Vizorek,,108000.0,2657.0,2,,1,1.0,,,https://pbs.twimg.com/profile_images/2001266107307716608/uR5QrmOd_normal.png,1381.0,,,alexvizorek,False
,December 2025,I AM ...,,Magol Alfirin,,1.0,30.0,2,,1,1.0,,,https://pbs.twimg.com/profile_images/2001266107307716608/uR5QrmOd_normal.png,0.0,,,alfirinmag52045,False
0.5039797656888311,June 2014,Ø§Ù„ØµÙØ­Ø© Ø§Ù„Ø±Ø³Ù…ÙŠØ© Ù„Ù‚Ù†Ø§Ø© Ø§Ù„ØºØ¯ÙŠØ± Ø¹Ù„Ù‰ Ù…Ù†ØµØ© Ø§ÙƒØ³ ( ØªÙˆÙŠØªØ± Ø³Ø§Ø¨Ù‚Ø§ )... ØªØµÙ„Ùƒ Ø§Ù„Ø§Ø®Ø¨Ø§Ø± Ø§ÙˆÙ„Ø§ Ø¨Ø§ÙˆÙ„ Ø±Ø§Ø¨Ø· Ø§Ù„Ù‚Ù†Ø§Ø© Ø¹Ù„Ù‰ Ø§Ù„ØªÙ„ÙŠÙƒØ±Ø§Ù… :  t.me/alghadeertv,The official page of Al-Ghadeer Channel on the X platform (formerly Twitter)... You will receive the latest news. Channel link on Telegram: t.me/alghadeertv,Ù‚Ù†Ø§Ø© Ø§Ù„ØºØ¯ÙŠØ±,Al-Ghadeer Channel,,24.0,3,Ø§Ù„Ø¹Ø±Ø§Ù‚,0,,0.0,,https://pbs.twimg.com/profile_images/2001266107307716608/uR5QrmOd_normal.png,1381.0,0.4960202343111689,,alghadeer_tv,False
0.5102565473187035,December 2011,"Ø£Ù‡Ù„Ø§ Ø¨ÙƒÙ… Ø¹Ù„Ù‰ Ù‚Ù†Ø§Ø© ""Ø§Ù„ØºØ¯"" ÙÙŠ Ø¥ÙƒØ³.  Ø§Ù„ØªØ±Ø¯Ø¯: Ù†Ø§ÙŠÙ„ Ø³Ø§Øª HD 11900 - V 27500",Welcome to Al-Ghad channel in X.  Frequency: Nilesat HD 11900 - V 27500,Ù‚Ù†Ø§Ø© Ø§Ù„ØºØ¯,Al-Ghad Channel,,1.0,3,Egypt Ù…ØµØ±,0,,0.0,,https://pbs.twimg.com/profile_images/2001266107307716608/uR5QrmOd_normal.png,1381.0,0.4897434526812965,,alghadtv,False
0.5196162164878139,May 2024,"""Proud Nigerian Technologist  | GIS Expert @ MAU | I love humanity  | Elon Musk is my hero & motive  | Building the future with innovation & heart""","""Proud Nigerian Technologist  | GIS Expert @ MAU | I love humanity  | Elon Musk is my hero & motive  | Building the future with innovation & heart""",Alhassan Hussaini,Alhassan Hussaini,37.0,604.0,3,,1,,1.0,,https://pbs.twimg.com/profile_images/2001266107307716608/uR5QrmOd_normal.png,158.0,0.4803837835121861,,alhassanhu41917,False
0.5638075718180605,October 2009,The official English account of #Alhilal Saudi Club - Arabic account :  @Alhilal_FC  - Sports Games account :  @Alhilal_SG,The official English account of #Alhilal Saudi Club - Arabic account :  @Alhilal_FC  - Sports Games account :  @Alhilal_SG,AlHilal Saudi Club,AlHilal Saudi Club,,82.0,3,Kingdom of Saudi Arabia,0,,0.0,,https://pbs.twimg.com/profile_images/2001266107307716608/uR5QrmOd_normal.png,1384.0,0.4361924281819395,,alhilal_en,False
,April 2009,Ø§Ù„Ø­Ø³Ø§Ø¨ Ø§Ù„Ø±Ø³Ù…ÙŠ Ù„Ù†Ø§Ø¯ÙŠ Ø§Ù„Ù‡Ù„Ø§Ù„ Ø§Ù„Ø³Ø¹ÙˆØ¯ÙŠ | English account  @Alhilal_EN  | Ø£Ù„Ø¹Ø§Ø¨ Ø§Ù„Ù‡Ù„Ø§Ù„ Ø§Ù„Ù…Ø®ØªÙ„ÙØ©  @Alhilal_SG  | Ø§Ù„ÙØ¦Ø§Øª Ø§Ù„Ø³Ù†ÙŠØ©  @Alhilal_YT,,Ù†Ø§Ø¯ÙŠ Ø§Ù„Ù‡Ù„Ø§Ù„ Ø§Ù„Ø³Ø¹ÙˆØ¯ÙŠ,,,79.0,2,Ø§Ù„Ù…Ù…Ù„ÙƒØ© Ø§Ù„Ø¹Ø±Ø¨ÙŠØ© Ø§Ù„Ø³Ø¹ÙˆØ¯ÙŠØ©,0,0.0,,,https://pbs.twimg.com/profile_images/2001266107307716608/uR5QrmOd_normal.png,1384.0,,,alhilal_fc,False
0.5402644390987612,May 2009,Ø§Ù„Ø­Ø³Ø§Ø¨ Ø§Ù„Ø±Ø³Ù…ÙŠ Ù„Ø£Ù„Ø¹Ø§Ø¨ Ø§Ù„Ù‡Ù„Ø§Ù„ Ø§Ù„Ù…Ø®ØªÙ„ÙØ© | The official account of Al-Hilalâ€™s Sports Games  @Alhilal_FC  @Alhilal_EN,The official account for the various Al Hilal games The official account of Al-Hilalâ€™s Sports Games @Alhilal_FC @Alhilal_EN,Ø£Ù„Ø¹Ø§Ø¨ Ø§Ù„Ù‡Ù„Ø§Ù„ Ø§Ù„Ù…Ø®ØªÙ„ÙØ©,Various Crescent games,,6.0,3,Ø§Ù„Ù…Ù…Ù„ÙƒØ© Ø§Ù„Ø¹Ø±Ø¨ÙŠØ© Ø§Ù„Ø³Ø¹ÙˆØ¯ÙŠØ©,0,,1.0,,https://pbs.twimg.com/profile_images/2001266107307716608/uR5QrmOd_normal.png,2339.0,0.4597355609012388,,alhilal_sg,False
0.5816642483347486,September 2016,"Ambassador of Azerbaijan to Iran and the Permanent Representative to ECO, served as the Consul General to Tabriz & the Ambassador of Azerbaijan to Pakistan","Ambassador of Azerbaijan to Iran and the Permanent Representative to ECO, served as the Consul General to Tabriz & the Ambassador of Azerbaijan to Pakistan",Ali Alizada ğŸ‡¦ğŸ‡¿,Ali Alizada ğŸ‡¦ğŸ‡¿,,182.0,3,"Baku, Azerbaijan",1,,0.0,,https://pbs.twimg.com/profile_images/2001266107307716608/uR5QrmOd_normal.png,8912.0,0.4183357516652514,,ali_f_alizada,False
,June 2020,,,paper_jean,,89.0,0.0,2,Islamic Republic of Iran,1,1.0,,,https://pbs.twimg.com/profile_images/2001266107307716608/uR5QrmOd_normal.png,339.0,,,ali_koleini,False
,December 2012,Ø³Ø± Ø³Ø±ÛŒ Ø±Ø¯ Ø´Ùˆ Ùˆ Ø²Ù†Ø¯Ú¯ÛŒ Ú©Ù†.Ø¯Ù‚Øª Ø¯Ù‚ Ø§Øª Ù…ÛŒØ¯Ù‡Ø¯.,,hopkinz,,90.0,128.0,2,shiraz_iran,1,1.0,,,https://pbs.twimg.com/profile_images/2001266107307716608/uR5QrmOd_normal.png,1448.0,,,ali_tavakoli_28,False
,November 2021,ØµØ¨Ø±   instagram.com/ecutfood/profi â€¦,,Ø§ÛŒÛŒ Ø§ÙØ³,,4324.0,4447.0,2,,1,1.0,,,https://pbs.twimg.com/profile_images/2001266107307716608/uR5QrmOd_normal.png,1334.0,,,aliam_es,False
,December 2013,"Ph.D. graduate in Materials Science and Engineering, Interested in batteriesand electrochemistry, Posts in Persian and in English, Notifications are off.",,Ali Ansari,,742.0,1928.0,2,"Prague, Czech Republic",1,1.0,,,https://pbs.twimg.com/profile_images/2001266107307716608/uR5QrmOd_normal.png,1334.0,,,aliansari84,False
,April 2024,Ù…Ø§ Ø³Ø± Ø¨Ù‡ Ø³Ø± ÙØ¯Ø§ÛŒÛŒ Ø¯ÛŒÙ† Ù…Ø­Ù…Ø¯ÛŒÙ…...Ù…Ø§ Ø±Ø§ Ø­Ø³ÛŒÙ† Ø®ÙˆØ§Ù†Ø¯ Ùˆ Ø¨Ù‡ Ø§ÛŒÙ† Ù„Ø´Ú©Ø± Ø¢Ù…Ø¯ÛŒÙ…,,ali aref ğŸ‡®ğŸ‡·,,508.0,646.0,2,,2,2.0,,,https://pbs.twimg.com/profile_images/2001266107307716608/uR5QrmOd_normal.png,1334.0,,,aliaref_,False
,March 2009,"Health and medicine (and occasional Olympics) national correspondent for  @TIME . Author of The Stem Cell Hope, How Stem Cell Medicine Can Change Our Lives.",,Alice Park,,13400.0,469.0,2,New York NY,1,1.0,,,https://pbs.twimg.com/profile_images/2001266107307716608/uR5QrmOd_normal.png,4818.0,,,aliceparkny,False
,October 2016,â€ŒÚ©Ø§Ø±Ø´Ù†Ø§Ø³ÛŒâ€ŒØ§Ø±Ø´Ø¯ Ù¾ÛŒÙˆØ³ØªÙ‡ Ùˆ Ø¯Ú©ØªØ±ÛŒ Ù…Ø¹Ù…Ø§Ø±ÛŒ | Ø¹Ø¶Ùˆ Ù‡ÛŒØ¦Øª Ø±ÛŒÛŒØ³Ù‡ Ùˆ Ø³Ø®Ù†Ú¯ÙˆÛŒ Ø´ÙˆØ±Ø§ÛŒ Ù¾Ù†Ø¬Ù… ØªÙ‡Ø±Ø§Ù† | Ù…Ø¹Ù…Ø§Ø± | Ø±ÙˆØ²Ù†Ø§Ù…Ù‡â€ŒÙ†Ú¯Ø§Ø±,,Ø¹Ù„ÛŒ Ø§Ø¹Ø·Ø§,,13600.0,1202.0,2,Tehran,1,1.0,,,https://pbs.twimg.com/profile_images/2001266107307716608/uR5QrmOd_normal.png,4615.0,,,alietamedia,False
,November 2014,,,Ali,,8.0,73.0,2,,1,1.0,,,https://pbs.twimg.com/profile_images/2001266107307716608/uR5QrmOd_normal.png,4.0,,,alijan2056,False
0.563342291246267,July 2022,Brings you from the darkness towards the light,Brings you from the darkness towards the light,The Uncovering Journal,The Uncovering Journal,47.0,207.0,3,in God's Earth,0,,0.0,,https://pbs.twimg.com/profile_images/2001266107307716608/uR5QrmOd_normal.png,20.0,0.436657708753733,,alijumadaaltha,False
,October 2017,,,Mohammed Ali,,89.0,305.0,2,The Netherlands,1,1.0,,,https://pbs.twimg.com/profile_images/2001266107307716608/uR5QrmOd_normal.png,1916.0,,,alimeelad94,False
0.5105121329698262,November 2023,Freedom by the decision of God,Freedom by the decision of God,ali mir,ali me,0.0,10.0,3,,1,,1.0,,https://pbs.twimg.com/profile_images/2001266107307716608/uR5QrmOd_normal.png,0.0,0.4894878670301738,,alimir43,False
,June 2025,"lran, land of Aryans and Everlasting Kingdom",,Parsi,,160.0,753.0,2,,1,1.0,,,https://pbs.twimg.com/profile_images/2001266107307716608/uR5QrmOd_normal.png,4588.0,,,alimotie1318,False
0.5043233894828494,November 2025,Civil Engineering the Future of Refining.  O&G Infrastructure.,Civil Engineering the Future of Refining.  O&G Infrastructure.,MrRezaeiAli,MrRezaeiAli,1.0,34.0,3,Islamic Republic of Iran,1,,0.0,,https://pbs.twimg.com/profile_images/2001266107307716608/uR5QrmOd_normal.png,0.0,0.4956766105171506,,alimr70141,False
,December 2025,,,Alireza Ziaee,,0.0,45.0,2,,1,1.0,,,https://pbs.twimg.com/profile_images/2001266107307716608/uR5QrmOd_normal.png,0.0,,,alireza__ziyaei,False
0.5102157003982309,February 2011,Member of the Swedish Parliament  | Foreign Policy & Security | Iranâ€“EU Affairs | Democracy & Human Rights,Member of the Swedish Parliament  | Foreign Policy & Security | Iranâ€“EU Affairs | Democracy & Human Rights,Alireza Akhondi,Alireza Akhondi,,115.0,3,"Stockholm, Sweden",1,,1.0,,https://pbs.twimg.com/profile_images/2001266107307716608/uR5QrmOd_normal.png,3031.0,0.489784299601769,,alirezaakhondi,False
,August 2021,AlirezaSFP,,Alireza Safarpoor,,7.0,122.0,2,,1,1.0,,,https://pbs.twimg.com/profile_images/2001266107307716608/uR5QrmOd_normal.png,77.0,,,alirezasafarpo7,False
,October 2021,All religions are human made. Be free of them. Keep your humanity up and spread out kindness.,,Alex,,469.0,1634.0,2,"Paris, France",1,1.0,,,https://pbs.twimg.com/profile_images/2001266107307716608/uR5QrmOd_normal.png,633.0,,,alisaberi1987,False
0.595599882085693,December 2016,â€Œ Ø¹Ø¶Ùˆâ€ŒØ´ÙˆØ±Ø§ÛŒâ€ŒÙ…Ø±Ú©Ø²ÛŒâ€ŒØ­Ø²Ø¨â€ŒØ§ØªØ­Ø§Ø¯â€Œ Ù…Ù„Øªâ€ŒØ§ÛŒØ±Ø§Ù†â€ŒØ§Ø³Ù„Ø§Ù…ÛŒâ€Œ/Ø±Ø§Ø¯ÛŒÙˆÙ„ÙˆÚ˜ÛŒØ³Øª/Ø¯Ø§Ù†Ø´ÛŒØ§Ø±â€ŒØ¯Ø§Ù†Ø´Ú¯Ø§Ù‡â€ŒØ¹Ù„ÙˆÙ…â€ŒÙ¾Ø²Ø´Ú©ÛŒâ€ŒØªÙ‡Ø±Ø§Ù†,Member of the Central Council of the Islamic Nation of Iran Unity Party/radiologist/professor of Tehran University of Medical Sciences,Ø¹Ù„ÛŒâ€ŒØ´Ú©ÙˆØ±ÛŒâ€ŒØ±Ø§Ø¯,Ali Shakurirad,,129.0,3,Islamic Republic of Iran,1,,1.0,,https://pbs.twimg.com/profile_images/2001266107307716608/uR5QrmOd_normal.png,862.0,0.4044001179143069,,alishakourirad,False
,July 2025,,,Ali Shiri,,0.0,5.0,2,tehran,1,1.0,,,https://pbs.twimg.com/profile_images/2001266107307716608/uR5QrmOd_normal.png,0.0,,,alishiri272750,False
0.5457084979158755,September 2011,"Cognitive scientist, psychologist, philosopher, author of Scientist in the Crib, Philosophical Baby, The Gardener & The Carpenter, WSJ Mind And Matter columnist","Cognitive scientist, psychologist, philosopher, author of Scientist in the Crib, Philosophical Baby, The Gardener & The Carpenter, WSJ Mind And Matter columnist",Alison Gopnik,Alison Gopnik,,35.0,3,Berkeley,1,,1.0,,https://pbs.twimg.com/profile_images/2001266107307716608/uR5QrmOd_normal.png,1845.0,0.4542915020841245,,alisongopnik,False
,August 2025,,,Ali Vafaei Razdar,,0.0,2.0,2,,1,1.0,,,https://pbs.twimg.com/profile_images/2001266107307716608/uR5QrmOd_normal.png,0.0,,,alivrd,False
0.5808196492142262,February 2022,To have is better than knowing how to use,To have is better than knowing how to use,Aliyu Hydar,Aliyu Hydar,170.0,1575.0,3,"Kado, Nigeria",1,,1.0,,https://pbs.twimg.com/profile_images/2001266107307716608/uR5QrmOd_normal.png,149.0,0.4191803507857737,,aliyuhy00700404,False
0.5171865830817901,October 2015,Submission to the one who holds my soul in his hands.,Submission to the one who holds my soul in his hands.,Aljady Franco,Aljady Franco,367.0,2327.0,3,Pereira Risaralda Colombi,1,,0.0,,https://pbs.twimg.com/profile_images/2001266107307716608/uR5QrmOd_normal.png,6984.0,0.4828134169182099,,aljadyf,False
,May 2024,,,Allan Mau,,27.0,560.0,2,,1,1.0,,,https://pbs.twimg.com/profile_images/2001266107307716608/uR5QrmOd_normal.png,14.0,,,allanmau1992,False
,November 2017,,,Hani Allipayam,,36.0,19.0,2,,1,1.0,,,https://pbs.twimg.com/profile_images/2001266107307716608/uR5QrmOd_normal.png,1.0,,,allipayam,False
0.5826150506079082,June 2021,Donâ€™t even know what Iâ€™m doing here tbh,Donâ€™t even know what Iâ€™m doing here tbh,Allison,Allison,2.0,10.0,3,,1,,1.0,,https://pbs.twimg.com/profile_images/2001266107307716608/uR5QrmOd_normal.png,5.0,0.4173849493920918,,allison61478051,False
,October 2022,,,Ø·ÙŠÙ Ø³Ø§Ù…ÙŠ,,64500.0,11.0,2,,0,0.0,,,https://pbs.twimg.com/profile_images/2001266107307716608/uR5QrmOd_normal.png,234.0,,,alltyf_,False
,August 2010,"Comedian. Podcaster  @WTB_Podcast , and  @HorrorMotel  All opinions expressed here are truly my own..... because my Mom isn't on twitter.",,Allyson June Smith,,2842.0,946.0,2,Toronto/Manchester,1,1.0,,,https://pbs.twimg.com/profile_images/2001266107307716608/uR5QrmOd_normal.png,3890.0,,,allysonjsmith,False
,April 2022,"Developer, Gamer",,Ali,,119.0,235.0,2,,1,1.0,,,https://pbs.twimg.com/profile_images/2001266107307716608/uR5QrmOd_normal.png,,,,almghdmi,False
,October 2025,,,almomo,,19.0,776.0,2,,1,1.0,,,https://pbs.twimg.com/profile_images/2001266107307716608/uR5QrmOd_normal.png,9.0,,,almww10,False
,November 2016,"Soyez rÃ©alistes, demandez l'impossible.",,Ali Parsai,,377.0,958.0,2,Planet Earth,1,1.0,,,https://pbs.twimg.com/profile_images/2001266107307716608/uR5QrmOd_normal.png,5809.0,,,alparsai,False
,October 2025,,,Kelly Poe,,27.0,1048.0,2,,1,1.0,,,https://pbs.twimg.com/profile_images/2001266107307716608/uR5QrmOd_normal.png,0.0,,,alpeeoqiw49588,False
0.6004788777820379,June 2020,I salute you if youâ€™re much too much to handle.,I salute you if youâ€™re much too much to handle.,Alphard (Taylor's Version),Alphard (Taylor's Version),4211.0,920.0,3,The Tortured Poets Department,1,,1.0,,https://pbs.twimg.com/profile_images/2001266107307716608/uR5QrmOd_normal.png,,0.3995211222179621,,alphard1black,False
,November 2018,"Consultant Pancreaticobiliary, Obesity, Laparoscopic and Robotic Surgeon, UHDBTrust. Director of Education - Laparoscopic & Robotic surgery, ALSGBI.",,Altaf K Awan,,1054.0,451.0,2,"Derby, England",1,1.0,,,https://pbs.twimg.com/profile_images/2001266107307716608/uR5QrmOd_normal.png,1803.0,,,altaf_awan12,False
0.5635359239055036,June 2019,"La casa del otro fÃºtbol. Podcast, transmisiones en vivo, notas y mucho mÃ¡s.  Por  @nahuelzn ,  @fglamas  y  @ienzoduarte Youtube:  youtube.com/alterfutbol","The house of the other football. Podcast, live broadcasts, notes and much more.  By @nahuelzn, @fglamas and @ienzoduarte Youtube: youtube.com/alterfutbol",AlterFÃºtbol Podcast,AlterFootball Podcast,5702.0,58.0,3,Argentina,0,,1.0,,https://pbs.twimg.com/profile_images/2001266107307716608/uR5QrmOd_normal.png,553.0,0.4364640760944964,,alterfutbol,False
,January 2011,Perseverance is what makes us.. KayaFC  @alybor11,,Aly Borromeo,,,483.0,2,Philippines,1,1.0,,,https://pbs.twimg.com/profile_images/2001266107307716608/uR5QrmOd_normal.png,5034.0,,,alybor11,False
0.5676349433192506,December 2011,The Alzheimer's Association Greater Indiana Chapter serves 73 Indiana counties. Free 24/7 Helpline: 800.272.3900. #ENDALZ,The Alzheimer's Association Greater Indiana Chapter serves 73 Indiana counties. Free 24/7 Helpline: 800.272.3900. #ENDALZ,Alzheimer's Association Greater Indiana Chapter,Alzheimer's Association Greater Indiana Chapter,2667.0,1168.0,3,"Indianapolis, IN",0,,0.0,,https://pbs.twimg.com/profile_images/2001266107307716608/uR5QrmOd_normal.png,9573.0,0.4323650566807494,,alzindiana,False
,March 2023,,,Amir,,14.0,252.0,2,,1,1.0,,,https://pbs.twimg.com/profile_images/2001266107307716608/uR5QrmOd_normal.png,0.0,,,am2002rmost,False
