username,display_name,description,manual_label,followers_count,following_count,statuses_count,verified,created_at,location,url,profile_image_url,profile_banner_url,description_en,display_name_en,predicted_class,confidence_level,prob_0,prob_1,prob_2,uncertainty_score
alarabiya_fa,Ø§Ù„Ø¹Ø±Ø¨ÛŒÙ‡ ÙØ§Ø±Ø³ÛŒ,Ø§Ù„Ø¹Ø±Ø¨ÙŠÙ‡ ÙØ§Ø±Ø³Ù‰ Ø¨Ù‡ Ø¹Ù†ÙˆØ§Ù† Ø¨Ø®Ø´ÛŒ Ø§Ø² Ø´Ø¨ÙƒÙ‡ Ø§Ù„Ø¹Ø±Ø¨ÙŠÙ‡ Ø¯Ø± Ø³Ø§Ù„ 2008 Ø±Ø§Ù‡â€ŒØ§Ù†Ø¯Ø§Ø²ÛŒ Ø´Ø¯.,0,,45.0,1356.0,False,March 2009,Riyadh,,https://pbs.twimg.com/profile_images/2001266107307716608/uR5QrmOd_normal.png,,Al Arabiya Farsi was launched as a part of Al Arabiya network in 2008.,Persian Arabic,0,0.5013855075936933,0.5013855075936933,0.4986144924063067,,0.4986144924063067
abeirami,Ahmad Beirami,stealth // ex Gemini RL+Inference  @GoogleDeepMind  // Chat AI  @AIatMeta  // RL Agents  @EA  // ML+Information Theory  @MIT + @Harvard + @GeorgiaTech,1,,4569.0,4721.0,False,December 2018,"{NYC, SFO, YYZ}",,https://pbs.twimg.com/profile_images/2001266107307716608/uR5QrmOd_normal.png,,stealth // ex Gemini RL+Inference  @GoogleDeepMind  // Chat AI  @AIatMeta  // RL Agents  @EA  // ML+Information Theory  @MIT + @Harvard + @GeorgiaTech,Ahmad Beirami,1,0.5034186586318457,0.4965813413681543,0.5034186586318457,,0.4965813413681543
afintlradio,Ø±Ø§Ø¯ÛŒÙˆ Ø§ÙØºØ§Ù†Ø³ØªØ§Ù† Ø§ÛŒÙ†ØªØ±Ù†Ø´Ù†Ø§Ù„,The First 24/7 International News Channel for Afghanistan Ø§ÙˆÙ„ÛŒÙ† Ø´Ø¨Ú©Ù‡ Ø®Ø¨Ø±ÛŒ Ø¨ÛŒÙ†â€ŒØ§Ù„Ù…Ù„Ù„ÛŒ Û²Û´ Ø³Ø§Ø¹ØªÙ‡ Ø§ÙØºØ§Ù†Ø³ØªØ§Ù† Email: info@afintl.com  00447771112080,0,,12.0,1315.0,False,September 2021,"London, UK",,https://pbs.twimg.com/profile_images/2001266107307716608/uR5QrmOd_normal.png,,The First 24/7 International News Channel for Afghanistan Email: info@afintl.com 00447771112080,Radio Afghanistan International,1,0.5100520437054231,0.4899479562945769,0.5100520437054231,,0.4899479562945769
aekbcgr,AEK BC,Î•Ï€Î¯ÏƒÎ·Î¼Î¿ X Ï„Î·Ï‚ Î‘Î•Îš BC - Official AEK BC X Account,0,,87.0,1315.0,False,January 2015,"Athens, Greece",,https://pbs.twimg.com/profile_images/2001266107307716608/uR5QrmOd_normal.png,,Official X of AEK BC - Official AEK BC X Account,AEK BC,1,0.5106987990149459,0.4893012009850541,0.5106987990149459,,0.4893012009850541
alhumma,Al Humma,Application gestion de la communautÃ© musulmane,0,0.0,7.0,0.0,False,December 2025,Abidjan,,https://pbs.twimg.com/profile_images/2001266107307716608/uR5QrmOd_normal.png,,Muslim community management application,Al Humma,1,0.517921187116627,0.4820788128833729,0.517921187116627,,0.4820788128833729
abcnews,ABC News,Latest news updates from the Australian Broadcasting Corp. This is an official  @abcaustralia  account.,0,,1096.0,6158.0,False,March 2007,Australia,,https://pbs.twimg.com/profile_images/2001266107307716608/uR5QrmOd_normal.png,,Latest news updates from the Australian Broadcasting Corp. This is an official  @abcaustralia  account.,ABC News,0,0.5205862892243283,0.5205862892243283,0.4794137107756717,,0.4794137107756717
alamyn39470,Ù…Ø­Ù…Ø¯ Ø§Ù„Ø§Ù…ÙŠÙ† Ø§Ù„Ø¶Ø¨ÙŠØ¨ÙŠ,,1,73.0,919.0,101.0,False,September 2025,,,https://pbs.twimg.com/profile_images/2001266107307716608/uR5QrmOd_normal.png,,,Muhammad Al-Amin Al-Dabibi,0,0.5264012538921035,0.5264012538921035,0.4735987461078965,,0.4735987461078965
al3151644276727,Al,,1,1.0,34.0,18.0,False,September 2023,,,https://pbs.twimg.com/profile_images/2001266107307716608/uR5QrmOd_normal.png,,,Al,0,0.5264012538921035,0.5264012538921035,0.4735987461078965,,0.4735987461078965
alrthaan21,ÙÙŠØµÙ„ Ø§Ù„Ø±Ø«Ø¹Ø¢Ù†,,1,382.0,842.0,1057.0,False,July 2016,,,https://pbs.twimg.com/profile_images/2001266107307716608/uR5QrmOd_normal.png,,,Faisal Al-Ratha'an,0,0.5264012538921035,0.5264012538921035,0.4735987461078965,,0.4735987461078965
almlkzhyr76434,Ø²Ù‡ÙŠØ± Ø§Ù„Ù…Ù„Ùƒ,,1,8.0,116.0,0.0,False,December 2025,,,https://pbs.twimg.com/profile_images/2001266107307716608/uR5QrmOd_normal.png,,,Zuhair Al-Malik,0,0.5264012538921035,0.5264012538921035,0.4735987461078965,,0.4735987461078965
altalqany79443,Ù…Ø­Ù…Ø¯ Ø§Ù„Ø·Ø§Ù„Ù‚Ø§Ù†ÙŠ,,1,0.0,6.0,0.0,False,December 2025,,,https://pbs.twimg.com/profile_images/2001266107307716608/uR5QrmOd_normal.png,,,Muhammad Al-Talqani,0,0.5264012538921035,0.5264012538921035,0.4735987461078965,,0.4735987461078965
7_ndala,Ù…Ø¹ØªØ² Ø¨Ø§Ù„Ù„Ù‡ Ø§Ù„Ø¬Ù†ÙˆØ¨ÙŠ,,1,15.0,92.0,17.0,False,November 2025,,,https://pbs.twimg.com/profile_images/2001266107307716608/uR5QrmOd_normal.png,,,Moataz Billah Al-Janoubi,0,0.5264012538921035,0.5264012538921035,0.4735987461078965,,0.4735987461078965
aalmalki_10,A,Abdulelah AL-MalKi ğ“…“,1,4.0,91.0,36.0,False,November 2023,,,https://pbs.twimg.com/profile_images/2001266107307716608/uR5QrmOd_normal.png,,Abdulelah AL-Malki ğ“…“,A,0,0.5264012538921035,0.5264012538921035,0.4735987461078965,,0.4735987461078965
abwlhbalhdathy,Ø£Ø¨Ùˆ Ù„Ù‡Ø¨ Ø§Ù„Ø­Ø¯Ø§Ø«ÙŠ,Ø­ÙÙŠØ¯ Ù…Ù† Ø£Ø­ÙØ§Ø¯ ÙƒÙØ§Ø± ÙˆÙ…Ø´Ø±ÙƒÙŠ Ù‚Ø±ÙŠØ´,1,10.0,207.0,83.0,False,April 2024,"XanxerÃª, Brasil",,https://pbs.twimg.com/profile_images/2001266107307716608/uR5QrmOd_normal.png,,A grandson of the infidels and polytheists of Quraish,Abu Lahab Al-Hadithi,0,0.5264012538921035,0.5264012538921035,0.4735987461078965,,0.4735987461078965
alkrdyhsn9718,Ø­Ø³Ù† Ø§Ù„ÙƒØ±Ø¯ÙŠ,,1,2.0,41.0,0.0,False,July 2025,,,https://pbs.twimg.com/profile_images/2001266107307716608/uR5QrmOd_normal.png,,,Hassan Al-Kurdi,0,0.5264012538921035,0.5264012538921035,0.4735987461078965,,0.4735987461078965
alkrdyhsn9718,Firas Al Mashhadani,,1,26.0,162.0,43.0,False,September 2025,"Sulaymaniyah, Iraq",,https://pbs.twimg.com/profile_images/2001266107307716608/uR5QrmOd_normal.png,,,Firas Al Mashhadani,0,0.5264012538921035,0.5264012538921035,0.4735987461078965,,0.4735987461078965
al_hydr16787,Ø­ÙŠØ¯Ø± Ø§Ù„Ø¹ÙˆØ§Ø¯ÙŠ,,1,0.0,14.0,0.0,False,December 2025,,,https://pbs.twimg.com/profile_images/2001266107307716608/uR5QrmOd_normal.png,,,Haider Al-Awadi,0,0.5264012538921035,0.5264012538921035,0.4735987461078965,,0.4735987461078965
afghanistanihrc,AIHRC,Official account of Afghanistan Independent Human Rights Commission,0,,62.0,3692.0,False,November 2013,"Kabul, Afghanistan",,https://pbs.twimg.com/profile_images/2001266107307716608/uR5QrmOd_normal.png,,Official account of Afghanistan Independent Human Rights Commission,AIHRC,1,0.5291249468074654,0.4708750531925346,0.5291249468074654,,0.4708750531925346
almodarresisays,ÙƒÙ„Ù…Ø§Øª Ø§Ù„Ù…Ø±Ø¬Ø¹ Ø§Ù„Ù…ÙØ¯Ø±Ù‘ÙØ³ÙŠ,"Ø£Ø®Ø¨Ø§Ø± ÙˆÙ…ÙˆØ§Ù‚Ù ÙˆØ£ÙÙƒØ§Ø± Ø³Ù…Ø§Ø­Ø© Ø§Ù„Ù…Ø±Ø¬Ø¹ Ø§Ù„Ø¯ÙŠÙ†ÙŠ Ø¢ÙŠØ© Ø§Ù„Ù„Ù‡ Ø§Ù„Ø¹Ø¸Ù…Ù‰ Ø§Ù„Ø³ÙŠØ¯ Ù…Ø­Ù…Ø¯ ØªÙ‚ÙŠ Ø§Ù„Ù…ÙØ¯Ø±Ù‘Ø³ÙŠ ""Ø¯Ø§Ù… Ø¸Ù„Ù‡ Ø§Ù„ÙˆØ§Ø±Ù""",1,,5.0,3620.0,False,June 2013,,,https://pbs.twimg.com/profile_images/2001266107307716608/uR5QrmOd_normal.png,,"News, positions and thoughts of His Eminence the religious authority, Grand Ayatollah Sayyed Muhammad Taqi Al-Mudarrisi, â€œMay his abundant shadow lastâ€",Teacher reference words,0,0.5294964843915921,0.5294964843915921,0.4705035156084078,,0.4705035156084078
aliscorban,Ali Sina,GardenState Rookies Podcast,1,313.0,386.0,5014.0,False,January 2014,"New Jersey, USA",,https://pbs.twimg.com/profile_images/2001266107307716608/uR5QrmOd_normal.png,,GardenState Rookies Podcast,But the Son,1,0.531708135626676,0.468291864373324,0.531708135626676,,0.468291864373324
alarabiya_brk,Ø§Ù„Ø¹Ø±Ø¨ÙŠØ© Ø¹Ø§Ø¬Ù„,Ø®Ø¯Ù…Ø© #Ø§Ù„Ø¹Ø±Ø¨ÙŠØ© Ù„Ù„Ø£Ø®Ø¨Ø§Ø± Ø§Ù„Ø¹Ø§Ø¬Ù„Ø©,0,,49.0,1356.0,False,March 2009,Riyadh,,https://pbs.twimg.com/profile_images/2001266107307716608/uR5QrmOd_normal.png,,#Al Arabiya breaking news service,Arabic Urgent,0,0.5337196837515641,0.5337196837515641,0.4662803162484359,,0.4662803162484359
al_bayynat,Ø´Ø¨ÙƒØ© Ø§Ù„Ø¨ÙŠÙ†Ø§Øª Ø§Ù„Ø«Ù‚Ø§ÙÙŠØ©,Ø§Ù„Ø­Ø³Ø§Ø¨ Ø§Ù„Ø§Ø­ØªÙŠØ§Ø·ÙŠ |  @Al_Bayynat2,0,,1.0,2377.0,False,July 2024,Yemen,,https://pbs.twimg.com/profile_images/2001266107307716608/uR5QrmOd_normal.png,,Reserve account  @Al_Bayynat2,Cultural information network,0,0.5359925889083165,0.5359925889083165,0.4640074110916835,,0.4640074110916835
al_bayynat2,Ø´Ø¨ÙƒØ© Ø§Ù„Ø¨ÙŠÙ†Ø§Øª Ø§Ù„Ø«Ù‚Ø§ÙÙŠØ© (Ø§Ø­ØªÙŠØ§Ø·ÙŠ),Ø­Ø³Ø§Ø¨ Ø§Ø­ØªÙŠØ§Ø·ÙŠ : #Ù…Ù‚ØªØ·ÙØ§Øª_Ø®Ø·Ø§Ø¨Ø§Øª_Ù…Ø­Ø§Ø¶Ø±Ø§Øª_Ø­ÙˆØ§Ø±Ø§Øª,0,,1.0,3055.0,False,June 2020,Yemen,,https://pbs.twimg.com/profile_images/2001266107307716608/uR5QrmOd_normal.png,,Reserve account: #excerpts_speech_lectures_dialogues,Cultural Data Network (Reserve),0,0.5359925889083165,0.5359925889083165,0.4640074110916835,,0.4640074110916835
abc,ABC News,The only official ABC News account. Download our mobile app for the latest updates:  abcnews.go.com/devices,0,,408.0,6158.0,False,April 2009,,,https://pbs.twimg.com/profile_images/2001266107307716608/uR5QrmOd_normal.png,,The only official ABC News account. Download our mobile app for the latest updates:  abcnews.go.com/devices,ABC News,0,0.5374868085360736,0.5374868085360736,0.4625131914639265,,0.4625131914639264
albayannews,ØµØ­ÙŠÙØ© Ø§Ù„Ø¨ÙŠØ§Ù†,ØµØ­ÙŠÙØ© Ø¥Ù…Ø§Ø±Ø§ØªÙŠØ© ÙŠÙˆÙ…ÙŠØ© Ø´Ø§Ù…Ù„Ø© ØªØµØ¯Ø± Ø¹Ù† Ø¯Ø¨ÙŠ Ù„Ù„Ø¥Ø¹Ù„Ø§Ù…,0,,96.0,1356.0,False,February 2010,"Dubai , UAE",,https://pbs.twimg.com/profile_images/2001266107307716608/uR5QrmOd_normal.png,,A comprehensive daily Emirati newspaper published by Dubai Media,Al-Bayan newspaper,1,0.542118205779551,0.4578817942204489,0.542118205779551,,0.4578817942204489
afintlbrk,Ø§ÙØºØ§Ù†Ø³ØªØ§Ù† Ø§ÛŒÙ†ØªØ±Ù†Ø´Ù†Ø§Ù„,The First 24/7 International News Channel for Afghanistan Ø§ÙˆÙ„ÛŒÙ† Ø´Ø¨Ú©Ù‡ Ø®Ø¨Ø±ÛŒ Ø¨ÛŒÙ†â€ŒØ§Ù„Ù…Ù„Ù„ÛŒ Û²Û´ Ø³Ø§Ø¹ØªÙ‡ Ø§ÙØºØ§Ù†Ø³ØªØ§Ù† Email: info@afintl.com WhatsApp: +447340006000,0,,10.0,1315.0,False,June 2021,"London, UK",,https://pbs.twimg.com/profile_images/2001266107307716608/uR5QrmOd_normal.png,,The First 24/7 International News Channel for Afghanistan Email: info@afintl.com WhatsApp: +447340006000,Afghanistan International,1,0.5513765061998531,0.4486234938001469,0.5513765061998531,,0.4486234938001469
alexvespi,Alessandro Vespignani,"Network & Data Science, Computational Epidemiology, Complex Systems",1,,1320.0,1381.0,False,May 2012,@northeastern,,https://pbs.twimg.com/profile_images/2001266107307716608/uR5QrmOd_normal.png,,"Network & Data Science, Computational Epidemiology, Complex Systems",Alessandro Vespignani,1,0.5548960588760837,0.4451039411239162,0.5548960588760837,,0.4451039411239162
afintl_en,Afghanistan International English,The first 24/7 hours Afghanistan News Channel | Official English account of  @AFIntlBrk,0,,8.0,6754.0,False,June 2021,"London, UK",,https://pbs.twimg.com/profile_images/2001266107307716608/uR5QrmOd_normal.png,,The first 24/7 hours Afghanistan News Channel | Official English account of  @AFIntlBrk,Afghanistan International English,0,0.5621694953456136,0.5621694953456136,0.4378305046543865,,0.4378305046543864
agha_mohamad1_,Ø¢Ù‚Ù€Ù€Ø§ Ù…Ù€Ù€Ø­Ù€Ù€Ù…Ù€Ù€Ù€Ø¯ â˜•,ÙˆØ±ÙˆØ¯ Ù‡Ù…Ù‡ Ø¢Ø²Ø§Ø¯ Ø¬Ø² Ø¨ÛŒ Ø§Ø¯Ø¨ Ù‡Ø§ | Ø§Ù„Ù„Ù‡Ù… Ø¹Ø¬Ù„ Ù„ÙˆÙ„ÛŒÚ© Ø§Ù„ÙØ±Ø¬... Ø¢ÙˆØ§ØªØ§Ø± ØªØ²Ø¦ÛŒÙ†ÛŒ Ø§Ø³Øª Ùˆ Ø§ÛŒÙ† ØµÙØ­Ù‡ Ø§Ø±ØªØ¨Ø§Ø·ÛŒ Ø¨Ù‡ Ø¢Ù‚Ø§ÛŒ ÙˆØ­ÛŒØ¯ Ø±Ù‡Ø¨Ø§Ù†ÛŒ Ø¨Ø§Ø²ÛŒÚ¯Ø± Ú¯Ø§Ù†Ø¯Ùˆ Ù†Ø¯Ø§Ø±Ø¯!,1,,4645.0,1303.0,False,January 2018,Ø¬Ù…Ù‡ÙˆØ±ÛŒ Ø§Ø³Ù„Ø§Ù…ÛŒ Ø§ÛŒØ±Ø§Ù† Ø­Ø±Ù… Ø§Ø³Øª,,https://pbs.twimg.com/profile_images/2001266107307716608/uR5QrmOd_normal.png,,"Everyone is free to enter except the rude ones Oh God, hurry up, Lulik al-Fraj... the avatar is decorative and this page has nothing to do with Mr. Vahid Rahbani, the actor of Gando!",Mr. Mohammad â˜•,1,0.5689565202635598,0.4310434797364402,0.5689565202635598,,0.4310434797364402
ali_0909a,36ğŸ†Ali,Ø§Ù„Ø£Ù‡Ù„ÙŠ ÙˆØ·Ù† ÙŠØ­ÙƒÙŠ ÙØ®Ø±Ø§ØŒ ÙˆÙ‡Ù„ Ø¨Ø¹Ø¯ Ø§Ù„Ø£Ù‡Ù„ÙŠ Ø¹Ø´Ù‚ØŒ ÙˆÙ‡Ù„ Ø¨Ø¹Ø¯ Ø§Ù„Ø£Ù‡Ù„ÙŠ Ø¬Ù†ÙˆÙ†,1,755.0,1099.0,36.0,False,March 2020,,,https://pbs.twimg.com/profile_images/2001266107307716608/uR5QrmOd_normal.png,,"Al-Ahly is a country that speaks of pride. Is there love after Al-Ahly, and is there madness after Al-Ahly?",36ğŸ†Ali,0,0.5718343863312052,0.5718343863312052,0.4281656136687948,,0.4281656136687948
afshin_ashiyani,afshin ashiyani Ø§ÙØ´ÛŒÙ† Ø¢Ø´ÛŒØ§Ù†ÛŒ,"football coach,AFC B coaching license, Translator of football coaching books, Investment consultant",1,73.0,850.0,51.0,False,October 2013,"Gotha, Germany",,https://pbs.twimg.com/profile_images/2001266107307716608/uR5QrmOd_normal.png,,"football coach,AFC B coaching license, Translator of football coaching books, Investment consultant",Afshin Ashiyani,1,0.5724327344883295,0.4275672655116704,0.5724327344883295,,0.4275672655116704
al3a6eeb,Ø·Ù„Ø§Ù„ Ø¹Ø¨Ø¯Ø§Ù„Ù„Ù‡ Ø§Ù„Ø±Ø´ÙŠØ¯,( Ø±ÙØ¨Ù‘Ù Ø§Ø¬Ù’Ø¹ÙÙ„Ù’ Ù‡ÙÙ€ÙØ°ÙØ§ Ø¨ÙÙ„ÙØ¯Ø§Ù‹ Ø¢Ù…ÙÙ†Ø§Ù‹ ÙˆÙØ§Ø±Ù’Ø²ÙÙ‚Ù’ Ø£ÙÙ‡Ù’Ù„ÙÙ‡Ù Ù…ÙÙ†Ù Ø§Ù„Ø«Ù‘ÙÙ…ÙØ±ÙØ§ØªÙ ),1,,3517.0,1390.0,False,December 2011,SAUDIA,,https://pbs.twimg.com/profile_images/2001266107307716608/uR5QrmOd_normal.png,,"(My Lord, make this a safe country and provide its people with fruits.)",Talal Abdullah Al-Rasheed,1,0.572962019844065,0.4270379801559349,0.572962019844065,,0.4270379801559349
ahmadi_fae83290,ÙØ§Ø¦Ø²Ù‡ğŸ€,Ù…ØªÙØ§ÙˆØª Ø¨Ø§Ø´..! Ù…Ø«Ù„Ø§ Ø¨Ø´ÛŒÙ† Ø±Ùˆ ØªÙ„ÙˆÛŒØ²ÛŒÙˆÙ† ØŒ Ù…Ø¨Ù„ Ø¨Ø¨ÛŒÙ†!,1,26.0,63.0,520.0,False,March 2024,Ø¬Ù…Ù‡ÙˆØ±ÛŒ Ø§Ø³Ù„Ø§Ù…ÛŒ Ø§ÛŒØ±Ø§Ù†,,https://pbs.twimg.com/profile_images/2001266107307716608/uR5QrmOd_normal.png,,"Be different..! For example, sit on the TV and watch the sofa!",Fazeh,1,0.5760195127796854,0.4239804872203145,0.5760195127796854,,0.4239804872203145
adresansoso,Lili AdresanğŸŒºğŸ‡«ğŸ‡·,"Je suis un clone d'humoriste iel non-binaire, non genrÃ©. Suivez moi pour de nouvelles aventures. #PoilAGratterPolitique #Parodique #Satirique",1,,24.0,1315.0,False,January 2021,,,https://pbs.twimg.com/profile_images/2001266107307716608/uR5QrmOd_normal.png,,"I am a non-binary, non-gendered comedian clone. Follow me for new adventures. #HairScratchPolitical #Parodic #Satiric",Lili AdresanğŸŒºğŸ‡«ğŸ‡·,1,0.5760850681500299,0.4239149318499701,0.5760850681500299,,0.4239149318499701
4refugeewomen,Women for Refugee Women ğŸ§¡,We support women seeking safety in the UK to rebuild their lives on their own terms.     @4refugeewomen .bsky.social  #WelcomeEveryWoman #SetHerFree,0,,3581.0,5587.0,False,July 2011,UK,,https://pbs.twimg.com/profile_images/2001266107307716608/uR5QrmOd_normal.png,,We support women seeking safety in the UK to rebuild their lives on their own terms.     @4refugeewomen .bsky.social  #WelcomeEveryWoman #SetHerFree,Women for Refugee Women ğŸ§¡,1,0.5767848501719448,0.4232151498280552,0.5767848501719448,,0.4232151498280552
aaknopf,Alfred A. Knopf,Dedicated to publishing distinguished fiction and nonfiction since 1915.,1,,3115.0,6157.0,False,December 2008,"New York, NY",,https://pbs.twimg.com/profile_images/2001266107307716608/uR5QrmOd_normal.png,,Dedicated to publishing distinguished fiction and nonfiction since 1915.,Alfred A. Knopf,1,0.5772407790628782,0.4227592209371218,0.5772407790628782,,0.4227592209371218
ahangari73,Kawa Ahangari,Founder of  @VOZiran   New Book: Federalism (Translation).  voziran.org #WomanLifeFreedom #Ú˜Ù†_Ú˜ÛŒØ§Ù†_Ø¦Ø§Ø²Ø§Ø¯ÛŒ,1,7500.0,273.0,8573.0,False,November 2014,Belgium,,https://pbs.twimg.com/profile_images/2001266107307716608/uR5QrmOd_normal.png,,Founder of @VOZiran New Book: Federalism (Translation).  voziran.org #WomanLifeFreedom #Zhen_Zhian_Ezadi,Ahangari protocol,1,0.578949933770936,0.421050066229064,0.578949933770936,,0.421050066229064
al_kascom,ØµØ­ÙŠÙØ© Ø§Ù„ÙƒØ£Ø³,Ø§Ù„Ø­Ø³Ø§Ø¨ Ø§Ù„Ø±Ø³Ù…ÙŠ Ù„Ù€Ù€ #ØµØ­ÙŠÙØ©_Ø§Ù„ÙƒØ£Ø³ Ø§Ù„Ø±ÙŠØ§Ø¶ÙŠØ© Ù„ØªØºØ·ÙŠØ© Ø¢Ø®Ø± Ù…Ø³ØªØ¬Ø¯Ø§Øª Ø§Ù„Ø±ÙŠØ§Ø¶Ø© Ø§Ù„Ù…Ø­Ù„ÙŠØ© ÙˆØ§Ù„Ø¹Ø±Ø¨ÙŠØ© ÙˆØ§Ù„Ø¹Ø§Ù„Ù…ÙŠØ©,0,,13.0,1400.0,False,March 2012,Ø§Ù„Ù…Ù…Ù„ÙƒØ© Ø§Ù„Ø¹Ø±Ø¨ÙŠØ© Ø§Ù„Ø³Ø¹ÙˆØ¯ÙŠØ©,,https://pbs.twimg.com/profile_images/2001266107307716608/uR5QrmOd_normal.png,,"The official account of #Al Kass Sports Newspaper to cover the latest developments in local, Arab and international sports",Al-Kass newspaper,0,0.5805864761054875,0.5805864761054875,0.4194135238945125,,0.4194135238945125
aghamiri_hosein,Ø³ÛŒØ¯Ø­Ø³ÛŒÙ† Ø¢Ù‚Ø§Ù…ÛŒØ±ÛŒ,ØªÙˆ Ú©Ù‡ ÛŒÚ© Ú¯ÙˆØ´Ù‡ ÛŒ Ú†Ø´Ù…Øª ØºÙ… Ø¹Ø§Ù„Ù… Ø¨Ø¨Ø±Ø¯ØŒ                                 Ø­ÛŒÙ Ø¨Ø§Ø´Ø¯ Ú©Ù‡ ØªÙˆ Ø¨Ø§Ø´ÛŒ Ùˆ Ù…Ø±Ø§ ØºÙ… Ø¨Ø¨Ø±Ø¯,1,,161.0,523.0,False,August 2017,,,https://pbs.twimg.com/profile_images/2001266107307716608/uR5QrmOd_normal.png,,"If one corner of your eye brings sorrow to the world, it is a pity that it is you who makes me sad",Seyed Hossein Aghamiri,1,0.5886296956300667,0.4113703043699332,0.5886296956300667,,0.4113703043699332
aadianjana6567,Aadi Anjana,A business consultant and sells women's clothes .,1,223.0,2578.0,17.0,False,September 2025,"West New York, NJ",,https://pbs.twimg.com/profile_images/2001266107307716608/uR5QrmOd_normal.png,,A business consultant and sells women's clothes .,Aadi Anjana,1,0.5906057167803569,0.4093942832196431,0.5906057167803569,,0.4093942832196431
absmadridista,Ù…Ø¯Ø±ÙŠØ¯ÙŠ,Ø±ÙŠØ§Ù„ Ù…Ø¯Ø±ÙŠØ¯ Ù‡Ùˆ Ù†Ø§Ø¯ÙŠ Ø­ÙŠØ§ØªÙŠ Ù‡Ù„Ø§ Ù…Ø¯Ø±ÙŠØ¯,1,144.0,1434.0,1580.0,False,February 2022,,,https://pbs.twimg.com/profile_images/2001266107307716608/uR5QrmOd_normal.png,,"Real Madrid is the club of my life, Hala Madrid",Madrid,1,0.5937867202013909,0.4062132797986091,0.5937867202013909,,0.4062132797986091
ali_albadiri90,ali.albadiri,work .Kar.group. Yo : 25 June. Kar Cement Industry Company.  work ing for Jawharat Balsam Company.  @kar_group_company  . Ù…Ù† Ø°Ø§Ù‚ Ø­Ø¨ Ø£Ù„Ù„Ù‡ Ø§Ø±ØªÙˆØ¦,1,2.0,51.0,0.0,False,February 2025,Iraq - Babylon,,https://pbs.twimg.com/profile_images/2001266107307716608/uR5QrmOd_normal.png,,work.Kar.group. Yo: June 25. Kar Cement Industry Company.  working for Jawharat Balsam Company.  @kar_group_company . Whoever tastes God's love will be satisfied,ali. albadiri,1,0.5939214575377563,0.4060785424622437,0.5939214575377563,,0.4060785424622437
akshayk11339456,akshay kumar,à¤ªà¤‚à¤¡à¤¿à¤¤à¥‹ ka à¤¶à¤¾à¤¨ à¤¶à¥Œà¤•à¤¤ à¤”à¤° à¤µà¤«à¤¼à¤¾ à¤•à¥‹ à¤¦à¥‡à¤–à¤•à¤° à¤›à¥‹à¤°à¤¿à¤¯à¤¾à¤‚ bhi à¤•à¤¹à¤¤à¥€ à¤¹à¥ˆ à¤¨à¤¾ à¤¦à¤°à¥à¤¦ à¤šà¤¾à¤¹à¥€ à¤¨à¤¾ à¤¦à¤°à¥à¤¦ à¤•à¥€ à¤¦à¤µà¤¾ à¤šà¤¾à¤¹à¥€ à¤¹à¤®à¥‡à¤‚ à¤¤à¥‹ à¤ªà¤‚à¤¡à¤¿à¤¤ à¤œà¥ˆà¤¸à¤¾ à¤¯à¤¾à¤° à¤šà¤¾à¤¹à¥€ jai parshu ram.akshay à¤¬à¥à¤°à¤¾à¤¹à¥à¤®à¤£,1,1.0,98.0,47.0,False,June 2023,,,https://pbs.twimg.com/profile_images/2001266107307716608/uR5QrmOd_normal.png,,"Seeing the pride and loyalty of the Pandits, even the girls say that I neither want pain nor medicine for pain, I want the love of a Pandit. Jai Parshu Ram. Akshay Brahmin.",akshay kumar,1,0.596232184095739,0.403767815904261,0.596232184095739,,0.403767815904261
ailar1000,jupiter,"love reading,music,movies and these days speaking Deutsch is my favorite",1,59.0,978.0,996.0,False,September 2009,,,https://pbs.twimg.com/profile_images/2001266107307716608/uR5QrmOd_normal.png,,"love reading,music,movies and these days speaking Deutsch is my favorite",jupiter,1,0.596232184095739,0.403767815904261,0.596232184095739,,0.403767815904261
allaboutargyle,The New Pilgrim,,0,1917.0,167.0,1632.0,False,May 2012,Devon,,https://pbs.twimg.com/profile_images/2001266107307716608/uR5QrmOd_normal.png,,,The New Pilgrim,1,0.5992394673327658,0.4007605326672342,0.5992394673327658,,0.4007605326672342
ahlebeytmedia,Ø§Ù‡Ù„ Ø¨ÛŒØª Ù…Ø¯ÛŒØ§,Ú©Ø§Ù…Ù„ØªØ±ÛŒÙ† Ùˆ Ø¨Ù‡â€ŒØ±ÙˆØ²ØªØ±ÛŒÙ† Ø±Ø³Ø§Ù†Ù‡ ØªØ®ØµØµÛŒØŒ Ø¯Ø± Ø­ÙˆØ²Ù‡ Ø§Ù‡Ù„ Ø¨ÛŒØª,0,,65.0,2096.0,False,July 2020,,,https://pbs.twimg.com/profile_images/2001266107307716608/uR5QrmOd_normal.png,,The most complete and up-to-date specialized media in the field of Ahl al-Bayt,Ahl al-Bayt Media,1,0.6010050248093249,0.398994975190675,0.6010050248093249,,0.398994975190675
alldoaa110,Ø§Ù„Ø¯Ø¹Ø§Ø¡ / prayer,Ù…Ù‚Ø§Ø·Ø¹ Ù…Ù† Ø§Ù„Ø£Ø¯Ø¹ÙŠØ© Ø§Ù„Ù…Ø£Ø«ÙˆØ±Ø© Ø¹Ù† Ø§Ù„Ù†Ø¨ÙŠ Ùˆ Ø¢Ù„Ù‡ Ø¹Ù„ÙŠÙ‡Ù… Ø§Ù„Ø³Ù„Ø§Ù… Selections of Supplications by the Holy Household,0,686.0,2.0,698.0,False,July 2020,,,https://pbs.twimg.com/profile_images/2001266107307716608/uR5QrmOd_normal.png,,"Excerpts from the supplications mentioned about the Prophet and his family, peace be upon them. Selections of Supplications by the Holy Household",Supplication / prayer,1,0.6095128370659811,0.3904871629340188,0.6095128370659811,,0.3904871629340188
abba3pakbin,Abbas Pakbin,Ø´Ø§Ø¹Ø± Ùˆ ØªØ±Ø§Ù†Ù‡ Ø³Ø±Ø§...ÙˆÚ¯Ø§Ù‡ÛŒ ØªØ±ÛŒØ¯Ø±...  Ø¨Ù‡ Ø²ÙˆØ¯ÛŒ Ù¾Ø±ÙˆØ±Ø¯Ú¯Ø§Ø±Øª Ø¢Ù†Ù‚Ø¯Ø± Ø¨Ø±Ø§ÛŒ ØªÙˆ Ù…Ø¹Ø¬Ø²Ù‡ Ø®ÙˆØ§Ù‡Ø¯ Ú©Ø±Ø¯ Ú©Ù‡ Ø®Ø´Ù†ÙˆØ¯ Ø´ÙˆÛŒ.. Ø³ÙˆØ±Ù‡ Ø¶Ø­ÛŒ Ø¢ÛŒÙ‡ 5,1,77.0,826.0,1122.0,False,March 2021,Ø¯Ø± Ù¾Ù†Ø§Ù‡ Ø®Ø¯Ø§,,https://pbs.twimg.com/profile_images/2001266107307716608/uR5QrmOd_normal.png,,Poet and songwriter... and sometimes a trader... Soon your Lord will perform so many miracles for you that you will be pleased... Surah Al-Zuhi verse 5,Abbas Pakbin,1,0.6107811226239777,0.3892188773760223,0.6107811226239777,,0.3892188773760223
77abolfazlhz,Abolfazl_,Ø¢Ø®Ø±Ø´ Ù‚Ø´Ù†Ú¯Ù‡..!  telegram.me/BiChatBot?star â€¦,1,486.0,958.0,1114.0,False,August 2021,Ø·Ù‡Ø±Ø§Ù†,,https://pbs.twimg.com/profile_images/2001266107307716608/uR5QrmOd_normal.png,,The end is beautiful..!  telegram.me/BiChatBot?star...,Abolfazl_,1,0.6109305622671527,0.3890694377328473,0.6109305622671527,,0.3890694377328473
abmolana,Molana,Ù…Ù† Ø§Ø² Ø§ÛŒÙ† Ø¯Ù„Ù‚ Ù…Ø±Ù‚Ø¹ Ø¨Ù‡ Ø¯Ø±Ø¢ÛŒÙ… Ø±ÙˆØ²ÛŒ / ØªØ§ Ù‡Ù…Ù‡ Ø®Ù„Ù‚ Ø¨Ø¯Ø§Ù†Ù†Ø¯ Ú©Ù‡ Ø²Ù†Ù‘Ø§Ø±ÛŒ Ù‡Ø³Øª,1,351.0,765.0,3903.0,False,June 2013,Iran,,https://pbs.twimg.com/profile_images/2001266107307716608/uR5QrmOd_normal.png,,I earn a living from this scumbag / so that all people know that she is a womanizer,Molana,1,0.611662685992694,0.388337314007306,0.611662685992694,,0.388337314007306
_pia_,Pia Strietmann,Film&tv director,1,74.0,115.0,127.0,False,March 2009,"Berlin, London",,https://pbs.twimg.com/profile_images/2001266107307716608/uR5QrmOd_normal.png,,Film&tv director,Pia Strietmann,1,0.6118647577421459,0.3881352422578541,0.6118647577421459,,0.3881352422578541
2rr0i_,ğŸŒŸ,#Shabab Al Ahli Dubai fc - insta - w5pll Tik - 2.rr0i - ( ÙˆÙØ§Ø°Ù’ÙƒÙØ± Ø±ÙØ¨ÙÙ‘ÙƒÙ Ø¥ÙØ°ÙØ§ Ù†ÙØ³ÙÙŠØªÙ ),1,4.0,37.0,25.0,False,April 2025,"Dubai, United Arab Emirates",,https://pbs.twimg.com/profile_images/2001266107307716608/uR5QrmOd_normal.png,,#Shabab Al Ahli Dubai fc - insta - w5pll Tik - 2.rr0i - (And remember your Lord when you forget),ğŸŒŸ,1,0.6122593471648389,0.3877406528351611,0.6122593471648389,,0.3877406528351611
28minutes,28 minutes,"#28min est le rendez-vous quotidien d'actualitÃ© sur  @ARTEfr , du lundi au samedi dÃ¨s 20h05. Retrouvez-nous aussi sur Facebook, Youtube et Instagram  !",0,,2495.0,28.0,False,December 2011,,,https://pbs.twimg.com/profile_images/2001266107307716608/uR5QrmOd_normal.png,,"#28min is the daily news event on @ARTEfr, from Monday to Saturday from 8:05 p.m. Also find us on Facebook, Youtube and Instagram!",28 minutes,1,0.6166605699946442,0.3833394300053557,0.6166605699946442,,0.3833394300053557
alraqy51744,Ø§Ø¨Ùˆ Ù†ÙˆØ± Ø§Ù„Ø¹Ø±Ø§Ù‚ÙŠ,,1,0.0,11.0,0.0,False,December 2025,,,https://pbs.twimg.com/profile_images/2001266107307716608/uR5QrmOd_normal.png,,,Abu Nour Al-Iraqi,1,0.6167570044595021,0.3832429955404979,0.6167570044595021,,0.3832429955404979
aaaaaaav69,Sasasaa,,1,51.0,245.0,405.0,False,September 2024,,,https://pbs.twimg.com/profile_images/2001266107307716608/uR5QrmOd_normal.png,,,Will join,1,0.6188123654125156,0.3811876345874844,0.6188123654125156,,0.3811876345874844
abdulbaset22,â€Ø¹Ø¨Ø¯Ø§Ù„Ø¨Ø§Ø³Ø· Ø§Ù„Ø­Ù…Ø§Ø¯ÙŠ,,1,8645.0,3202.0,3808.0,False,June 2012,,,https://pbs.twimg.com/profile_images/2001266107307716608/uR5QrmOd_normal.png,,,Abdul Basit Al Hammadi,1,0.6215924238694176,0.3784075761305824,0.6215924238694176,,0.3784075761305824
7khaiiam,Ø®ÛŒØ§Ù…,Ú©Ù†Ø¯Ù‡ Ø§Ø² Ù…Ø±Ø² Ø²Ù…Ø§Ù†,1,341.0,31.0,,False,May 2014,52 hertz,,https://pbs.twimg.com/profile_images/2001266107307716608/uR5QrmOd_normal.png,,Stump from the border of time,Khayyam,1,0.6255829975236074,0.3744170024763926,0.6255829975236074,,0.3744170024763926
ali7osain,Dr.ali alshekarchi,Ø£Ù†ØªØ¸Ø± ÙŠÙˆÙ… #Ø§Ù„Ø¹Ø¯Ø§Ù„Ø© Ø§Ù„Ù…ÙˆØ¹ÙˆØ¯ (ÙˆÙÙŠÙÙˆÙ’Ù…Ù ÙŠÙØ¹Ø¶ Ø§Ù„Ø¸Ù‘ÙØ§Ù„ÙÙ…Ù Ø¹ÙÙ„ÙÙ‰Ù° ÙŠÙØ¯ÙÙŠÙ’Ù‡Ù ÙŠÙÙ‚ÙÙˆÙ„Ù ÙŠÙØ§ Ù„ÙÙŠÙ’ØªÙÙ†ÙÙŠ Ø§ØªÙ‘ÙØ®ÙØ°Ù’ØªÙ Ù…ÙØ¹Ù Ø§Ù„Ø±Ù‘ÙØ³ÙÙˆÙ„Ù Ø³ÙØ¨ÙÙŠÙ„Ù‹Ø§) Ù„Ø£Ø±Ù‰ Ù…ÙƒØ§Ù†Ø© Ø£Ø¹Ø¯Ø§Ø¡ #Ø£Ù‡Ù„_Ø§Ù„Ø¨ÙŠØª Ø¹,1,554.0,703.0,3558.0,False,April 2011,Iraq,,https://pbs.twimg.com/profile_images/2001266107307716608/uR5QrmOd_normal.png,,"I await the promised day of #justice (and the day when the oppressor bites his hands and says, â€œI wish I had taken a path with the Messengerâ€) to see the position of the enemies of the #AhlulBayt.",Dr. Ali Alshekarchi,1,0.6261161593915799,0.37388384060842,0.6261161593915799,,0.37388384060842
a_hossainy,Ø£Ø­Ù…Ø¯ Ø­Ø³ÙŠÙ†ÙŠ î¨€ ğŸ‡µğŸ‡¸,Ø´Ø§Ø° Ù…Ù† Ø´ÙˆØ§Ø° Ù‡Ø°Ù‡ Ø§Ù„Ø£Ù…Ø©ØŒ ÙƒÙ…Ø§ ÙˆØµÙÙ‡Ù… Ø§Ù„Ø²Ù‡Ø§Ø±ØŒ Ù…Ù…Ù† ÙØ±Ø­ÙˆØ§ Ø¨Ù…Ù‚ØªÙ„ Ø´Ù‡ÙŠØ¯ Ø§Ù„Ù‚Ø¯Ø³ Ø´Ù‡ÙŠØ¯ Ø§Ù„Ù‚Ø¯Ø³ Ø´Ù‡ÙŠØ¯ Ø§Ù„Ù‚Ø¯Ø³ Ù‚Ø§Ø³Ù… Ø³Ù„ÙŠÙ…Ø§Ù†ÙŠØŒ ÙƒÙ…Ø§ ÙˆØµÙÙ‡ Ù‡Ù†ÙŠØ©.  #FreePalestine   #FreeUyghurs,1,1302.0,888.0,,False,October 2011,Egypt,,https://pbs.twimg.com/profile_images/2001266107307716608/uR5QrmOd_normal.png,,"One of the abnormalities of this nation, as Al-Zahar described them, who rejoiced at the killing of the martyr of Jerusalem, the martyr of Jerusalem, the martyr of Jerusalem, Qassem Soleimani, as described by Haniyeh.  #FreePalestine #FreeUyghurs",Ahmed Hosseini î¨€ ğŸ‡µğŸ‡¸,1,0.6297248603402246,0.3702751396597754,0.6297248603402246,,0.3702751396597754
alighadimiai,Ali Ghadimi,Data Scientist | Ex-BBC Journalist | OSINT & Forensic Journalism | AI & Python Developer,1,57.0,86.0,18.0,False,October 2009,"London, UK",,https://pbs.twimg.com/profile_images/2001266107307716608/uR5QrmOd_normal.png,,Data Scientist | Ex-BBC Journalist | OSINT & Forensic Journalism | AI & Python Developer,Ali Ghadimi,1,0.6313589417675207,0.3686410582324793,0.6313589417675207,,0.3686410582324793
_aj_johnstone,Al Johnstone (AJ),Documentary filmmaker - shooting producer/director |  @BAFTA  Connect |  @NFTSFilmTV,1,674.0,2787.0,1440.0,False,June 2012,"London, England",,https://pbs.twimg.com/profile_images/2001266107307716608/uR5QrmOd_normal.png,,Documentary filmmaker - shooting producer/director |  @BAFTA  Connect |  @NFTSFilmTV,Al Johnstone (AJ),1,0.6317160022383799,0.3682839977616201,0.6317160022383799,,0.3682839977616201
aajavoices,AAJA Voices,@AAJA 's multimedia journalism training fellowship for college and graduate students. Meet our #AAJA22 class:  aajavoices.org/losangeles2022/,0,1904.0,583.0,2743.0,False,July 2009,"Los Angeles, CA",,https://pbs.twimg.com/profile_images/2001266107307716608/uR5QrmOd_normal.png,,@AAJA 's multimedia journalism training fellowship for college and graduate students. Meet our #AAJA22 class:  aajavoices.org/losangeles2022/,AAJA Voices,1,0.6318063847160018,0.3681936152839982,0.6318063847160018,,0.3681936152839982
alahly,â€Ø§Ù„Ù†Ø§Ø¯ÙŠ Ø§Ù„Ø£Ù‡Ù„ÙŠ,Ù…Ø±Ø­Ø¨Ù‹Ø§ Ø¨ÙƒÙ… ÙÙŠ Ø§Ù„Ø­Ø³Ø§Ø¨ Ø§Ù„Ø±Ø³Ù…ÙŠ Ù„Ù„Ù†Ø§Ø¯ÙŠ Ø§Ù„Ø£Ù‡Ù„ÙŠ Ù†Ø§Ø¯ÙŠ Ø§Ù„Ù‚Ø±Ù† Ø§Ù„Ø¥ÙØ±ÙŠÙ‚ÙŠØŒ Welcome |   @AlAhlyEnglish  Bienvenue |   @AlAhlyFrancais,0,,37.0,1400.0,False,March 2013,"Cairo, Egypt",,https://pbs.twimg.com/profile_images/2001266107307716608/uR5QrmOd_normal.png,,"Welcome to the official account of Al-Ahly Club, Club of the Horn of Africa, Welcome |   @AlAhlyEnglish Bienvenue |   @AlAhlyFrancais",Al-Ahly Club,0,0.6322846807388204,0.6322846807388204,0.3677153192611796,,0.3677153192611796
affgnl,AFFG,Great players need a Great Management,0,150.0,101.0,699.0,False,January 2017,"Gelderland, Nederland",,https://pbs.twimg.com/profile_images/2001266107307716608/uR5QrmOd_normal.png,,Great players need a Great Management,Africa,1,0.6325896625725177,0.3674103374274823,0.6325896625725177,,0.3674103374274823
_miaswart,Mia Swart,"Former Producer Al Jazeera, Visiting Prof Wits Law School, International Criminal Law, Transitional Justice",1,1073.0,1084.0,3859.0,False,April 2018,Doha,,https://pbs.twimg.com/profile_images/2001266107307716608/uR5QrmOd_normal.png,,"Former Producer Al Jazeera, Visiting Prof Wits Law School, International Criminal Law, Transitional Justice",Mia Swart,1,0.632994850799318,0.3670051492006819,0.632994850799318,,0.3670051492006819
afra7172,Afra,,1,8.0,178.0,1.0,False,July 2025,,,https://pbs.twimg.com/profile_images/2001266107307716608/uR5QrmOd_normal.png,,,Afra,1,0.6331474115672022,0.3668525884327978,0.6331474115672022,,0.3668525884327978
500womensci,500 Women Scientists,"We aim to serve society by making science open, inclusive, and accessible. Also  @500womensci  on Instagram and Facebook.",0,,1832.0,500.0,False,November 2016,"Washington, DC",,https://pbs.twimg.com/profile_images/2001266107307716608/uR5QrmOd_normal.png,,"We aim to serve society by making science open, inclusive, and accessible. Also  @500womensci  on Instagram and Facebook.",500 Women Scientists,1,0.6343918361407315,0.3656081638592685,0.6343918361407315,,0.3656081638592685
allawati,Abbas Al Lawati,"Middle East Editor  @CNN . Ex- @business . Usual caveats apply. Pic in banner is Muttrah, Oman.",1,7828.0,2389.0,,False,May 2009,The Gulf,,https://pbs.twimg.com/profile_images/2001266107307716608/uR5QrmOd_normal.png,,"Middle East Editor  @CNN . Ex- @business . Usual caveats apply. Pic in banner is Muttrah, Oman.",Abbas Al Lawati,1,0.6375886091420198,0.3624113908579802,0.6375886091420198,,0.3624113908579802
alihars6,Ø³Ø¨Ø²ÛŒ Ù¾Ù„Ùˆ Ø¨Ø§ Ù…Ø§Ù‡ÛŒ,Ø¨Ø±Ø§ÛŒ Ø¢Ø²Ø§Ø¯ÛŒ,1,155.0,304.0,183.0,False,October 2021,,,https://pbs.twimg.com/profile_images/2001266107307716608/uR5QrmOd_normal.png,,for freedom,Vegetable pilaf with fish,1,0.6377146119751337,0.3622853880248663,0.6377146119751337,,0.3622853880248663
agha_xavier2,Ø®Ø§ÙˆÛŒØ± Ù¾Ø±Ø² Ø¯Ú©ÙˆØ¦ÛŒØ§Ø± R.I.P,Ù‡Ù…ÙˆØ§Ø±Ù‡ Ù…Ø´Ø±ÙˆØ·Ù‡â€ŒØ®ÙˆØ§Ù‡. ÙˆÙØ§Ø¯Ø§Ø± Ø¨Ù‡: Ø´Ø§Ù‡ØŒ Ù…ÛŒÙ‡Ù†ØŒ Ø¢Ø²Ø§Ø¯ÛŒ,1,5940.0,665.0,1303.0,False,June 2018,Ø±ÙˆÛŒ Ø¯Ø± Ø¯ÛŒÙˆØ§Ø± Ù‡Ø¬Ø±Ø§Ù†,,https://pbs.twimg.com/profile_images/2001266107307716608/uR5QrmOd_normal.png,,"Always constitutionalist. Loyal to: king, country, freedom",Javier Perez Decoyar R.I.P,1,0.6377146119751337,0.3622853880248663,0.6377146119751337,,0.3622853880248663
4zk79e91ywvxni2,ĞœĞ°Ğ´Ğ¸Ğ½Ğ°,Ğ¥Ğ°Ğ»Ñ‹Ò› ÑƒÑˆÑ–Ğ½ Ğ±Ğ¾Ğ»Ğ°ÑˆĞ°Ò› Ò¯ÑˆÑ–Ğ½ Ğ°ÑĞ½Ğ±Ğ°Ğ¹ ĞµÒ£Ğ±ĞµĞº ĞµÑ‚ĞµĞ¼!,1,11.0,118.0,18.0,False,March 2019,Kazakhstan,,https://pbs.twimg.com/profile_images/2001266107307716608/uR5QrmOd_normal.png,,I will work tirelessly for the future of the people!,Medina,1,0.6387550300049052,0.3612449699950948,0.6387550300049052,,0.3612449699950948
alikarimdoost91,Ø¹Ù„ÛŒ Ú©Ø±ÛŒÙ…Ø¯ÙˆØ³Øª Ù¾Ù‡Ù…Ø¯Ø§Ù†ÛŒ,Ù¾ÛŒØ¬ Ø§ØµÙ„ÛŒ Ø¹Ù„ÛŒ Ú©Ø±ÛŒÙ…Ø¯ÙˆØ³Øª Ù¾Ù‡Ù…Ø¯Ø§Ù†ÛŒ,0,554.0,7490.0,4649.0,False,September 2025,"Irani, Brasil",,https://pbs.twimg.com/profile_images/2001266107307716608/uR5QrmOd_normal.png,,Main page of Ali Karimdoost Pahmdani,Ali Karimdoost Pahmdani,1,0.6389678198492571,0.3610321801507429,0.6389678198492571,,0.3610321801507429
abdeekalantari,Abdee Kalantari,Ø¹Ø¨Ø¯ÛŒ Ú©Ù„Ø§Ù†ØªØ±ÛŒ --- abdee-kalantari.blogspot.com nilgoon.org vimeo.com/user5224333,1,5015.0,1583.0,1290.0,False,October 2014,,,https://pbs.twimg.com/profile_images/2001266107307716608/uR5QrmOd_normal.png,,Abdee Kalantari --- abdee-kalantari.blogspot.com nilgoon.org vimeo.com/user5224333,Abde Clannerry,1,0.6407329695314969,0.359267030468503,0.6407329695314969,,0.359267030468503
adelphiedizioni,Adelphi Edizioni,Casa editrice fondata nel 1962.,0,,1528.0,5047.0,False,March 2011,Milano,,https://pbs.twimg.com/profile_images/2001266107307716608/uR5QrmOd_normal.png,,Publishing house founded in 1962.,Adelphi Editions,1,0.6417196214845009,0.3582803785154991,0.6417196214845009,,0.3582803785154991
alir33al,Ali,â—‰âƒ¤,1,0.0,70.0,0.0,False,March 2025,,,https://pbs.twimg.com/profile_images/2001266107307716608/uR5QrmOd_normal.png,,â—‰âƒ¤,Ali,1,0.6417789590148618,0.3582210409851382,0.6417789590148618,,0.3582210409851382
a9b9e3m1,Ali Erfani,,1,1.0,83.0,0.0,False,May 2021,,,https://pbs.twimg.com/profile_images/2001266107307716608/uR5QrmOd_normal.png,,,Ali Erfani,1,0.6417789590148618,0.3582210409851382,0.6417789590148618,,0.3582210409851382
akiali43488770,Aki Ali,,1,0.0,48.0,0.0,False,November 2022,,,https://pbs.twimg.com/profile_images/2001266107307716608/uR5QrmOd_normal.png,,,Aki Ali,1,0.6417789590148618,0.3582210409851382,0.6417789590148618,,0.3582210409851382
aliiorgi,âœªALIâœª,Ø§Ùˆ Ù…ÛŒÚ©Ø´Ø¯ Ù‚Ù„Ø§Ø¨ Ø±Ø§...,1,722.0,746.0,7052.0,False,September 2024,Bu,,https://pbs.twimg.com/profile_images/2001266107307716608/uR5QrmOd_normal.png,,He pulls the hook...,âœªALIâœª,1,0.6417789590148618,0.3582210409851382,0.6417789590148618,,0.3582210409851382
aasangari,Ali A. Sangari,,1,200.0,5518.0,36.0,False,March 2012,,,https://pbs.twimg.com/profile_images/2001266107307716608/uR5QrmOd_normal.png,,,Ali A. Sangari,1,0.6417789590148618,0.3582210409851382,0.6417789590148618,,0.3582210409851382
ali__darghahi,ali,,1,4.0,27.0,2.0,False,September 2022,,,https://pbs.twimg.com/profile_images/2001266107307716608/uR5QrmOd_normal.png,,,ali,1,0.6417789590148618,0.3582210409851382,0.6417789590148618,,0.3582210409851382
alimarouf153082,Ali,,1,241.0,3122.0,2584.0,False,December 2024,,,https://pbs.twimg.com/profile_images/2001266107307716608/uR5QrmOd_normal.png,,,Ali,1,0.6417789590148618,0.3582210409851382,0.6417789590148618,,0.3582210409851382
alimokhtari102,Ali Mokhtari,Almost Architect. Ø¨Ù†Ø¯Ù‡Ø¡ Ú†Ø§ÛŒ(Ø¨Ù‡ Ø¬Ø² Ú†Ø§ÛŒ Ú©ÛŒØ³Ù‡â€ŒØ§ÛŒ.),1,82.0,148.0,1401.0,False,April 2021,,,https://pbs.twimg.com/profile_images/2001266107307716608/uR5QrmOd_normal.png,,Almost Architect. Tea bags (except tea bags),Ali Mokhtari,1,0.6417789590148618,0.3582210409851382,0.6417789590148618,,0.3582210409851382
alinezhadi5,Ali Nezhadi,,1,64.0,1021.0,0.0,False,August 2021,,,https://pbs.twimg.com/profile_images/2001266107307716608/uR5QrmOd_normal.png,,,Ali Nezhadi,1,0.6417789590148618,0.3582210409851382,0.6417789590148618,,0.3582210409851382
a_01_2024,Ali,,1,48.0,454.0,159.0,False,February 2025,,,https://pbs.twimg.com/profile_images/2001266107307716608/uR5QrmOd_normal.png,,,Ali,1,0.6417789590148618,0.3582210409851382,0.6417789590148618,,0.3582210409851382
alihoseini692,Ali Hoseini,Ø§Ø®Ù„Ø§Ù‚ Ù†ÛŒÚ© Ø› Ú©Ø±Ø¯Ø§Ø± Ù†ÛŒÚ© Ø› Ù¾Ù†Ø¯Ø§Ø± Ù†ÛŒÚ©,1,6.0,107.0,4.0,False,January 2020,Ù…Ø´Ù‡Ø¯ Ù…Ù‚Ø¯Ø³ Ø§ÛŒØ±Ø§Ù†,,https://pbs.twimg.com/profile_images/2001266107307716608/uR5QrmOd_normal.png,,good manners; good character; Pindar the righteous,Ali Hoseini,1,0.6417789590148618,0.3582210409851382,0.6417789590148618,,0.3582210409851382
alih1039071,Ali H,,1,0.0,10.0,0.0,False,November 2025,,,https://pbs.twimg.com/profile_images/2001266107307716608/uR5QrmOd_normal.png,,,Ali H,1,0.6417789590148618,0.3582210409851382,0.6417789590148618,,0.3582210409851382
alighasemi0011,Ali Ghasemi,Be your self,1,51.0,98.0,1381.0,False,May 2025,Iran,,https://pbs.twimg.com/profile_images/2001266107307716608/uR5QrmOd_normal.png,,Be your self,Ali Ghasemi,1,0.6417789590148618,0.3582210409851382,0.6417789590148618,,0.3582210409851382
ali12793587,Ali,,1,0.0,1.0,0.0,False,January 2022,,,https://pbs.twimg.com/profile_images/2001266107307716608/uR5QrmOd_normal.png,,,Ali,1,0.6417789590148618,0.3582210409851382,0.6417789590148618,,0.3582210409851382
ali41766,Ali Yalcin,,1,2.0,40.0,0.0,False,December 2025,,,https://pbs.twimg.com/profile_images/2001266107307716608/uR5QrmOd_normal.png,,,Ali Yalcin,1,0.6417789590148618,0.3582210409851382,0.6417789590148618,,0.3582210409851382
ali_shahoum,Ali,newOne,1,9.0,190.0,14.0,False,November 2016,Islamic Republic of Iran,,https://pbs.twimg.com/profile_images/2001266107307716608/uR5QrmOd_normal.png,,newOne,Ali,1,0.6417789590148618,0.3582210409851382,0.6417789590148618,,0.3582210409851382
aliabz429014,Ali Abz,,1,27.0,563.0,0.0,False,October 2024,,,https://pbs.twimg.com/profile_images/2001266107307716608/uR5QrmOd_normal.png,,,Ali Abz,1,0.6417789590148618,0.3582210409851382,0.6417789590148618,,0.3582210409851382
ali_esmaili99,Ali.Esmaili,,1,0.0,31.0,1.0,False,December 2025,,,https://pbs.twimg.com/profile_images/2001266107307716608/uR5QrmOd_normal.png,,,Ali.Esmaili,1,0.6417789590148618,0.3582210409851382,0.6417789590148618,,0.3582210409851382
aliabc1500,Ali,,1,58.0,203.0,8.0,False,September 2025,,,https://pbs.twimg.com/profile_images/2001266107307716608/uR5QrmOd_normal.png,,,Ali,1,0.6417789590148618,0.3582210409851382,0.6417789590148618,,0.3582210409851382
ali94185358,Ali,Wanted to gay marriage,1,8.0,62.0,3.0,False,October 2019,,,https://pbs.twimg.com/profile_images/2001266107307716608/uR5QrmOd_normal.png,,Wanted to gay marriage,Ali,1,0.6417789590148618,0.3582210409851382,0.6417789590148618,,0.3582210409851382
ali_ghm1993,Ali Ghiamy,,1,7.0,669.0,19.0,False,July 2024,,,https://pbs.twimg.com/profile_images/2001266107307716608/uR5QrmOd_normal.png,,,Ali Ghiamy,1,0.6417789590148618,0.3582210409851382,0.6417789590148618,,0.3582210409851382
ali_babaa1234,Ali,,1,1.0,34.0,0.0,False,September 2024,,,https://pbs.twimg.com/profile_images/2001266107307716608/uR5QrmOd_normal.png,,,Ali,1,0.6417789590148618,0.3582210409851382,0.6417789590148618,,0.3582210409851382
ali_bitarafan5,Ø¹Ù„ÛŒ Ø¨ÛŒØ·Ø±ÙØ§Ù†,Ø¨Ø§Ø¨Ø§ Ø²Ø´ØªÙ‡ Ø¢Ù‚Ø§ÛŒ Ø§ØµØºØ±ØŒ Ù…Ù†Ùˆ Ù…ÛŒâ€ŒØªØ±Ø³ÙˆÙ†ÛŒ Ø§Ø² Ø¯ÙˆØªØ§ Ú¯Ù„ÙˆÙ„Ù‡ØŸ!,1,,3941.0,1332.0,False,June 2017,Ø¬Ù…Ù‡ÙˆØ±ÛŒ Ø§Ø³Ù„Ø§Ù…ÛŒ Ø§ÛŒØ±Ø§Ù†,,https://pbs.twimg.com/profile_images/2001266107307716608/uR5QrmOd_normal.png,,"Ugly father, Mr. Asghar, are you scaring me with two bullets?!",Ali Bitarfan,1,0.6417789590148618,0.3582210409851382,0.6417789590148618,,0.3582210409851382
ali_arsalan72,Ali Arsalan,,1,32.0,9.0,0.0,False,July 2018,,,https://pbs.twimg.com/profile_images/2001266107307716608/uR5QrmOd_normal.png,,,Ali Arsalan,1,0.6417789590148618,0.3582210409851382,0.6417789590148618,,0.3582210409851382
ahmadalirezaei,#Ø§Ø­Ù…Ø¯Ø¹Ù„ÛŒ Ø±Ø¶Ø§ÛŒÛŒ Ø§Ø³Ø¯Ø¢Ø¨Ø§Ø¯ÛŒ,#ÙØ¯Ø§ÛŒÛŒ_Ø§Ù…Ø§Ù…_Ø®Ø§Ù…Ù†Ù‡_Ø§ÛŒ_Ù…Ø¯Ø¸Ù„Ù‡_Ø§Ù„Ø¹Ø§Ù„ÛŒ  #Ø·Ù„Ø¨Ù‡_Ø³Ø·Ø­_Ú†Ù‡Ø§Ø±_Ø­ÙˆØ²Ù‡_Ø¹Ù„Ù…ÛŒÙ‡  #Ø¯Ú©ØªØ±Ø§ÛŒ_Ú©Ù„Ø§Ù…_Ø§Ø³Ù„Ø§Ù…ÛŒ_Ø¨Ø§_Ú¯Ø±Ø§ÛŒØ´_Ù†Ù‚Ø¯_ÙˆÙ‡Ø§Ø¨ÛŒØª,1,1270.0,2326.0,1792.0,False,December 2018,Ù‚Ù…,,https://pbs.twimg.com/profile_images/2001266107307716608/uR5QrmOd_normal.png,,#Fadaei_Imam_Khamene_A_Madazlah_Al-Ali #student_level_of_the_university_of_the_universe #Doctor_of_Islamic_theology_with_a_criticism_of_Wahhabism,# Ahmad Ali Rezaei Asadabadi,1,0.6417789590148618,0.3582210409851382,0.6417789590148618,,0.3582210409851382
aliiiiinaderi8,ğŸŒ‹Ali Naderi,,1,18.0,645.0,0.0,False,July 2025,,,https://pbs.twimg.com/profile_images/2001266107307716608/uR5QrmOd_normal.png,,,ğŸŒ‹Ali Naderi,1,0.6417789590148618,0.3582210409851382,0.6417789590148618,,0.3582210409851382
